   This run of MOLCAS is using the pymolcas driver

                             OPE
                             OPE          NMOL  CASOP  ENMOLC A   SO
                 OPE        NMOLC        AS  OP EN  MO LC     AS  OP
                OPENM       OL CA        SO  PE NM  OL CA     SOP EN
                OP EN      MO   LC       AS  OP ENMOL  CASO   PENMOL
                OP  EN     MO   LC       AS  OP EN     MO     LC ASO
               OP   E  NMOL  C  AS       OP  EN MO     LC     AS  OP
               OP  E   NMO   LC AS        OPEN  MO     LCASOP EN   M
               O  PEN   MO  LCA  SO
            OPE   NMO   L   CAS    OP
        OPENMOL  CASOP     ENMOL   CASOPE
     OPENMOLCA   SOPENMOLCASOPEN   MOLCASOPE
    OPENMOLCAS   OP           EN   MOL    CAS
    OPENMOLCAS       OP  ENM        O     LCA
    OPENMOLCAS    OPEN  MOLCASO     P  E  NMO
    OPENMOLCAS     OP               E  N  MOL
    OPENMOLCA   SO           PENM   O  L  CAS    OPEN    MO    LCAS
    OPENMOLCA   SOP           ENM   O  L  CAS   OP  EN  MOLC  AS   O
    OPENMOLCA   SOPE           NM      O  LCA   S      OP  EN MO
    OPENMOLC                AS         O  PEN   M      OL  CA  SOPE
    OPENMO        LCASOPE  NMOL        C  ASO   P      ENMOLC     AS
    OPE     NMO      LCA  SO     P     E   NM   OL  CA SO  PE N   MO
          OPENMOLCA            SOPE   NMO        LCAS  O    P  ENMO
     OPENMOLCASOPENMOLCASOPENMOLCASOPENMOLCA
        OPENMOLCASOPENMOLCASOPENMOLCASOPE
            OPENMOLCASOPENMOLCASOPENM
               OPENMOLCASOPENMOLCA        version: 25.06
                   OPENMOLCASO
                       OPE                tag: 11-g68f4bcacc

 OpenMolcas is free software; you can redistribute it and/or modify it
 under the terms of the GNU Lesser General Public License version 2.1.
 OpenMolcas is distributed in the hope that it will be useful, but it
 is provided "as is" and without any express or implied warranties.
 For more details see the full text of the license in the file
 LICENSE or in <http://www.gnu.org/licenses/>.

                 Copyright (C) The OpenMolcas Authors
           For the author list and the recommended citation,
                   consult the file CONTRIBUTORS.md

           *************************************************
           * pymolcas version py2.29                       *
           *   build c0481229b6f3f65ed2c83878be511d3d      *
           *   (after the EMIL interpreter by V. Veryazov) *
           *************************************************

configuration info
------------------
Host name: Tarhuna (Linux)
C Compiler ID: GNU
C flags: -std=gnu99
Fortran Compiler ID: GNU
Fortran flags: -cpp -fdefault-integer-8 -fmax-stack-var-size=1048576
Definitions: _MOLCAS_;_I8_;_LINUX_
Parallel: OFF (GA=OFF)


   ---------------------------------------------------------------------------------------
  |
  |           Project: thiophene_dyson
  |    Submitted from: /home/adrian/projects/Kallen/runs/thiophene
  |      Scratch area: /home/adrian/projects/Kallen/runs/thiophene/scratch_thiophene_dyson
  |   Save outputs to: /home/adrian/projects/Kallen/runs/thiophene
  |            Molcas: /home/adrian/programs/molcas/otherversions/OM_latest
  |
  | Scratch area is empty
  |
  |    MOLCAS_DRIVER = /home/adrian/programs/molcas/otherversions/OM_latest/pymolcas
  |    MOLCAS_NPROCS = 1
  |    MOLCAS_SOURCE = /home/adrian/programs/molcas/dev/openmolcas.latest
  | MOLCAS_STRUCTURE = 0
  |
   ---------------------------------------------------------------------------------------

++ ---------   Input file   ---------

&GATEWAY
  coord = thiophene_opt.Opt.xyz
  basis = cc-pVDZ
  group = c1

&SEWARD

&SCF

&RASSCF
  Title    = thiophene neutral CAS(10,10)
  Spin     = 1
  Charge   = 0
  nActEl   = 10 0 0
  Inactive = 17
  Ras2     = 10
  CIRoot   = 1 1 1

>>> COPY $Project.rasscf.molden thiophene_neutral.rasscf.molden

>>> COPY $Project.JobIph JOB001

&CASPT2
  Title      = CASPT2 on the neutral reference
  Multistate = 1 1
  Imaginary  = 0.1

&RASSCF
  Title    = thiophene cation CAS(9,10), 10 roots
  Spin     = 2
  Charge   = 1
  nActEl   = 9 0 0
  Inactive = 17
  Ras2     = 10
  CIRoot   = 10 10 1

>>> COPY $Project.JobIph JOB002

&CASPT2
  Title      = XMS-CASPT2 on the cation doublets
  XMultistate = 10 1 2 3 4 5 6 7 8 9 10
  Imaginary  = 0.1

&RASSI
  NrOfJobIphs = 2  1 10
  1
  1 2 3 4 5 6 7 8 9 10
  DYSOn
  DYSExport
  1 0

-- ----------------------------------

--- Start Module: gateway at Wed Sep 23 20:42:12 2026 ---

()()()()()()()()()()()()()()()()()()()()()()()()()()()()()()()()()()()()()()()()()()()()()()()()()()

                                              &GATEWAY

                                   only a single process is used
                       available to each process: 2.0 GB of memory, 1 thread?
                                            pid: 2762436
()()()()()()()()()()()()()()()()()()()()()()()()()()()()()()()()()()()()()()()()()()()()()()()()()()


++    Symmetry information:
      ---------------------

                    Character Table for C1 

                             E  
                    a        1  x, y, xy, Rz, z, xz, Ry, yz, Rx, I
--


++    Basis set information:
      ----------------------


      Basis set label: S.CC-PVDZ.........

      Electronic valence basis set:
      ------------------
      Associated Effective Charge  16.000000 au
      Associated Actual Charge     16.000000 au
      Nuclear Model: Point charge

      Shell  nPrim  nBasis  Cartesian Spherical Contaminant
         s      12       4        X                  
         p       8       3        X                  
         d       1       1                 X         


      Basis set label: C.CC-PVDZ.........

      Electronic valence basis set:
      ------------------
      Associated Effective Charge   6.000000 au
      Associated Actual Charge      6.000000 au
      Nuclear Model: Point charge

      Shell  nPrim  nBasis  Cartesian Spherical Contaminant
         s       9       3        X                  
         p       4       2        X                  
         d       1       1                 X         


      Basis set label: H.CC-PVDZ.........

      Electronic valence basis set:
      ------------------
      Associated Effective Charge   1.000000 au
      Associated Actual Charge      1.000000 au
      Nuclear Model: Point charge

      Shell  nPrim  nBasis  Cartesian Spherical Contaminant
         s       4       2        X                  
         p       1       1        X                  
--


++    Molecular structure info:
      -------------------------

                    ************************************************ 
                    **** Cartesian Coordinates / bohr, angstrom **** 
                    ************************************************ 

     Center  Label                x              y              z                     x              y              z
        1      S1               0.574748       3.295424      -0.271049              0.304144       1.743863      -0.143433
        2      C2               2.496431       0.632076      -0.184082              1.321054       0.334480      -0.097412
        3      C3               1.102874      -1.538588       0.050626              0.583616      -0.814186       0.026790
        4      C4              -1.557028      -1.065389       0.163574             -0.823944      -0.563780       0.086560
        5      C5              -2.132337       1.455527       0.012354             -1.128384       0.770232       0.006537
        6      H6               4.538712       0.832866      -0.311713              2.401783       0.440734      -0.164951
        7      H7               1.942168      -3.418447       0.140640              1.027751      -1.808964       0.074423
        8      H8              -2.981799      -2.542473       0.349681             -1.577900      -1.345419       0.185043
        9      H9              -3.983769       2.349005       0.049968             -2.108120       1.243040       0.026442

                    *************************************** 
                    *    InterNuclear Distances / bohr    * 
                    *************************************** 

               1 S1            2 C2            3 C3            4 C4            5 C5            6 H6    
    1 S1       0.000000
    2 C2       3.285399        0.000000
    3 C3       4.873403        2.590148        0.000000
    4 C4       4.873403        4.408262        2.704025        0.000000
    5 C5       3.285399        4.705544        4.408263        2.590148        0.000000
    6 H6       4.666782        2.056093        4.190473        6.402134        6.707877        0.000000
    7 H7       6.864065        4.101145        2.060676        4.216844        6.354028        5.002033
    8 H8       6.864064        6.354027        4.216844        2.060676        4.101144        8.269730
    9 H9       4.666781        6.707877        6.402134        4.190473        2.056093        8.663843

               7 H7            8 H8            9 H9    
    7 H7       0.000000
    8 H8       5.005644        0.000000
    9 H9       8.269731        5.002032        0.000000

                    ******************************************* 
                    *    InterNuclear Distances / angstrom    * 
                    ******************************************* 

               1 S1            2 C2            3 C3            4 C4            5 C5            6 H6    
    1 S1       0.000000
    2 C2       1.738558        0.000000
    3 C3       2.578894        1.370647        0.000000
    4 C4       2.578894        2.332752        1.430908        0.000000
    5 C5       1.738558        2.490067        2.332752        1.370647        0.000000
    6 H6       2.469555        1.088038        2.217503        3.387863        3.549656        0.000000
    7 H7       3.632307        2.170232        1.090463        2.231458        3.362407        2.646962
    8 H8       3.632306        3.362406        2.231458        1.090463        2.170232        4.376153
    9 H9       2.469554        3.549656        3.387863        2.217503        1.088038        4.584708

               7 H7            8 H8            9 H9    
    7 H7       0.000000
    8 H8       2.648873        0.000000
    9 H9       4.376153        2.646962        0.000000

                    ************************************** 
                    *    Valence Bond Angles / degree    * 
                    ************************************** 
                          Atom centers                 Phi
                      3 C3       2 C2       6 H6       128.45
                      2 C2       3 C3       4 C4       112.73
                      2 C2       3 C3       7 H7       123.32
                      4 C4       3 C3       7 H7       123.95
                      3 C3       4 C4       5 C5       112.73
                      3 C3       4 C4       8 H8       123.95
                      5 C5       4 C4       8 H8       123.32
                      4 C4       5 C5       9 H9       128.45

           ***************************************************************
           *              Valence Dihedral Angles / degree               *
           ***************************************************************
                    Atom centers                       Phi1     Phi2     Theta 
           6 H6       2 C2       3 C3       7 H7        128.45   123.32     0.00
           4 C4       3 C3       2 C2       6 H6        112.73   128.45   180.00
           2 C2       3 C3       4 C4       5 C5        112.73   112.73     0.00
           2 C2       3 C3       4 C4       8 H8        112.73   123.95  -180.00
           7 H7       3 C3       4 C4       8 H8        123.95   123.95    -0.00
           5 C5       4 C4       3 C3       7 H7        112.73   123.95  -180.00
           3 C3       4 C4       5 C5       9 H9        112.73   128.45   180.00
           8 H8       4 C4       5 C5       9 H9        123.32   128.45     0.00
--


            Nuclear Potential Energy            201.25526749 au

--- Stop Module: gateway at Wed Sep 23 20:42:12 2026 /rc=_RC_ALL_IS_WELL_ ---
*** files: xmldump
    saved to directory /home/adrian/projects/Kallen/runs/thiophene

--- Start Module: seward at Wed Sep 23 20:42:12 2026 ---

()()()()()()()()()()()()()()()()()()()()()()()()()()()()()()()()()()()()()()()()()()()()()()()()()()

                                              &SEWARD

                                   only a single process is used
                       available to each process: 2.0 GB of memory, 1 thread?
                                            pid: 2762439
()()()()()()()()()()()()()()()()()()()()()()()()()()()()()()()()()()()()()()()()()()()()()()()()()()

               SEWARD will generate:
                  Multipole Moment integrals up to order  2
                  Kinetic Energy integrals
                  Nuclear Attraction integrals (point charge)
                  One-Electron Hamiltonian integrals
                  Velocity integrals
                  Orbital angular momentum around (  0.2001   1.1471  -0.0944 )
                  Velocity quadrupole around (  0.2001   1.1471  -0.0944 )
                  Two-Electron Repulsion integrals

                   Integrals are discarded if absolute value <: 1.00E-14
                   Integral cutoff threshold is set to       <: 1.00E-16

            Nuclear Potential Energy            201.25526749 au


      Basis set specifications :
      Symmetry species         a  
      Basis functions           94


      Input file to MOLDEN was generated!

--- Stop Module: seward at Wed Sep 23 20:42:14 2026 /rc=_RC_ALL_IS_WELL_ ---
*** files: thiophene_dyson.GssOrb thiophene_dyson.guessorb.h5 thiophene_dyson.guessorb.molden xmldump
    saved to directory /home/adrian/projects/Kallen/runs/thiophene
--- Module seward spent 1 second ---

*** symbolic link created: INPORB -> thiophene_dyson.GssOrb
--- Start Module: scf at Wed Sep 23 20:42:14 2026 ---

()()()()()()()()()()()()()()()()()()()()()()()()()()()()()()()()()()()()()()()()()()()()()()()()()()

                                                &SCF

                                   only a single process is used
                       available to each process: 2.0 GB of memory, 1 thread?
                                            pid: 2762450
()()()()()()()()()()()()()()()()()()()()()()()()()()()()()()()()()()()()()()()()()()()()()()()()()()

++    Input section:
      --------------

      Header of the integral files:
      
       Integrals generated by Gateway/Seward, Wed Sep 23 20:42:12 2026


      Cartesian coordinates in angstrom:
      -----------------------------------------------------
      No.  Label        X            Y            Z        
      -----------------------------------------------------
       1   S1         0.30414372   1.74386315  -0.14343283
       2   C2         1.32105416   0.33448000  -0.09741189
       3   C3         0.58361575  -0.81418570   0.02678998
       4   C4        -0.82394357  -0.56377967   0.08655984
       5   C5        -1.12838407   0.77023183   0.00653748
       6   H6         2.40178300   0.44073375  -0.16495118
       7   H7         1.02775085  -1.80896436   0.07442340
       8   H8        -1.57789999  -1.34541882   0.18504322
       9   H9        -2.10811986   1.24303981   0.02644198
      -----------------------------------------------------
      Nuclear repulsion energy =  201.25526749
--

++    Orbital specifications:
      -----------------------

      Symmetry species               1
                                     a
      Frozen orbitals                0
      Occupied orbitals             22
      Secondary orbitals            72
      Deleted orbitals               0
      Total number of orbitals      94
      Number of basis functions     94
--

      Molecular charge                           0.000

++    Optimization specifications:
      ----------------------------

      SCF Algorithm: Conventional
      Minimized density differences are used
      Number of density matrices in core                 5
      Maximum number of NDDO SCF iterations            400
      Maximum number of HF SCF iterations              400
      Threshold for SCF energy change             1.00E-09
      Threshold for density matrix                1.00E-04
      Threshold for Fock matrix                   1.50E-04
      Threshold for linear dependence             1.00E-09
      Threshold at which DIIS is turned on        1.50E-01
      Maximum depth in the DIIS procedure                5
      Maximum depth in the BFGS Hessian update          30
      Threshold at which QNR/C2DIIS is turned on  7.50E-02
      Threshold for Norm(delta) (QNR/C2DIIS)      1.00E-03
      All orbitals punched on: SCFORB
--

      Input vectors read from INPORB
      Orbital file label: *Guess orbitals


++ Convergence information
                                   SCF        iterations: Energy and convergence statistics

Iter     Tot. SCF        One-elec.       Two-elec.     Energy      Max Dij or  Max Fij      DNorm      TNorm      AccCon     Time
         Energy          Energy          Energy        Change      Delta Norm                                                in Sec.
   1  -550.893444138 -1148.781417742   396.632706112   0.00E+00    3.01E-01*   1.25E-01*    9.70E+00   1.78E+02   None         0.
   2  -551.272783507 -1158.328556103   405.800505104  -3.79E-01*   1.16E-01*   5.01E-02*    3.43E+00   1.80E+02   EDIIS        0.
   3  -551.310633496 -1154.782602540   402.216701552  -3.78E-02*   6.81E-02*   1.57E-02*    1.41E+00   1.79E+02   c2DIIS       0.
   4  -551.318962695 -1156.038068606   403.463838419  -8.33E-03*   2.40E-02*   6.96E-03*    2.52E-01   1.79E+02   QNRc2DIIS    0.
   5  -551.319887121 -1155.874177888   403.299023275  -9.24E-04*   1.63E-02*   5.90E-03*    9.73E-02   1.79E+02   QNRc2DIIS    0.
   6  -551.320240994 -1155.920244613   403.344736127  -3.54E-04*   6.86E-03*   1.53E-03*    3.12E-02   1.79E+02   QNRc2DIIS    0.
   7  -551.320279727 -1155.962168988   403.386621769  -3.87E-05*   3.10E-03*   4.05E-04*    1.36E-02   1.79E+02   QNRc2DIIS    0.
   8  -551.320285707 -1155.946256828   403.370703629  -5.98E-06*   6.88E-04    2.35E-04*    6.96E-03   1.79E+02   QNRc2DIIS    0.
   9  -551.320286559 -1155.949885177   403.374331126  -8.52E-07*   8.41E-05    2.54E-05     1.14E-03   1.79E+02   QNRc2DIIS    0.
  10  -551.320286573 -1155.950998066   403.375444001  -1.41E-08*   3.03E-05    7.58E-06     1.79E-04   1.79E+02   QNRc2DIIS    0.
  11  -551.320286575 -1155.950653241   403.375099174  -2.09E-09*   8.14E-06    1.87E-06     6.63E-05   1.79E+02   QNRc2DIIS    0.
  12  -551.320286575 -1155.950616749   403.375062682  -1.06E-10    3.64E-06    6.41E-07     1.06E-04   1.79E+02   QNRc2DIIS    0.

       Convergence after  12 Iterations
--

 *****************************************************************************************************************************
 *                                                                                                                           *
 *                                             SCF/KS-DFT Program, Final results                                             *
 *                                                                                                                           *
 *                                                                                                                           *
 *                                                                                                                           *
 *                                                       Final Results                                                       *
 *                                                                                                                           *
 *****************************************************************************************************************************

::    Total SCF energy                               -551.3202865752
      One-electron energy                           -1155.9506167491
      Two-electron energy                             403.3750626818
      Nuclear repulsion energy                        201.2552674921
      Kinetic energy (interpolated)                   551.0858146982
      Virial theorem                                    1.0004254725
      Total spin, S(S+1)                                0.0000000000
      Total spin, S                                     0.0000000000
      Max non-diagonal density matrix element           0.0000040726
      Max non-diagonal Fock matrix element              0.0000004693


      All orbitals with orbital energies smaller than  E(LUMO)+0.5 are printed

++    Molecular orbitals:
      -------------------

      Title: SCF orbitals

      Molecular orbitals for symmetry species 1: a  

          Orbital            1         2         3         4         5         6         7         8         9        10    
          Energy          -91.9791  -11.2684  -11.2684  -11.2452  -11.2443   -8.9822   -6.6638   -6.6628   -6.6609   -1.1649
          Occ. No.          2.0000    2.0000    2.0000    2.0000    2.0000    2.0000    2.0000    2.0000    2.0000    2.0000

        1 S1     1s         1.0000    0.0000   -0.0000    0.0000    0.0000    0.0004   -0.0000   -0.0000    0.0000    0.0003
        2 S1     2s         0.0002    0.0000   -0.0002    0.0002    0.0000    1.0032    0.0000    0.0058   -0.0000   -0.0033
        3 S1     3s         0.0004    0.0000   -0.0006    0.0004    0.0000    0.0084   -0.0000   -0.0026    0.0000    0.4236
        4 S1     *s        -0.0008   -0.0000    0.0033   -0.0004   -0.0000   -0.0151    0.0000    0.0013   -0.0000   -0.0730
        5 S1     2px       -0.0000   -0.0001   -0.0000   -0.0000   -0.0000   -0.0011    0.9838    0.1712    0.0551    0.0012
        6 S1     3px       -0.0000   -0.0004   -0.0001   -0.0000   -0.0001   -0.0005    0.0014   -0.0001   -0.0001   -0.0253
        7 S1     *px        0.0001   -0.0004   -0.0002    0.0000    0.0001    0.0012   -0.0011    0.0000    0.0001    0.0097
        8 S1     2py       -0.0001    0.0000   -0.0001   -0.0000    0.0000   -0.0065   -0.1750    0.9819    0.0723    0.0071
        9 S1     3py       -0.0000    0.0001   -0.0003   -0.0001    0.0000   -0.0029   -0.0002   -0.0005   -0.0002   -0.1448
       10 S1     *py        0.0003    0.0001   -0.0010    0.0001   -0.0000    0.0068    0.0002    0.0003    0.0001    0.0558
       11 S1     2pz        0.0000    0.0000    0.0000    0.0000    0.0000    0.0005   -0.0417   -0.0808    0.9958   -0.0006
       12 S1     3pz        0.0000    0.0000    0.0000    0.0000    0.0000    0.0002   -0.0001    0.0000   -0.0021    0.0119
       13 S1     *pz       -0.0000    0.0000    0.0001   -0.0000   -0.0000   -0.0006    0.0000   -0.0000    0.0010   -0.0046
       14 S1     *d2-      -0.0000   -0.0002   -0.0000   -0.0000   -0.0000   -0.0000   -0.0008   -0.0002   -0.0000    0.0017
       15 S1     *d1-       0.0000    0.0000    0.0000    0.0000    0.0000    0.0000    0.0000    0.0001   -0.0003   -0.0032
       16 S1     *d0        0.0000   -0.0000    0.0002    0.0001   -0.0000    0.0003   -0.0000    0.0003    0.0000   -0.0216
       17 S1     *d1+       0.0000    0.0000    0.0000    0.0000    0.0000    0.0000    0.0001    0.0000   -0.0001   -0.0019
       18 S1     *d2+       0.0000   -0.0001    0.0000    0.0001   -0.0000    0.0001   -0.0003    0.0005    0.0000   -0.0052
       19 C2     1s        -0.0000   -0.7083    0.7073    0.0208   -0.0204   -0.0004   -0.0000    0.0001    0.0000   -0.0116
       20 C2     2s        -0.0001   -0.0057    0.0056    0.0008   -0.0005   -0.0011    0.0005   -0.0004   -0.0000    0.3811
       21 C2     *s         0.0003    0.0072   -0.0072   -0.0024    0.0022    0.0048   -0.0019    0.0009   -0.0000   -0.1050
       22 C2     2px        0.0000    0.0001   -0.0000   -0.0001    0.0000    0.0002   -0.0002    0.0003    0.0000   -0.1146
       23 C2     *px       -0.0002   -0.0013    0.0012    0.0008   -0.0009   -0.0022    0.0012   -0.0008   -0.0000    0.0346
       24 C2     2py       -0.0000   -0.0005    0.0004   -0.0001    0.0000   -0.0002    0.0003   -0.0003    0.0000   -0.0149
       25 C2     *py        0.0001   -0.0002   -0.0002    0.0008   -0.0006    0.0023   -0.0001   -0.0001   -0.0000    0.0052
       26 C2     2pz        0.0000    0.0000   -0.0000    0.0000   -0.0000    0.0000   -0.0000    0.0000    0.0001    0.0074
       27 C2     *pz       -0.0000    0.0001   -0.0001   -0.0001    0.0001   -0.0000   -0.0001    0.0001   -0.0001   -0.0023
       28 C2     *d2-       0.0000   -0.0003    0.0003    0.0001   -0.0001    0.0006   -0.0001    0.0002    0.0000   -0.0009
       29 C2     *d1-       0.0000    0.0000   -0.0000   -0.0000    0.0000    0.0000    0.0000   -0.0000    0.0000   -0.0017
       30 C2     *d0        0.0000    0.0003   -0.0003   -0.0002    0.0003    0.0003    0.0001   -0.0000   -0.0000   -0.0120
       31 C2     *d1+      -0.0000    0.0001   -0.0001   -0.0000    0.0001   -0.0000    0.0000   -0.0000    0.0000   -0.0009
       32 C2     *d2+       0.0000   -0.0003    0.0004    0.0001   -0.0002    0.0002   -0.0000    0.0002   -0.0000   -0.0036
       33 C3     1s        -0.0000   -0.0199    0.0202   -0.7077    0.7081   -0.0003   -0.0001   -0.0000   -0.0000   -0.0125
       34 C3     2s        -0.0001    0.0003   -0.0006   -0.0059    0.0066   -0.0010   -0.0003   -0.0001   -0.0000    0.3833
       35 C3     *s         0.0000   -0.0020    0.0022    0.0063   -0.0099    0.0012    0.0026   -0.0006    0.0000   -0.1239
       36 C3     2px       -0.0000    0.0000    0.0001   -0.0000   -0.0000   -0.0000    0.0000   -0.0000    0.0000   -0.0418
       37 C3     *px        0.0000   -0.0008    0.0002    0.0004    0.0014    0.0006   -0.0008   -0.0000    0.0000    0.0124
       38 C3     2py       -0.0000    0.0001   -0.0000    0.0000    0.0001   -0.0003    0.0001   -0.0001    0.0000    0.1113
       39 C3     *py       -0.0000   -0.0013    0.0011    0.0008   -0.0017    0.0002    0.0013   -0.0003    0.0000   -0.0421
       40 C3     2pz        0.0000   -0.0000   -0.0000    0.0000   -0.0000    0.0000   -0.0000    0.0000    0.0000   -0.0058
       41 C3     *pz       -0.0000    0.0001   -0.0001   -0.0001    0.0000   -0.0000   -0.0000    0.0000    0.0000    0.0024
       42 C3     *d2-      -0.0000   -0.0002    0.0000    0.0000   -0.0004   -0.0000   -0.0000   -0.0000    0.0000    0.0020
       43 C3     *d1-       0.0000   -0.0000    0.0000    0.0000   -0.0001   -0.0000   -0.0000    0.0000    0.0000   -0.0013
       44 C3     *d0       -0.0000   -0.0002    0.0001    0.0002   -0.0007   -0.0002   -0.0001   -0.0000   -0.0000   -0.0103
       45 C3     *d1+      -0.0000    0.0000    0.0000    0.0000   -0.0000   -0.0000   -0.0000   -0.0000    0.0000   -0.0012
       46 C3     *d2+       0.0000   -0.0002    0.0002    0.0003   -0.0002    0.0001   -0.0001    0.0001   -0.0000    0.0015
       47 C4     1s        -0.0000    0.0199    0.0202   -0.7077   -0.7081   -0.0003    0.0001   -0.0000    0.0000   -0.0125
       48 C4     2s        -0.0001   -0.0003   -0.0006   -0.0059   -0.0066   -0.0010    0.0003   -0.0001    0.0000    0.3833
       49 C4     *s         0.0000    0.0020    0.0022    0.0063    0.0099    0.0012   -0.0026   -0.0006   -0.0000   -0.1239
       50 C4     2px       -0.0000    0.0000   -0.0001    0.0000   -0.0000   -0.0000    0.0000   -0.0000    0.0000    0.0770
       51 C4     *px       -0.0000   -0.0003    0.0002   -0.0001    0.0019   -0.0005   -0.0012   -0.0001    0.0000   -0.0259
       52 C4     2py       -0.0000   -0.0001   -0.0000   -0.0000   -0.0000   -0.0003   -0.0001   -0.0001    0.0000    0.0902
       53 C4     *py        0.0000    0.0015    0.0011    0.0009    0.0011    0.0004   -0.0009   -0.0003    0.0000   -0.0352
       54 C4     2pz        0.0000    0.0000    0.0000   -0.0000    0.0000    0.0000    0.0000    0.0000    0.0000   -0.0108
       55 C4     *pz        0.0000   -0.0001   -0.0001   -0.0001   -0.0002   -0.0000    0.0001    0.0000    0.0000    0.0040
       56 C4     *d2-      -0.0000   -0.0003   -0.0001   -0.0002   -0.0004   -0.0000   -0.0000   -0.0001    0.0000   -0.0026
       57 C4     *d1-       0.0000    0.0000    0.0000    0.0000    0.0001   -0.0000    0.0000    0.0000    0.0000   -0.0012
       58 C4     *d0       -0.0000    0.0002    0.0001    0.0002    0.0007   -0.0002    0.0001   -0.0000   -0.0000   -0.0103
       59 C4     *d1+      -0.0000    0.0000    0.0000    0.0000    0.0001   -0.0000    0.0000    0.0000   -0.0000   -0.0008
       60 C4     *d2+       0.0000    0.0000    0.0001    0.0002   -0.0001    0.0001    0.0000    0.0001   -0.0000   -0.0002
       61 C5     1s        -0.0000    0.7073    0.7082    0.0208    0.0204   -0.0004    0.0000    0.0001   -0.0000   -0.0116
       62 C5     2s        -0.0001    0.0057    0.0056    0.0008    0.0005   -0.0011   -0.0005   -0.0004   -0.0000    0.3811
       63 C5     *s         0.0003   -0.0072   -0.0072   -0.0024   -0.0022    0.0048    0.0019    0.0009    0.0000   -0.1050
       64 C5     2px       -0.0000    0.0002    0.0002    0.0000    0.0000   -0.0002   -0.0002   -0.0004    0.0000    0.1027
       65 C5     *px        0.0002   -0.0011   -0.0012   -0.0005   -0.0006    0.0028    0.0012    0.0007   -0.0000   -0.0308
       66 C5     2py       -0.0000    0.0004    0.0003   -0.0001   -0.0000   -0.0001   -0.0002   -0.0001    0.0000   -0.0536
       67 C5     *py        0.0001    0.0007    0.0002    0.0011    0.0009    0.0014   -0.0003   -0.0004   -0.0000    0.0168
       68 C5     2pz        0.0000   -0.0000   -0.0000    0.0000   -0.0000    0.0000    0.0000    0.0000    0.0001   -0.0018
       69 C5     *pz       -0.0000    0.0000    0.0000   -0.0001   -0.0000   -0.0003   -0.0000   -0.0000   -0.0001    0.0005
       70 C5     *d2-      -0.0000   -0.0004   -0.0005   -0.0001   -0.0002   -0.0006   -0.0001   -0.0003    0.0000    0.0029
       71 C5     *d1-       0.0000   -0.0000   -0.0000   -0.0000   -0.0000    0.0001   -0.0000    0.0000    0.0000   -0.0018
       72 C5     *d0        0.0000   -0.0003   -0.0003   -0.0002   -0.0003    0.0003   -0.0001   -0.0000   -0.0000   -0.0120
       73 C5     *d1+       0.0000    0.0000   -0.0000   -0.0000   -0.0000    0.0001   -0.0000    0.0000   -0.0000   -0.0012
       74 C5     *d2+      -0.0000    0.0000    0.0001   -0.0000    0.0000   -0.0002   -0.0000    0.0000   -0.0000   -0.0022
       75 H6     1s        -0.0000    0.0007   -0.0008   -0.0002    0.0004   -0.0004    0.0000   -0.0001   -0.0000    0.0781
       76 H6     *s         0.0001   -0.0008    0.0010   -0.0002    0.0000    0.0009   -0.0002    0.0003   -0.0000   -0.0384
       77 H6     *px        0.0000   -0.0004    0.0004    0.0001   -0.0002    0.0000   -0.0001    0.0001    0.0000   -0.0078
       78 H6     *py       -0.0000    0.0001   -0.0000   -0.0000    0.0000   -0.0003    0.0001   -0.0000    0.0000   -0.0004
       79 H6     *pz        0.0000    0.0000   -0.0000   -0.0000    0.0000    0.0000    0.0000   -0.0000    0.0000    0.0005
       80 H7     1s        -0.0000   -0.0004    0.0002    0.0006   -0.0010   -0.0002    0.0000    0.0000   -0.0000    0.0754
       81 H7     *s         0.0000   -0.0000    0.0003   -0.0011    0.0008    0.0002    0.0004   -0.0001    0.0000   -0.0382
       82 H7     *px       -0.0000    0.0001   -0.0001   -0.0002    0.0002   -0.0000    0.0000   -0.0000   -0.0000   -0.0029
       83 H7     *py        0.0000   -0.0001    0.0001    0.0003   -0.0005   -0.0000   -0.0000    0.0000   -0.0000    0.0072
       84 H7     *pz        0.0000    0.0000   -0.0000   -0.0000    0.0000    0.0000    0.0000    0.0000   -0.0000   -0.0004
       85 H8     1s        -0.0000    0.0004    0.0002    0.0006    0.0010   -0.0002   -0.0000    0.0000   -0.0000    0.0754
       86 H8     *s         0.0000    0.0000    0.0003   -0.0011   -0.0008    0.0002   -0.0004   -0.0001   -0.0000   -0.0382
       87 H8     *px        0.0000    0.0001    0.0001    0.0003    0.0004    0.0000    0.0000    0.0000   -0.0000    0.0052
       88 H8     *py       -0.0000    0.0001    0.0000    0.0002    0.0004   -0.0000    0.0000    0.0000   -0.0000    0.0058
       89 H8     *pz       -0.0000   -0.0000   -0.0000   -0.0000   -0.0001   -0.0000   -0.0000   -0.0000   -0.0000   -0.0007
       90 H9     1s        -0.0000   -0.0007   -0.0008   -0.0002   -0.0004   -0.0004   -0.0000   -0.0001    0.0000    0.0781
       91 H9     *s         0.0001    0.0008    0.0010   -0.0002   -0.0000    0.0009    0.0002    0.0003    0.0000   -0.0384
       92 H9     *px       -0.0000   -0.0004   -0.0004   -0.0001   -0.0002   -0.0001   -0.0001   -0.0001    0.0000    0.0072
       93 H9     *py       -0.0000    0.0001    0.0001    0.0000    0.0000   -0.0002   -0.0000    0.0000    0.0000   -0.0031
       94 H9     *pz        0.0000    0.0000    0.0000    0.0000    0.0000    0.0000    0.0000    0.0000    0.0000   -0.0002

          Orbital           11        12        13        14        15        16        17        18        19        20    
          Energy           -0.9809   -0.9809   -0.7648   -0.7453   -0.6914   -0.5726   -0.5476   -0.5209   -0.5166   -0.4703
          Occ. No.          2.0000    2.0000    2.0000    2.0000    2.0000    2.0000    2.0000    2.0000    2.0000    2.0000

        1 S1     1s         0.0000   -0.0002    0.0000   -0.0000   -0.0008   -0.0000    0.0006    0.0000    0.0000    0.0025
        2 S1     2s        -0.0000    0.0023   -0.0010   -0.0000   -0.0040    0.0000    0.0026    0.0000    0.0000    0.0130
        3 S1     3s         0.0006   -0.6439   -0.4260    0.0000    0.1897    0.0000   -0.1373    0.0000   -0.0000   -0.2327
        4 S1     *s        -0.0001    0.0602   -0.0347    0.0000    0.0559    0.0000   -0.0559   -0.0000   -0.0000   -0.1629
        5 S1     2px        0.0061   -0.0008    0.0002    0.0067   -0.0006    0.0005    0.0001    0.0051    0.0002    0.0008
        6 S1     3px       -0.1771    0.0127   -0.0104   -0.3103    0.0359   -0.1192   -0.0093   -0.5967   -0.0281   -0.1348
        7 S1     *px        0.0565   -0.0050    0.0022    0.0950   -0.0084    0.0333    0.0007    0.1283    0.0027    0.0110
        8 S1     2py       -0.0011   -0.0043    0.0009   -0.0012   -0.0035   -0.0001    0.0007   -0.0009    0.0002    0.0046
        9 S1     3py        0.0314    0.0738   -0.0595    0.0552    0.2057    0.0212   -0.0535    0.1062   -0.0368   -0.7731
       10 S1     *py       -0.0100   -0.0287    0.0128   -0.0169   -0.0481   -0.0059    0.0042   -0.0228    0.0036    0.0633
       11 S1     2pz       -0.0003    0.0004   -0.0001   -0.0003    0.0003   -0.0000   -0.0001   -0.0002    0.0033   -0.0004
       12 S1     3pz        0.0075   -0.0061    0.0049    0.0132   -0.0169    0.0051    0.0044    0.0254   -0.5066    0.0636
       13 S1     *pz       -0.0024    0.0024   -0.0010   -0.0040    0.0040   -0.0014   -0.0003   -0.0054    0.0494   -0.0052
       14 S1     *d2-       0.0386    0.0024   -0.0027    0.0425   -0.0093    0.0306   -0.0082    0.0685    0.0026   -0.0010
       15 S1     *d1-      -0.0011    0.0013    0.0002   -0.0012    0.0036   -0.0009    0.0010   -0.0020    0.0379   -0.0048
       16 S1     *d0        0.0002    0.0149   -0.0037    0.0003    0.0098    0.0002   -0.0083    0.0004   -0.0054   -0.0396
       17 S1     *d1+      -0.0036    0.0016   -0.0006   -0.0039    0.0002   -0.0028   -0.0014   -0.0063    0.0065   -0.0039
       18 S1     *d2+       0.0140   -0.0063    0.0073    0.0154    0.0258    0.0111    0.0224    0.0249   -0.0024    0.0021
       19 C2     1s         0.0158    0.0030   -0.0079    0.0057   -0.0023   -0.0012   -0.0015   -0.0004   -0.0000    0.0009
       20 C2     2s        -0.5061   -0.0792    0.3726   -0.2140   -0.0215   -0.1191    0.0146    0.0431    0.0000    0.0774
       21 C2     *s         0.0959    0.0019   -0.0477   -0.0187    0.0176   -0.0239    0.0096   -0.0477   -0.0000    0.0175
       22 C2     2px        0.0301   -0.0019    0.1856   -0.1340    0.2829    0.4020    0.2220    0.2338   -0.0184   -0.1168
       23 C2     *px        0.0217    0.0192   -0.0604    0.0656   -0.0590   -0.0583   -0.0360   -0.0165    0.0010    0.0138
       24 C2     2py        0.0838   -0.2036   -0.1259   -0.2607    0.1027    0.1357    0.2230   -0.3434   -0.0242    0.2912
       25 C2     *py       -0.0248    0.0605    0.0439    0.0564   -0.0295   -0.0172   -0.0303    0.0533    0.0013   -0.0568
       26 C2     2pz       -0.0077    0.0149   -0.0011    0.0263   -0.0231   -0.0321   -0.0285    0.0120   -0.3332   -0.0147
       27 C2     *pz        0.0006   -0.0055    0.0002   -0.0077    0.0054    0.0045    0.0042   -0.0030    0.0174    0.0034
       28 C2     *d2-      -0.0064    0.0225    0.0084    0.0088   -0.0048   -0.0036    0.0038    0.0174    0.0014   -0.0241
       29 C2     *d1-       0.0021   -0.0005   -0.0006   -0.0004    0.0001    0.0007    0.0012    0.0012   -0.0005    0.0008
       30 C2     *d0        0.0100    0.0036   -0.0022    0.0036    0.0041    0.0011   -0.0014    0.0041   -0.0019   -0.0058
       31 C2     *d1+       0.0011   -0.0015   -0.0009   -0.0000    0.0012    0.0001   -0.0016   -0.0021    0.0201    0.0011
       32 C2     *d2+       0.0064    0.0042    0.0016   -0.0049   -0.0090    0.0043    0.0212    0.0227    0.0012    0.0027
       33 C3     1s         0.0110   -0.0150    0.0024   -0.0097   -0.0043   -0.0032    0.0019    0.0015    0.0000    0.0005
       34 C3     2s        -0.3271    0.4200   -0.1452    0.3556    0.0485   -0.0290    0.0329   -0.0583   -0.0000   -0.1004
       35 C3     *s         0.1048   -0.0906    0.0273    0.0029    0.0207    0.0529    0.0133    0.0176    0.0000   -0.0090
       36 C3     2px       -0.1592   -0.0996    0.2676    0.1510    0.0668   -0.0278   -0.5466    0.0346   -0.0177    0.0417
       37 C3     *px        0.0434    0.0213   -0.0616   -0.0702   -0.0200    0.0241    0.1167   -0.0190    0.0016   -0.0081
       38 C3     2py       -0.0932   -0.0098    0.1418   -0.0949   -0.3756   -0.3745    0.0274    0.2233   -0.0231   -0.2213
       39 C3     *py        0.0284    0.0195   -0.0455    0.0600    0.0966    0.1107    0.0025   -0.0250    0.0021    0.0234
       40 C3     2pz        0.0156    0.0062   -0.0251   -0.0015    0.0236    0.0287    0.0283   -0.0181   -0.3189    0.0138
       41 C3     *pz       -0.0045   -0.0026    0.0067   -0.0005   -0.0059   -0.0094   -0.0066    0.0029    0.0283   -0.0013
       42 C3     *d2-      -0.0168   -0.0019    0.0111   -0.0014    0.0031   -0.0241   -0.0057    0.0236   -0.0007   -0.0031
       43 C3     *d1-       0.0022   -0.0000   -0.0009   -0.0008    0.0005    0.0015    0.0019   -0.0001   -0.0177   -0.0008
       44 C3     *d0        0.0038   -0.0089    0.0029   -0.0024    0.0020   -0.0012   -0.0017   -0.0015    0.0018   -0.0003
       45 C3     *d1+       0.0010   -0.0015   -0.0001    0.0003   -0.0003    0.0014   -0.0011   -0.0030    0.0046    0.0009
       46 C3     *d2+       0.0106    0.0137   -0.0082   -0.0085    0.0052    0.0040    0.0245    0.0196    0.0015   -0.0131
       47 C4     1s        -0.0109   -0.0150    0.0024    0.0097   -0.0043    0.0032    0.0019   -0.0015   -0.0000    0.0005
       48 C4     2s         0.3263    0.4206   -0.1453   -0.3556    0.0485    0.0290    0.0329    0.0583    0.0000   -0.1004
       49 C4     *s        -0.1047   -0.0907    0.0273   -0.0029    0.0207   -0.0529    0.0133   -0.0176   -0.0000   -0.0090
       50 C4     2px       -0.1183    0.0901   -0.2035    0.1741   -0.1899    0.1006    0.5229   -0.0431   -0.0177   -0.1141
       51 C4     *px        0.0312   -0.0133    0.0425   -0.0863    0.0515   -0.0148   -0.1088   -0.0094    0.0016    0.0156
       52 C4     2py        0.1426   -0.0433    0.2256    0.0371   -0.3299    0.3615   -0.1628   -0.2217   -0.0232   -0.1935
       53 C4     *py       -0.0417    0.0256   -0.0640   -0.0321    0.0839   -0.1123    0.0427    0.0301    0.0021    0.0192
       54 C4     2pz       -0.0038   -0.0018   -0.0051   -0.0123    0.0345   -0.0318   -0.0171    0.0185   -0.3189    0.0204
       55 C4     *pz        0.0013   -0.0011    0.0023    0.0071   -0.0089    0.0090    0.0029   -0.0017    0.0283   -0.0023
       56 C4     *d2-      -0.0061   -0.0075   -0.0032   -0.0065   -0.0057   -0.0159   -0.0114    0.0307   -0.0016    0.0108
       57 C4     *d1-      -0.0015    0.0001   -0.0004    0.0011    0.0007   -0.0003    0.0021   -0.0015   -0.0151   -0.0012
       58 C4     *d0       -0.0039   -0.0090    0.0028    0.0024    0.0019    0.0010   -0.0018    0.0019    0.0029   -0.0003
       59 C4     *d1+       0.0011   -0.0010    0.0012    0.0004    0.0005    0.0023   -0.0006   -0.0021   -0.0102   -0.0004
       60 C4     *d2+      -0.0190    0.0116   -0.0134    0.0056    0.0020   -0.0185    0.0225    0.0002    0.0005   -0.0080
       61 C5     1s        -0.0158    0.0030   -0.0079   -0.0057   -0.0023    0.0012   -0.0015    0.0004    0.0000    0.0009
       62 C5     2s         0.5062   -0.0783    0.3726    0.2140   -0.0215    0.1191    0.0146   -0.0431   -0.0000    0.0774
       63 C5     *s        -0.0959    0.0018   -0.0477    0.0187    0.0176    0.0239    0.0096    0.0477    0.0000    0.0175
       64 C5     2px        0.0000   -0.0671   -0.2171   -0.0378   -0.2311    0.3319   -0.1332    0.3359   -0.0184    0.2083
       65 C5     *px        0.0287    0.0024    0.0716    0.0426    0.0454   -0.0490    0.0236   -0.0336    0.0010   -0.0322
       66 C5     2py       -0.0888   -0.1921   -0.0543    0.2912    0.1941   -0.2663    0.2862    0.2421   -0.0242    0.2333
       67 C5     *py        0.0157    0.0635    0.0205   -0.0756   -0.0481    0.0363   -0.0410   -0.0444    0.0013   -0.0487
       68 C5     2pz        0.0065    0.0177    0.0160   -0.0191   -0.0013    0.0010   -0.0134   -0.0361   -0.3332   -0.0285
       69 C5     *pz       -0.0027   -0.0047   -0.0054    0.0031    0.0010    0.0001    0.0017    0.0051    0.0175    0.0053
       70 C5     *d2-      -0.0009   -0.0199   -0.0075    0.0035    0.0095   -0.0000   -0.0165    0.0279   -0.0010    0.0167
       71 C5     *d1-      -0.0019    0.0007   -0.0002    0.0000   -0.0003   -0.0005    0.0017   -0.0025    0.0066   -0.0004
       72 C5     *d0       -0.0101    0.0033   -0.0023   -0.0035    0.0042   -0.0011   -0.0016   -0.0038    0.0010   -0.0055
       73 C5     *d1+      -0.0004    0.0024    0.0006   -0.0011   -0.0001    0.0002    0.0003   -0.0021   -0.0191   -0.0027
       74 C5     *d2+      -0.0091   -0.0112   -0.0042    0.0094   -0.0038   -0.0056    0.0138   -0.0063   -0.0015    0.0176
       75 H6     1s        -0.1968   -0.0516    0.3350   -0.2484    0.2417    0.3419    0.2748    0.2494    0.0000   -0.0543
       76 H6     *s         0.0782    0.0177   -0.1240    0.0843   -0.0876   -0.1059   -0.0737   -0.0638   -0.0000    0.0044
       77 H6     *px        0.0151    0.0048   -0.0197    0.0132   -0.0137   -0.0140   -0.0091   -0.0082   -0.0005    0.0023
       78 H6     *py        0.0023   -0.0036   -0.0041   -0.0011    0.0006    0.0001    0.0011   -0.0066   -0.0006    0.0067
       79 H6     *pz       -0.0010   -0.0000    0.0014   -0.0006    0.0007    0.0008    0.0004    0.0009   -0.0082   -0.0006
       80 H7     1s        -0.1273    0.1623   -0.0950    0.3156    0.3504    0.3245   -0.2423   -0.2534   -0.0000    0.1894
       81 H7     *s         0.0560   -0.0666    0.0315   -0.1018   -0.1192   -0.0821    0.0620    0.0604    0.0000   -0.0409
       82 H7     *px        0.0017   -0.0076    0.0053   -0.0059   -0.0082   -0.0098   -0.0042    0.0049   -0.0004   -0.0017
       83 H7     *py       -0.0114    0.0114   -0.0037    0.0171    0.0159    0.0078   -0.0117   -0.0059   -0.0006    0.0048
       84 H7     *pz        0.0007   -0.0004   -0.0000   -0.0009   -0.0007   -0.0000    0.0011    0.0002   -0.0078   -0.0003
       85 H8     1s         0.1270    0.1625   -0.0950   -0.3156    0.3504   -0.3245   -0.2423    0.2534    0.0000    0.1894
       86 H8     *s        -0.0559   -0.0667    0.0315    0.1018   -0.1192    0.0821    0.0620   -0.0604   -0.0000   -0.0409
       87 H8     *px        0.0055    0.0110   -0.0062   -0.0113    0.0131   -0.0118   -0.0000    0.0066   -0.0004    0.0032
       88 H8     *py        0.0101    0.0081   -0.0016   -0.0140    0.0122   -0.0040   -0.0125    0.0039   -0.0006    0.0039
       89 H8     *pz       -0.0010   -0.0012    0.0005    0.0016   -0.0016    0.0009    0.0009   -0.0006   -0.0078   -0.0005
       90 H9     1s         0.1969   -0.0513    0.3350    0.2484    0.2417   -0.3419    0.2748   -0.2494   -0.0000   -0.0543
       91 H9     *s        -0.0782    0.0176   -0.1240   -0.0843   -0.0876    0.1059   -0.0737    0.0638    0.0000    0.0044
       92 H9     *px        0.0135   -0.0057    0.0171    0.0128    0.0131   -0.0132    0.0089   -0.0054   -0.0005    0.0001
       93 H9     *py       -0.0074   -0.0018   -0.0107   -0.0035   -0.0042    0.0047   -0.0021    0.0090   -0.0006    0.0071
       94 H9     *pz       -0.0002    0.0004   -0.0002   -0.0005   -0.0004    0.0004   -0.0003   -0.0004   -0.0082   -0.0005

          Orbital           21        22        23        24        25        26        27        28        29        30    
          Energy           -0.3436   -0.3252    0.1237    0.1914    0.1919    0.2198    0.2309    0.2316    0.2612    0.2825
          Occ. No.          2.0000    2.0000    0.0000    0.0000    0.0000    0.0000    0.0000    0.0000    0.0000    0.0000

        1 S1     1s        -0.0000    0.0000    0.0000    0.0018    0.0000   -0.0000   -0.0000    0.0009    0.0000    0.0287
        2 S1     2s        -0.0000    0.0000    0.0000    0.0115    0.0000    0.0000   -0.0000    0.0015    0.0000    0.1817
        3 S1     3s        -0.0000   -0.0000    0.0000    0.0017    0.0000    0.0000    0.0000   -0.1519   -0.0000   -0.1112
        4 S1     *s         0.0000   -0.0000   -0.0000   -0.1311   -0.0000    0.0000    0.0000    0.0025   -0.0000   -2.2574
        5 S1     2px        0.0001    0.0000    0.0001   -0.0009   -0.0209   -0.0000   -0.0055   -0.0006    0.0026   -0.0029
        6 S1     3px       -0.0408    0.0000   -0.0206   -0.0063    0.3374    0.0000    0.1569    0.0360    0.2424    0.0244
        7 S1     *px       -0.0028   -0.0000   -0.0155    0.0355    0.8467    0.0000    0.2745    0.0126    0.4808    0.2469
        8 S1     2py        0.0001    0.0000    0.0001   -0.0051    0.0037   -0.0000    0.0010   -0.0033   -0.0005   -0.0168
        9 S1     3py       -0.0535    0.0000   -0.0269   -0.0360   -0.0600   -0.0000   -0.0279    0.2061   -0.0431    0.1397
       10 S1     *py       -0.0037    0.0000   -0.0203    0.2037   -0.1506   -0.0000   -0.0488    0.0720   -0.0855    1.4156
       11 S1     2pz        0.0018   -0.0000    0.0020    0.0004    0.0009    0.0000    0.0002    0.0003   -0.0001    0.0014
       12 S1     3pz       -0.7365   -0.0000   -0.3712    0.0030   -0.0143    0.0000   -0.0067   -0.0170   -0.0103   -0.0115
       13 S1     *pz       -0.0509   -0.0000   -0.2796   -0.0168   -0.0359    0.0000   -0.0116   -0.0059   -0.0204   -0.1164
       14 S1     *d2-       0.0005   -0.0037   -0.0048    0.0135    0.1282   -0.0067    0.0672   -0.0042    0.0510   -0.0160
       15 S1     *d1-       0.0078    0.0106   -0.0704   -0.0022   -0.0037    0.0195   -0.0019   -0.0043   -0.0015   -0.0054
       16 S1     *d0       -0.0011    0.0043    0.0101    0.0099    0.0008    0.0079    0.0004   -0.0420    0.0003   -0.0744
       17 S1     *d1+       0.0013   -0.0583   -0.0120    0.0020   -0.0119   -0.1072   -0.0062   -0.0043   -0.0047   -0.0084
       18 S1     *d2+      -0.0005   -0.0040    0.0045   -0.0370    0.0466   -0.0073    0.0244    0.0107    0.0185    0.0427
       19 C2     1s         0.0000   -0.0000   -0.0000    0.0171    0.0298    0.0000   -0.0101   -0.0173    0.0053   -0.0198
       20 C2     2s        -0.0000   -0.0000    0.0000   -0.1093   -0.2140    0.0000   -0.0482    0.1880    0.0471    0.0741
       21 C2     *s        -0.0000    0.0000    0.0000   -0.5282   -1.0991   -0.0000    0.5245    0.6659   -0.4545    0.4958
       22 C2     2px        0.0030   -0.0280    0.0257   -0.1483    0.0116   -0.0145    0.2510    0.0746    0.2074   -0.2063
       23 C2     *px       -0.0002   -0.0034    0.0185   -0.3788   -0.2636   -0.0213    0.4664    0.6573    1.0680   -0.7846
       24 C2     2py        0.0039   -0.0367    0.0337   -0.0258   -0.2592   -0.0191   -0.0901    0.0889   -0.1458    0.2551
       25 C2     *py       -0.0002   -0.0044    0.0243   -0.1210   -0.2439   -0.0279   -0.0037    0.1200    0.0250    0.9245
       26 C2     2pz        0.0537   -0.5062    0.4636    0.0101    0.0182   -0.2627   -0.0074   -0.0106   -0.0009   -0.0071
       27 C2     *pz       -0.0029   -0.0605    0.3344    0.0298    0.0323   -0.3841   -0.0256   -0.0451   -0.0609   -0.0237
       28 C2     *d2-      -0.0018    0.0014    0.0008   -0.0025    0.0044   -0.0026    0.0060    0.0095   -0.0150    0.0036
       29 C2     *d1-      -0.0314    0.0068    0.0048    0.0010   -0.0012   -0.0390   -0.0010   -0.0005    0.0011   -0.0025
       30 C2     *d0        0.0040   -0.0023   -0.0013    0.0016    0.0053    0.0056   -0.0058   -0.0036    0.0044   -0.0128
       31 C2     *d1+      -0.0007    0.0143    0.0067   -0.0002    0.0015   -0.0063   -0.0011   -0.0014    0.0017   -0.0010
       32 C2     *d2+       0.0022    0.0003    0.0000    0.0088   -0.0229    0.0025    0.0013    0.0064   -0.0036   -0.0094
       33 C3     1s        -0.0000    0.0000    0.0000    0.0265    0.0024    0.0000   -0.0163    0.0138   -0.0023   -0.0116
       34 C3     2s        -0.0000    0.0000    0.0000   -0.0630    0.0691    0.0000    0.1086   -0.0876   -0.2289    0.0131
       35 C3     *s         0.0000    0.0000   -0.0000   -0.8501   -0.1458   -0.0001    0.6569   -0.5689    0.2565    0.5890
       36 C3     2px        0.0212   -0.0176   -0.0151   -0.0767    0.0975    0.0267    0.1021   -0.0675    0.0625    0.1171
       37 C3     *px        0.0014   -0.0013   -0.0109   -0.1580    0.1938    0.0321    0.2033   -0.3408   -0.2981    0.3657
       38 C3     2py        0.0279   -0.0231   -0.0199    0.1763    0.0739    0.0350   -0.1428    0.1421    0.1150    0.0221
       39 C3     *py        0.0018   -0.0018   -0.0143    0.2577    0.0115    0.0422   -0.6835    0.5299    1.2942   -0.2126
       40 C3     2pz        0.3837   -0.3184   -0.2735   -0.0086   -0.0108    0.4821    0.0047   -0.0066   -0.0118   -0.0081
       41 C3     *pz        0.0251   -0.0244   -0.1973   -0.0100   -0.0116    0.5806    0.0384   -0.0196   -0.0774   -0.0048
       42 C3     *d2-      -0.0005   -0.0028    0.0031   -0.0048    0.0068    0.0007   -0.0054    0.0099    0.0092   -0.0124
       43 C3     *d1-       0.0084   -0.0183    0.0195    0.0008    0.0005   -0.0090    0.0001   -0.0002   -0.0005   -0.0018
       44 C3     *d0        0.0002    0.0047   -0.0052    0.0049   -0.0003   -0.0005   -0.0034    0.0037   -0.0132   -0.0074
       45 C3     *d1+      -0.0130   -0.0243    0.0281    0.0009   -0.0012    0.0167   -0.0001   -0.0003   -0.0032    0.0014
       46 C3     *d2+      -0.0013   -0.0000    0.0001   -0.0015    0.0125    0.0016    0.0030   -0.0021    0.0230   -0.0216
       47 C4     1s         0.0000    0.0000   -0.0000    0.0265   -0.0024    0.0000    0.0163    0.0138    0.0023   -0.0116
       48 C4     2s         0.0000    0.0000   -0.0000   -0.0630   -0.0691   -0.0000   -0.1086   -0.0876    0.2289    0.0131
       49 C4     *s         0.0000   -0.0000    0.0000   -0.8501    0.1458   -0.0000   -0.6569   -0.5690   -0.2565    0.5890
       50 C4     2px        0.0212    0.0176   -0.0151    0.1317    0.0667   -0.0267    0.1442    0.1115    0.0199   -0.1026
       51 C4     *px        0.0014    0.0013   -0.0109    0.2357    0.1782   -0.0321    0.4223    0.4995   -0.7180   -0.4156
       52 C4     2py        0.0279    0.0231   -0.0199    0.1392   -0.1031   -0.0350    0.0990    0.1102   -0.1297    0.0611
       53 C4     *py        0.0018    0.0018   -0.0143    0.1877   -0.0776   -0.0422    0.5722    0.3804   -1.1134   -0.0736
       54 C4     2pz        0.3837    0.3184   -0.2735   -0.0174    0.0038   -0.4821   -0.0152   -0.0142    0.0083    0.0012
       55 C4     *pz        0.0251    0.0244   -0.1973   -0.0267   -0.0042   -0.5806   -0.0649   -0.0553    0.1206    0.0283
       56 C4     *d2-       0.0013    0.0002    0.0001    0.0047    0.0132    0.0015   -0.0022   -0.0062    0.0220    0.0233
       57 C4     *d1-       0.0033    0.0258    0.0282    0.0005   -0.0011    0.0026    0.0001    0.0002   -0.0004   -0.0028
       58 C4     *d0       -0.0019   -0.0017   -0.0016    0.0050    0.0004   -0.0021    0.0034    0.0036    0.0134   -0.0072
       59 C4     *d1+       0.0150   -0.0168   -0.0200    0.0000   -0.0006    0.0187    0.0008    0.0012    0.0003   -0.0019
       60 C4     *d2+       0.0006   -0.0028   -0.0032    0.0020   -0.0053    0.0008   -0.0057   -0.0079   -0.0117   -0.0086
       61 C5     1s         0.0000   -0.0000    0.0000    0.0171   -0.0298   -0.0000    0.0101   -0.0173   -0.0053   -0.0198
       62 C5     2s         0.0000   -0.0000   -0.0000   -0.1093    0.2140    0.0000    0.0482    0.1881   -0.0471    0.0741
       63 C5     *s        -0.0000    0.0000   -0.0000   -0.5282    1.0991    0.0000   -0.5245    0.6658    0.4545    0.4958
       64 C5     2px        0.0030    0.0280    0.0257    0.1306    0.0986    0.0145    0.2664   -0.0401    0.2443    0.2802
       65 C5     *px       -0.0002    0.0034    0.0185    0.3151   -0.1652    0.0212    0.4396   -0.5771    0.9952    1.0502
       66 C5     2py        0.0039    0.0368    0.0337   -0.0754    0.2396    0.0191   -0.0019    0.1093    0.0654    0.1685
       67 C5     *py       -0.0002    0.0044    0.0243   -0.2445    0.3202    0.0279   -0.1574    0.3396   -0.3921    0.5981
       68 C5     2pz        0.0537    0.5062    0.4636   -0.0018   -0.0229    0.2627   -0.0146   -0.0057   -0.0183   -0.0277
       69 C5     *pz       -0.0029    0.0605    0.3344    0.0003   -0.0141    0.3841   -0.0129    0.0073   -0.0266   -0.1015
       70 C5     *d2-      -0.0024    0.0002    0.0000   -0.0037   -0.0114    0.0027    0.0055   -0.0114   -0.0138    0.0032
       71 C5     *d1-      -0.0297   -0.0115    0.0069    0.0010    0.0014    0.0389    0.0007    0.0001   -0.0003   -0.0025
       72 C5     *d0        0.0047    0.0004   -0.0004    0.0015   -0.0054   -0.0056    0.0059   -0.0038   -0.0046   -0.0128
       73 C5     *d1+      -0.0097    0.0112   -0.0047   -0.0000   -0.0008    0.0070    0.0000    0.0005    0.0009   -0.0009
       74 C5     *d2+       0.0016    0.0015   -0.0008    0.0084    0.0203   -0.0024    0.0029   -0.0013   -0.0069   -0.0096
       75 H6     1s        -0.0000    0.0000   -0.0000    0.0694   -0.0225    0.0000    0.0014   -0.0650   -0.0830   -0.1117
       76 H6     *s         0.0000    0.0000   -0.0000    0.9605    0.8835    0.0000   -1.0008   -1.2393   -1.2473    0.6117
       77 H6     *px        0.0001   -0.0007    0.0009   -0.0084   -0.0163   -0.0006    0.0150    0.0129    0.0059   -0.0067
       78 H6     *py        0.0001   -0.0009    0.0012   -0.0014   -0.0018   -0.0008    0.0019    0.0076   -0.0075    0.0118
       79 H6     *pz        0.0013   -0.0129    0.0170    0.0006    0.0010   -0.0112   -0.0010   -0.0013    0.0002   -0.0005
       80 H7     1s         0.0000   -0.0000   -0.0000    0.0436   -0.0892    0.0000   -0.0449    0.0179   -0.0073    0.1221
       81 H7     *s        -0.0000    0.0000   -0.0000    1.0062   -0.1090    0.0000   -1.3295    1.1680    1.4553   -0.4490
       82 H7     *px        0.0005   -0.0005   -0.0006   -0.0042    0.0025    0.0011    0.0092   -0.0098    0.0006    0.0019
       83 H7     *py        0.0007   -0.0006   -0.0007    0.0124    0.0033    0.0015   -0.0135    0.0127    0.0112   -0.0125
       84 H7     *pz        0.0098   -0.0082   -0.0101   -0.0007   -0.0004    0.0200    0.0005   -0.0004   -0.0008    0.0008
       85 H8     1s        -0.0000   -0.0000    0.0000    0.0436    0.0892    0.0000    0.0449    0.0179    0.0073    0.1221
       86 H8     *s         0.0000   -0.0000    0.0000    1.0062    0.1090    0.0000    1.3295    1.1680   -1.4553   -0.4490
       87 H8     *px        0.0005    0.0005   -0.0006    0.0082    0.0012   -0.0011    0.0132    0.0135   -0.0032   -0.0060
       88 H8     *py        0.0007    0.0006   -0.0007    0.0102   -0.0040   -0.0015    0.0095    0.0085   -0.0108   -0.0111
       89 H8     *pz        0.0098    0.0082   -0.0101   -0.0012    0.0002   -0.0200   -0.0014   -0.0014    0.0010    0.0011
       90 H9     1s         0.0000    0.0000    0.0000    0.0694    0.0225    0.0000   -0.0014   -0.0650    0.0830   -0.1117
       91 H9     *s        -0.0000    0.0000    0.0000    0.9605   -0.8835   -0.0001    1.0008   -1.2393    1.2473    0.6117
       92 H9     *px        0.0001    0.0007    0.0009    0.0074   -0.0147    0.0006    0.0135   -0.0095    0.0081    0.0103
       93 H9     *py        0.0001    0.0009    0.0012   -0.0042    0.0073    0.0008   -0.0070    0.0116    0.0051    0.0087
       94 H9     *pz        0.0013    0.0129    0.0170   -0.0001    0.0003    0.0112   -0.0002   -0.0003   -0.0008   -0.0012

          Orbital           31        32        33        34        35    
          Energy            0.4083    0.4399    0.5425    0.5870    0.6021
          Occ. No.          0.0000    0.0000    0.0000    0.0000    0.0000

        1 S1     1s        -0.0185    0.0000    0.0159   -0.0000    0.0116
        2 S1     2s        -0.1241    0.0000    0.1175   -0.0000    0.0911
        3 S1     3s        -0.1609    0.0000    0.3332   -0.0000    0.3913
        4 S1     *s         1.0123    0.0000   -0.3331    0.0000   -0.4530
        5 S1     2px        0.0043    0.0342   -0.0057   -0.0353    0.0121
        6 S1     3px        0.0237    0.3602   -0.0374   -0.5562    0.0851
        7 S1     *px       -0.1989   -0.5447    0.0730   -0.7474   -0.1492
        8 S1     2py        0.0244   -0.0061   -0.0326    0.0063    0.0692
        9 S1     3py        0.1356   -0.0641   -0.2144    0.0989    0.4882
       10 S1     *py       -1.1402    0.0969    0.4187    0.1330   -0.8556
       11 S1     2pz       -0.0020   -0.0014    0.0027    0.0015   -0.0057
       12 S1     3pz       -0.0112   -0.0153    0.0176    0.0236   -0.0401
       13 S1     *pz        0.0938    0.0231   -0.0344    0.0317    0.0704
       14 S1     *d2-      -0.0536   -0.0930    0.1026   -0.0194   -0.0143
       15 S1     *d1-       0.0137    0.0027   -0.0373    0.0006    0.0231
       16 S1     *d0       -0.0003   -0.0006   -0.0865   -0.0001    0.1519
       17 S1     *d1+      -0.0043    0.0086   -0.0002    0.0018    0.0134
       18 S1     *d2+       0.1474   -0.0338   -0.2836   -0.0071    0.0418
       19 C2     1s         0.0582   -0.0453    0.0185    0.0418    0.0489
       20 C2     2s        -0.0517   -0.1081   -0.0092    0.0098    0.1037
       21 C2     *s        -2.4927    1.3273   -0.1514   -3.0885   -0.1507
       22 C2     2px        0.1020    0.0060    0.0707    0.0510   -0.0646
       23 C2     *px        1.3782   -1.2827   -0.0476    1.1154    0.1713
       24 C2     2py        0.1520    0.1395    0.1703    0.2121   -0.4415
       25 C2     *py        1.0006   -0.6730   -0.0938    2.7066    0.6800
       26 C2     2pz       -0.0167   -0.0105   -0.0163   -0.0182    0.0356
       27 C2     *pz       -0.1489    0.1199    0.0094   -0.2582   -0.0588
       28 C2     *d2-       0.0086   -0.0169   -0.0164   -0.0087    0.0611
       29 C2     *d1-       0.0024   -0.0038    0.0017    0.0049   -0.0086
       30 C2     *d0        0.0381   -0.0169   -0.0801    0.0420   -0.0529
       31 C2     *d1+       0.0045    0.0016   -0.0148    0.0054   -0.0108
       32 C2     *d2+      -0.0267   -0.0355    0.1502   -0.0122    0.0214
       33 C3     1s        -0.0358    0.0860    0.0276   -0.0473    0.0672
       34 C3     2s         0.0811   -0.0362    0.1198   -0.0681    0.2935
       35 C3     *s         2.0180   -4.1767    0.1218    2.0191   -0.1973
       36 C3     2px       -0.0247    0.1610   -0.1594    0.2928    0.3724
       37 C3     *px        0.8177    2.2714    0.3560    2.4914   -0.5385
       38 C3     2py        0.1854   -0.1667   -0.0205    0.0913    0.3313
       39 C3     *py        1.3382   -1.7518    0.2974    2.5743   -0.4073
       40 C3     2pz       -0.0121    0.0032    0.0103   -0.0229   -0.0447
       41 C3     *pz       -0.1424    0.0014   -0.0413   -0.3248    0.0594
       42 C3     *d2-      -0.0050   -0.0106   -0.0934    0.0247   -0.0370
       43 C3     *d1-      -0.0014    0.0069   -0.0070   -0.0039   -0.0058
       44 C3     *d0       -0.0158    0.0532   -0.0688   -0.0205   -0.0306
       45 C3     *d1+      -0.0014    0.0062    0.0028   -0.0038    0.0028
       46 C3     *d2+       0.0042   -0.0055   -0.0479    0.0009   -0.0545
       47 C4     1s        -0.0358   -0.0860    0.0276    0.0473    0.0672
       48 C4     2s         0.0811    0.0362    0.1198    0.0681    0.2935
       49 C4     *s         2.0180    4.1767    0.1218   -2.0191   -0.1973
       50 C4     2px        0.0859    0.2077    0.1429    0.2443   -0.2379
       51 C4     *px       -0.3157    2.7273   -0.2340    1.4705    0.3683
       52 C4     2py        0.1657    0.1012   -0.0743   -0.1869    0.4398
       53 C4     *py        1.5399    0.8625    0.4024   -3.2791   -0.5686
       54 C4     2pz       -0.0168   -0.0188   -0.0025    0.0000   -0.0188
       55 C4     *pz       -0.0944   -0.2137   -0.0163    0.1567    0.0209
       56 C4     *d2-       0.0009   -0.0122    0.1016    0.0197    0.0630
       57 C4     *d1-      -0.0016   -0.0063   -0.0126    0.0026   -0.0086
       58 C4     *d0       -0.0157   -0.0533   -0.0676    0.0208   -0.0300
       59 C4     *d1+      -0.0019   -0.0041   -0.0152   -0.0003   -0.0065
       60 C4     *d2+       0.0063   -0.0028    0.0230    0.0153   -0.0181
       61 C5     1s         0.0582    0.0453    0.0185   -0.0418    0.0489
       62 C5     2s        -0.0517    0.1081   -0.0092   -0.0098    0.1037
       63 C5     *s        -2.4927   -1.3273   -0.1514    3.0885   -0.1507
       64 C5     2px       -0.0444   -0.0416   -0.0088   -0.0239   -0.0887
       65 C5     *px       -0.9567   -0.9779    0.0130    0.1326    0.0690
       66 C5     2py        0.1781   -0.1332    0.1844   -0.2170   -0.4372
       67 C5     *py        1.4160    1.0751   -0.1046   -2.9286    0.6982
       68 C5     2pz       -0.0105    0.0120   -0.0129    0.0171    0.0367
       69 C5     *pz       -0.0499   -0.0239    0.0069    0.2054   -0.0545
       70 C5     *d2-       0.0110   -0.0356   -0.0848   -0.0150   -0.0612
       71 C5     *d1-       0.0023    0.0053    0.0037   -0.0042   -0.0051
       72 C5     *d0        0.0381    0.0166   -0.0805   -0.0422   -0.0537
       73 C5     *d1+       0.0043    0.0033   -0.0085   -0.0032    0.0005
       74 C5     *d2+      -0.0259    0.0165    0.1254    0.0037   -0.0230
       75 H6     1s        -0.1195   -0.2018    0.6503   -0.1733    0.4351
       76 H6     *s        -0.4811    0.7373   -0.7483   -0.3245   -0.3811
       77 H6     *px       -0.0167   -0.0076    0.0700   -0.0276    0.0504
       78 H6     *py        0.0029   -0.0295    0.0059    0.0268    0.0240
       79 H6     *pz        0.0007    0.0026   -0.0043   -0.0004   -0.0045
       80 H7     1s         0.0428   -0.0518    0.6315   -0.1092    0.2970
       81 H7     *s         0.5106   -1.1204   -0.5019    0.5270   -0.2957
       82 H7     *px        0.0203    0.0067    0.0393    0.0035   -0.0130
       83 H7     *py        0.0020    0.0182   -0.0484    0.0104   -0.0478
       84 H7     *pz       -0.0013   -0.0017    0.0013   -0.0010    0.0042
       85 H8     1s         0.0428    0.0518    0.6315    0.1092    0.2970
       86 H8     *s         0.5106    1.1204   -0.5019   -0.5270   -0.2957
       87 H8     *px       -0.0184    0.0001   -0.0533   -0.0002   -0.0040
       88 H8     *py        0.0089   -0.0194   -0.0319   -0.0110   -0.0494
       89 H8     *pz        0.0004    0.0014    0.0053    0.0008    0.0038
       90 H9     1s        -0.1195    0.2018    0.6503    0.1733    0.4351
       91 H9     *s        -0.4811   -0.7373   -0.7483    0.3245   -0.3811
       92 H9     *px        0.0167    0.0029   -0.0638   -0.0350   -0.0392
       93 H9     *py       -0.0031    0.0304    0.0297   -0.0156    0.0400
       94 H9     *pz       -0.0007   -0.0024    0.0014    0.0031   -0.0007
--


++    Molecular charges:
      ------------------

      Mulliken charges per centre and basis function type
      ---------------------------------------------------

                S1      C2      C3      C4      C5      H6      H7      H8      H9    
      1s       2.0000  2.0028  2.0031  2.0031  2.0028  1.2605  1.2726  1.2726  1.2605
      2s       2.0065  1.4552  1.4336  1.4336  1.4552  0.0000  0.0000  0.0000  0.0000
      2px      2.0003  1.1617  1.1346  1.1472  1.1050  0.0000  0.0000  0.0000  0.0000
      2pz      1.9998  1.0236  0.9963  0.9965  1.0225  0.0000  0.0000  0.0000  0.0000
      2py      2.0000  1.0761  1.1655  1.1526  1.1339  0.0000  0.0000  0.0000  0.0000
      3s       1.8280  0.0000  0.0000  0.0000  0.0000  0.0000  0.0000  0.0000  0.0000
      3px      1.1807  0.0000  0.0000  0.0000  0.0000  0.0000  0.0000  0.0000  0.0000
      3pz      1.7140  0.0000  0.0000  0.0000  0.0000  0.0000  0.0000  0.0000  0.0000
      3py      1.4862  0.0000  0.0000  0.0000  0.0000  0.0000  0.0000  0.0000  0.0000
      *s      -0.0547 -0.2649 -0.3177 -0.3177 -0.2649 -0.3595 -0.3412 -0.3412 -0.3595
      *px     -0.2599 -0.2196 -0.2159 -0.2337 -0.1978  0.0232  0.0069  0.0127  0.0198
      *pz     -0.0058  0.0408  0.0034  0.0030  0.0413  0.0065  0.0061  0.0062  0.0064
      *py     -0.1698 -0.1904 -0.2737 -0.2555 -0.2126  0.0037  0.0194  0.0134  0.0072
      *d2+     0.0214  0.0217  0.0269  0.0251  0.0166  0.0000  0.0000  0.0000  0.0000
      *d1+     0.0261  0.0069  0.0137  0.0106  0.0068  0.0000  0.0000  0.0000  0.0000
      *d0      0.0161  0.0051  0.0048  0.0046  0.0051  0.0000  0.0000  0.0000  0.0000
      *d1-     0.0116  0.0167  0.0097  0.0130  0.0168  0.0000  0.0000  0.0000  0.0000
      *d2-     0.0627  0.0241  0.0260  0.0279  0.0292  0.0000  0.0000  0.0000  0.0000
      Total   15.8632  6.1599  6.0102  6.0102  6.1599  0.9344  0.9638  0.9638  0.9344

      N-E      0.1368 -0.1599 -0.0102 -0.0102 -0.1599  0.0656  0.0362  0.0362  0.0656

      Total electronic charge=   44.000000

      Total            charge=   -0.000000
--


++    Molecular properties:
      ---------------------

      Charge (e):
                      =   -0.0000
      Dipole Moment (debye):
      Origin of the operator (angstrom)=    0.0000    0.0000    0.0000
                   X= -1.2933E-01               Y= -7.4152E-01               Z=  6.0994E-02           Total=  7.5518E-01
      Quadrupole Moment (debye*angstrom):
      Origin of the operator (angstrom)=    0.1059    0.6070   -0.0499
                  XX= -3.1387E+01              XY= -6.4774E-01              XZ= -4.8655E-01              YY= -3.4793E+01
                  YZ= -4.1669E-01              ZZ= -4.0969E+01
      In traceless form (debye*angstrom)
                  XX=  6.4939E+00              XY= -9.7161E-01              XZ= -7.2983E-01              YY=  1.3853E+00
                  YZ= -6.2504E-01              ZZ= -7.8792E+00
--


      Input file to MOLDEN was generated!

 ###############################################################################
 ###############################################################################
 ###                                                                         ###
 ###                                                                         ###
 ###    WARNING: RunFile label nBas                                          ###
 ###    was used       72 times                                              ###
 ###                                                                         ###
 ###                                                                         ###
 ###############################################################################
 ###############################################################################
--- Stop Module: scf at Wed Sep 23 20:42:17 2026 /rc=_RC_ALL_IS_WELL_ ---
*** files: thiophene_dyson.scf.molden thiophene_dyson.ScfOrb thiophene_dyson.scf.h5 xmldump
    saved to directory /home/adrian/projects/Kallen/runs/thiophene
--- Module scf spent 2 seconds ---

*** symbolic link created: INPORB -> thiophene_dyson.ScfOrb
--- Start Module: rasscf at Wed Sep 23 20:42:17 2026 ---

()()()()()()()()()()()()()()()()()()()()()()()()()()()()()()()()()()()()()()()()()()()()()()()()()()

                                              &RASSCF

                                   only a single process is used
                       available to each process: 2.0 GB of memory, 1 thread?
                                            pid: 2762474
()()()()()()()()()()()()()()()()()()()()()()()()()()()()()()()()()()()()()()()()()()()()()()()()()()

 ###############################################################################
 ###############################################################################
 ###                                                                         ###
 ###                                                                         ###
 ###    WARNING: CHARGE and NACTEL are only compatible if INACTIVE           ###
 ###    is not given and the symmetry group is C1. Hence the                 ###
 ###    CHARGE command will be ignored.                                      ###
 ###                                                                         ###
 ###                                                                         ###
 ###############################################################################
 ###############################################################################

      Header of the ONEINT file:
      --------------------------
      
      Integrals generated by Gateway/Seward, Wed Sep 23 20:42:12 2026


      OrdInt status: non-squared


      Cartesian coordinates in angstrom:
      -----------------------------------------------------
      No.  Label        X            Y            Z        
      -----------------------------------------------------
       1   S1         0.30414372   1.74386315  -0.14343283
       2   C2         1.32105416   0.33448000  -0.09741189
       3   C3         0.58361575  -0.81418570   0.02678998
       4   C4        -0.82394357  -0.56377967   0.08655984
       5   C5        -1.12838407   0.77023183   0.00653748
       6   H6         2.40178300   0.44073375  -0.16495118
       7   H7         1.02775085  -1.80896436   0.07442340
       8   H8        -1.57789999  -1.34541882   0.18504322
       9   H9        -2.10811986   1.24303981   0.02644198
      -----------------------------------------------------
      Nuclear repulsion energy =  201.25526749

++    Wave function specifications:
      -----------------------------

      Number of closed shell electrons          34
      Number of electrons in active shells      10
      Max number of holes in RAS1 space          0
      Max nr of electrons in RAS3 space          0
      Number of inactive orbitals               17
      Number of active orbitals                 10
      Number of secondary orbitals              67
      Spin quantum number                      0.0
      State symmetry                             1
--

++    Orbital specifications:
      -----------------------

      Symmetry species                           1
                                                 a
      Frozen orbitals                            0
      Inactive orbitals                         17
      Active orbitals                           10
      RAS1 orbitals                              0
      RAS2 orbitals                             10
      RAS3 orbitals                              0
      Secondary orbitals                        67
      Deleted orbitals                           0
      Number of basis functions                 94
--

++    CI expansion specifications:
      ----------------------------

      Number of CSFs                         19404
      Number of spin combinations            31878
      Number of determinants                 63504
      Number of root(s) required                 1
      Root chosen for geometry opt.              1
      CI root used                               1
         
      highest root included in the CI            1
      max. size of the explicit Hamiltonian    200
--

++    Optimization specifications:
      ----------------------------

      RASSCF algorithm: Conventional
      Maximum number of macro iterations       200
      Maximum number of SX iterations          100
      Threshold for RASSCF energy            1.000E-08
      Threshold for max MO rotation          1.000E-01
      Threshold for max BLB element          1.000E-04
      Level shift parameter                  5.000E-01
      Make Quasi-Newton update
--

      Orbitals from runfile: scf orbitals
      The MO-coefficients are taken from scf orbitals on runfile

      Total molecular charge    0.00

      ************************************************************************************************************************
      *                                                                                                                      *
      *                                            Wave function control section                                             *
      *                                                                                                                      *
      ************************************************************************************************************************


                                         RASSCF iterations: Energy and convergence statistics
                                         ----------------------------------------------------

      Iter CI   SX   CI       RASSCF       Energy    max ROT     max BLB   max BLB  Level Ln srch  Step   QN   Walltime
          iter iter root      energy       change     param      element    value   shift minimum  type update hh:mm:ss
 Nr of preliminary CI iterations:   4
 ###############################################################################
 ###############################################################################
 ###                                                                         ###
 ###                                                                         ###
 ###    WARNING: Large orbital rotation.                                     ###
 ###                                                                         ###
 ###                                                                         ###
 ###############################################################################
 ###############################################################################
      Molecular orbital  24 of symmetry 1 MO space 2  weight is    0.001635
 ###############################################################################
 ###############################################################################
 ###                                                                         ###
 ###                                                                         ###
 ###    WARNING: Large orbital rotation.                                     ###
 ###                                                                         ###
 ###                                                                         ###
 ###############################################################################
 ###############################################################################
      Molecular orbital  27 of symmetry 1 MO space 2  weight is    0.201311
        1   1   51    1  -551.36555020    0.00E+00   5.72E-01*  23  44 1 -1.89E-02*  0.00   0.00    SX    NO    0:00:01
        2   5   29    1  -551.40235107   -3.68E-02* -1.50E-01*  22  42 1  1.35E-02*  0.00   0.00    SX    NO    0:00:00
        3   3   19    1  -551.40726793   -4.92E-03* -8.62E-02   22  42 1  5.99E-03*  0.00   0.00    SX    NO    0:00:00
        4   4   18    1  -551.40855444   -1.29E-03* -7.80E-02   22  42 1  2.42E-03*  0.00   0.00    SX    NO    0:00:00
        5   4   19    1  -551.40957834   -1.02E-03* -7.57E-02   12  24 1 -2.51E-03*  0.00   2.50    LS   YES    0:00:00
        6   4   19    1  -551.41062699   -1.05E-03* -1.89E-01*  12  24 1 -2.66E-03*  0.00   2.50    QN   YES    0:00:00
        7   5   18    1  -551.41276528   -2.14E-03* -6.59E-02   20  36 1  6.41E-03*  0.00   1.58    SX   YES    0:00:00
        8   4   20    1  -551.41456124   -1.80E-03* -2.30E-01*  20  36 1  4.34E-03*  0.00   2.50    QN   YES    0:00:00
        9   5   20    1  -551.41901220   -4.45E-03* -1.85E-01*  18  63 1  2.78E-03*  0.00   1.79    QN   YES    0:00:00
       10   5   20    1  -551.42104102   -2.03E-03*  6.16E-02   20  30 1  9.09E-03*  0.00   1.14    QN   YES    0:00:00
       11   4   19    1  -551.42180039   -7.59E-04*  1.00E-01*  20  30 1  7.01E-03*  0.00   2.50    QN   YES    0:00:00
       12   5   17    1  -551.42316467   -1.36E-03*  1.61E-01*  22  42 1  3.54E-03*  0.00   2.39    QN   YES    0:00:00
       13   5   16    1  -551.42456304   -1.40E-03*  1.51E-01*  20  55 1  4.66E-03*  0.00   1.46    QN   YES    0:00:00
       14   4   15    1  -551.42540995   -8.47E-04*  1.22E-01*  20  30 1 -8.83E-03*  0.00   1.50    QN   YES    0:00:00
       15   4   14    1  -551.42630564   -8.96E-04* -1.56E-01*  20  30 1 -9.89E-03*  0.00   2.41    QN   YES    0:00:00
       16   4   14    1  -551.42735070   -1.05E-03* -1.34E-01*  20  30 1 -8.22E-03*  0.00   1.98    QN   YES    0:00:00
       17   4   14    1  -551.42817099   -8.20E-04*  9.06E-02   20  30 1 -5.28E-03*  0.00   1.62    QN   YES    0:00:00
       18   4   13    1  -551.42872322   -5.52E-04*  6.10E-02   20  55 1 -2.96E-03*  0.00   1.71    QN   YES    0:00:00
       19   4   13    1  -551.42919811   -4.75E-04* -4.65E-02   20  55 1 -2.49E-03*  0.00   1.78    QN   YES    0:00:00
       20   4   12    1  -551.42954561   -3.47E-04* -3.36E-02   20  30 1  2.77E-03*  0.00   1.51    QN   YES    0:00:00
       21   4   12    1  -551.42971420   -1.69E-04*  1.57E-02   20  30 1  1.95E-03*  0.00   1.33    QN   YES    0:00:00
       22   4   12    1  -551.42977671   -6.25E-05*  1.08E-02   20  36 1 -9.38E-04*  0.00   1.40    QN   YES    0:00:00
       23   4   11    1  -551.42980221   -2.55E-05* -6.53E-03   16  25 1  3.86E-04*  0.00   1.55    QN   YES    0:00:00
       24   4   11    1  -551.42981335   -1.11E-05*  8.27E-03   12  24 1 -2.85E-04*  0.00   1.40    QN   YES    0:00:00
       25   4   10    1  -551.42981681   -3.46E-06*  4.50E-03   20  38 1  1.06E-04*  0.00   1.11    QN   YES    0:00:00
       26   4   10    1  -551.42981810   -1.29E-06*  1.80E-03   20  30 1  5.85E-05   0.00   0.99    QN   YES    0:00:00
       27   4    9    1  -551.42981883   -7.36E-07*  5.99E-03   20  30 1  8.10E-05   0.00   2.48    QN   YES    0:00:00
       28   5    9    1  -551.42982007   -1.24E-06*  1.14E-02   12  24 1  7.38E-05   0.00   1.93    QN   YES    0:00:00
       29   6   10    1  -551.42982194   -1.87E-06*  5.04E-02   22  42 1  9.18E-05   0.00   2.50    QN   YES    0:00:00
       30   7   11    1  -551.42983037   -8.43E-06*  1.79E-01*  20  30 1 -4.03E-04*  0.00   2.50    QN   YES    0:00:01
       31   7   12    1  -551.42984047   -1.01E-05*  3.88E-02   18  39 1 -1.44E-03*  0.00   0.69    QN   YES    0:00:01
       32   6   12    1  -551.42986381   -2.33E-05*  7.65E-02   20  30 1 -1.26E-03*  0.00   1.68    QN   YES    0:00:00
       33   6   12    1  -551.42993967   -7.59E-05*  8.02E-02   20  30 1 -1.74E-03*  0.00   2.50    LS   YES    0:00:00
       34   5   13    1  -551.43003022   -9.06E-05*  2.23E-01*  20  30 1 -2.24E-03*  0.00   2.50    QN   YES    0:00:00
       35   6   13    1  -551.42995549    7.47E-05* -1.91E-02   20  30 1 -4.37E-03*  0.00   0.46    SX   YES    0:00:00
       36   4   13    1  -551.43033393   -3.78E-04* -2.42E-02   20  30 1 -2.46E-03*  0.00   2.50    LS   YES    0:00:00
       37   4   12    1  -551.43060566   -2.72E-04*  5.42E-02   15  49 1  1.05E-03*  0.00   1.61    QN   YES    0:00:00
       38   5   12    1  -551.43079076   -1.85E-04*  5.91E-02   12  23 1  9.83E-04*  0.00   1.38    QN   YES    0:00:00
       39   5   11    1  -551.43088536   -9.46E-05* -3.43E-02   20  30 1  1.60E-03*  0.00   1.40    QN   YES    0:00:00
       40   5   11    1  -551.43093702   -5.17E-05* -2.51E-02   20  30 1  1.07E-03*  0.00   1.59    QN   YES    0:00:00
       41   4   11    1  -551.43097029   -3.33E-05* -2.91E-02   20  47 1  5.30E-04*  0.00   1.88    QN   YES    0:00:00
       42   5   11    1  -551.43100195   -3.17E-05*  3.97E-02   20  47 1  4.84E-04*  0.00   1.98    QN   YES    0:00:00
       43   5   11    1  -551.43104078   -3.88E-05*  5.92E-02   20  36 1  4.60E-04*  0.00   2.18    QN   YES    0:00:00
       44   5   11    1  -551.43108897   -4.82E-05*  4.89E-02   20  36 1  5.30E-04*  0.00   1.74    QN   YES    0:00:00
       45   5   11    1  -551.43112803   -3.91E-05* -2.35E-02   20  36 1  3.99E-04*  0.00   1.57    QN   YES    0:00:00
       46   5   11    1  -551.43115483   -2.68E-05* -1.37E-02   20  47 1 -3.00E-04*  0.00   1.68    QN   YES    0:00:00
       47   5   10    1  -551.43116941   -1.46E-05* -6.86E-03   20  47 1 -1.33E-04*  0.00   1.43    QN   YES    0:00:00
       48   5   10    1  -551.43117421   -4.80E-06*  1.05E-02   20  36 1 -1.29E-04*  0.00   1.67    QN   YES    0:00:00
       49   5   10    1  -551.43117774   -3.53E-06*  9.52E-03   20  36 1 -9.27E-05   0.00   1.70    QN   YES    0:00:00
       50   5    9    1  -551.43118082   -3.08E-06*  1.33E-02   20  44 1  9.88E-05   0.00   1.70    QN   YES    0:00:00
       51   5   10    1  -551.43118356   -2.74E-06* -1.45E-02   20  44 1  8.59E-05   0.00   1.84    QN   YES    0:00:00
       52   6   10    1  -551.43118607   -2.51E-06*  1.30E-02   20  36 1  7.62E-05   0.00   1.90    QN   YES    0:00:00
       53   5    9    1  -551.43118797   -1.89E-06*  9.40E-03   18  45 1  7.60E-05   0.00   1.76    LS   YES    0:00:00
       54   5    9    1  -551.43118840   -4.32E-07*  3.96E-03   20  44 1 -8.94E-05   0.00   1.08    QN   YES    0:00:00
       55   5    9    1  -551.43118900   -5.98E-07*  4.63E-03   20  44 1 -6.38E-05   0.00   2.19    LS   YES    0:00:00
       56   5    9    1  -551.43118929   -2.93E-07* -1.45E-03   12  27 1 -4.15E-05   0.00   1.15    QN   YES    0:00:00
       57   4    8    1  -551.43118944   -1.52E-07* -1.05E-03   20  36 1 -2.17E-05   0.00   1.46    QN   YES    0:00:00
       58   4    8    1  -551.43118951   -7.40E-08* -1.63E-03   12  25 1 -1.43E-05   0.00   1.53    QN   YES    0:00:00
       59   4    7    1  -551.43118955   -3.51E-08*  1.12E-03   20  30 1 -1.02E-05   0.00   1.48    QN   YES    0:00:00
       60   4    7    1  -551.43118956   -1.48E-08*  4.76E-04   20  30 1 -7.17E-06   0.00   1.54    QN   YES    0:00:00
       61   3    6    1  -551.43118957   -5.88E-09   8.28E-05   21  40 1 -3.52E-06   0.00   1.30    QN   YES    0:00:00
      Convergence after 61 iterations
       62   1    6    1  -551.43118957   -7.94E-10   8.28E-05   12  27 1 -1.36E-06   0.00   1.30    QN   YES    0:00:00

      ************************************************************************************************************************
                                                      Wave function printout:
                       occupation of active orbitals, and spin coupling of open shells (u,d: Spin up or down)
      ************************************************************************************************************************

      Note: transformation to natural orbitals
      has been made, which may change the order of the CSFs.

      printout of CI-coefficients larger than  0.05 for root  1
      energy=    -551.431190
      conf/sym  1111111111     Coeff  Weight
             1  2222200000  -0.94488 0.89281
            27  2222020000   0.13801 0.01905
            36  2222000020   0.06406 0.00410
            48  222udu00d0  -0.13224 0.01749
           102  2220220000   0.05649 0.00319
           111  2220200020   0.09169 0.00841
           196  u2d220ud00   0.07717 0.00595
           242  0222200200   0.06200 0.00384
           255  222uud00d0   0.07920 0.00627

      Natural orbitals and occupation numbers for root  1
      sym 1:   1.967548   1.978960   1.974517   1.946367   1.909474   0.096506   0.027350   0.030966   0.059697   0.008616


      ************************************************************************************************************************
      *                                                                                                                      *
      *                                                    Final results                                                     *
      *                                                                                                                      *
      ************************************************************************************************************************


++    Final optimization conditions:
      ------------------------------

      Average CI energy                            -551.43118957
      RASSCF energy for state  1                   -551.43118957
      Super-CI energy                                -0.00000000
      RASSCF energy change                            0.00000000
      Max change in MO coefficients              -3.975E-04
      Max non-diagonal density matrix element     8.278E-05
      Maximum BLB matrix element                 -1.360E-06
      (orbital pair  12,  27 in symmetry   1)
      Norm of electronic gradient            7.692E-06
--


      Final state energy(ies):
      ------------------------

::    RASSCF root number  1 Total energy:   -551.43118957

++    Molecular orbitals:
      -------------------

      Pseudonatural active orbitals and approximate occupation numbers




      Molecular orbitals for symmetry species 1: a  


      Orbital                 1         2         3         4         5         6         7         8         9        10
      Energy           -91.9703  -11.2489  -11.2479  -11.2347  -11.2337   -8.9749   -6.6563   -6.6554   -6.6534   -1.1118
      Occ. No.           2.0000    2.0000    2.0000    2.0000    2.0000    2.0000    2.0000    2.0000    2.0000    2.0000

     1 S1     1s         1.0000   -0.0000   -0.0000    0.0000    0.0000    0.0005   -0.0000   -0.0000    0.0000   -0.0005
     2 S1     2s         0.0002   -0.0001   -0.0001    0.0002    0.0000    1.0033   -0.0004    0.0058    0.0000   -0.0060
     3 S1     3s         0.0004   -0.0005   -0.0005    0.0004    0.0001    0.0087   -0.0000   -0.0029   -0.0000    0.2859
     4 S1     *s        -0.0008    0.0028    0.0028   -0.0003   -0.0001   -0.0164    0.0001    0.0022   -0.0000   -0.0078
     5 S1     2px       -0.0000   -0.0001    0.0001   -0.0000   -0.0000   -0.0011    0.9708    0.2339    0.0551    0.0006
     6 S1     3px       -0.0000    0.0011   -0.0003    0.0000    0.0000   -0.0011    0.0046    0.0018   -0.0003    0.0191
     7 S1     *px        0.0001   -0.0007    0.0003   -0.0000    0.0001    0.0012   -0.0018   -0.0004    0.0000    0.0024
     8 S1     2py       -0.0001   -0.0001   -0.0001   -0.0000   -0.0000   -0.0065   -0.2375    0.9686    0.0723    0.0042
     9 S1     3py        0.0000    0.0012    0.0013    0.0003    0.0000   -0.0080   -0.0002    0.0042   -0.0004    0.0565
    10 S1     *py        0.0003   -0.0008   -0.0010    0.0001   -0.0000    0.0074    0.0002   -0.0004    0.0001    0.0271
    11 S1     2pz        0.0000    0.0000    0.0000    0.0000    0.0000    0.0005   -0.0365   -0.0833    0.9958   -0.0003
    12 S1     3pz       -0.0000   -0.0002   -0.0001   -0.0000   -0.0000    0.0006   -0.0002   -0.0004   -0.0056   -0.0052
    13 S1     *pz       -0.0000    0.0001    0.0001   -0.0000   -0.0000   -0.0006    0.0001    0.0000    0.0009   -0.0021
    14 S1     *d2-      -0.0000   -0.0003    0.0002   -0.0000   -0.0000   -0.0001   -0.0011   -0.0003   -0.0000    0.0010
    15 S1     *d1-       0.0000    0.0000    0.0000    0.0000    0.0000    0.0000    0.0000    0.0001   -0.0002   -0.0014
    16 S1     *d0        0.0000    0.0003    0.0003    0.0001    0.0000    0.0000    0.0000    0.0006    0.0000   -0.0065
    17 S1     *d1+       0.0000    0.0001    0.0000    0.0000    0.0000    0.0000    0.0001    0.0001   -0.0000   -0.0003
    18 S1     *d2+       0.0000   -0.0001    0.0001    0.0001   -0.0000    0.0001   -0.0004    0.0004    0.0000   -0.0069
    19 C2     1s        -0.0000   -0.0308    0.9997    0.0424   -0.0274   -0.0005   -0.0001    0.0001   -0.0000   -0.0110
    20 C2     2s        -0.0001   -0.0004    0.0079    0.0009   -0.0004    0.0005    0.0013   -0.0014   -0.0000    0.3131
    21 C2     *s         0.0003    0.0004   -0.0106   -0.0029    0.0019    0.0046   -0.0019    0.0011   -0.0000   -0.1004
    22 C2     2px        0.0000    0.0000    0.0004    0.0000   -0.0000   -0.0008   -0.0008    0.0008   -0.0000   -0.0781
    23 C2     *px       -0.0002   -0.0002    0.0017    0.0010   -0.0008   -0.0020    0.0012   -0.0009   -0.0000    0.0333
    24 C2     2py       -0.0000   -0.0002   -0.0005   -0.0002    0.0001    0.0020    0.0013   -0.0015   -0.0001   -0.1323
    25 C2     *py        0.0001   -0.0003    0.0003    0.0010   -0.0005    0.0019   -0.0003    0.0002   -0.0000    0.0326
    26 C2     2pz        0.0000    0.0000    0.0000    0.0000   -0.0000   -0.0001   -0.0000    0.0001   -0.0008    0.0139
    27 C2     *pz       -0.0000    0.0000   -0.0001   -0.0001    0.0001   -0.0000   -0.0000    0.0000   -0.0001   -0.0042
    28 C2     *d2-       0.0000    0.0000    0.0005    0.0001   -0.0001    0.0004   -0.0001    0.0003    0.0000    0.0098
    29 C2     *d1-       0.0000   -0.0000   -0.0000   -0.0000    0.0000    0.0000    0.0000   -0.0000   -0.0001   -0.0020
    30 C2     *d0        0.0000   -0.0000   -0.0004   -0.0003    0.0003    0.0003    0.0001   -0.0000    0.0000   -0.0089
    31 C2     *d1+      -0.0000   -0.0000   -0.0001   -0.0000    0.0000   -0.0000    0.0000   -0.0000    0.0001   -0.0014
    32 C2     *d2+       0.0000    0.0000    0.0005    0.0001   -0.0002    0.0002   -0.0001    0.0001    0.0000   -0.0042
    33 C3     1s        -0.0000   -0.0004    0.0497   -0.8241    0.5670   -0.0002   -0.0001   -0.0000   -0.0000   -0.0169
    34 C3     2s        -0.0001   -0.0001   -0.0003   -0.0072    0.0056   -0.0016   -0.0003    0.0004   -0.0000    0.5033
    35 C3     *s         0.0001    0.0002    0.0027    0.0082   -0.0088    0.0010    0.0025   -0.0004    0.0000   -0.1389
    36 C3     2px       -0.0000    0.0001    0.0001   -0.0000   -0.0000   -0.0003   -0.0001    0.0001    0.0000   -0.0511
    37 C3     *px        0.0000   -0.0005    0.0007    0.0002    0.0014    0.0006   -0.0008   -0.0001    0.0000    0.0136
    38 C3     2py       -0.0000    0.0001    0.0001   -0.0000    0.0001   -0.0008    0.0000    0.0003    0.0000    0.1216
    39 C3     *py       -0.0000   -0.0001    0.0017    0.0012   -0.0016    0.0001    0.0012   -0.0002    0.0000   -0.0321
    40 C3     2pz        0.0000   -0.0000   -0.0000    0.0000   -0.0000    0.0001    0.0000   -0.0000    0.0004   -0.0060
    41 C3     *pz       -0.0000    0.0000   -0.0002   -0.0001    0.0000   -0.0000   -0.0000    0.0000    0.0002    0.0016
    42 C3     *d2-      -0.0000   -0.0002    0.0002    0.0001   -0.0004   -0.0000   -0.0000    0.0000   -0.0000    0.0023
    43 C3     *d1-       0.0000   -0.0000    0.0000    0.0001   -0.0001   -0.0000   -0.0000    0.0000   -0.0000   -0.0011
    44 C3     *d0       -0.0000   -0.0001    0.0003    0.0003   -0.0006   -0.0002   -0.0001    0.0000    0.0000   -0.0120
    45 C3     *d1+      -0.0000    0.0000   -0.0000    0.0000   -0.0000   -0.0000    0.0000   -0.0000   -0.0000   -0.0017
    46 C3     *d2+       0.0000   -0.0000    0.0003    0.0003   -0.0002   -0.0000   -0.0001    0.0001   -0.0000    0.0071
    47 C4     1s        -0.0000    0.0452    0.0027   -0.5666   -0.8247   -0.0002    0.0001   -0.0000    0.0000   -0.0167
    48 C4     2s        -0.0001   -0.0003   -0.0001   -0.0047   -0.0078   -0.0015    0.0004    0.0005    0.0000    0.4977
    49 C4     *s         0.0000    0.0027    0.0004    0.0045    0.0112    0.0011   -0.0024   -0.0006   -0.0000   -0.1354
    50 C4     2px       -0.0000   -0.0001   -0.0001    0.0000   -0.0000   -0.0000   -0.0001   -0.0001    0.0000    0.0902
    51 C4     *px       -0.0000   -0.0001    0.0005   -0.0004    0.0018   -0.0005   -0.0011   -0.0001    0.0000   -0.0232
    52 C4     2py       -0.0000    0.0002    0.0001    0.0000   -0.0001   -0.0008    0.0002    0.0004    0.0000    0.0927
    53 C4     *py        0.0000    0.0018   -0.0002    0.0007    0.0013    0.0003   -0.0008   -0.0003    0.0000   -0.0236
    54 C4     2pz        0.0000   -0.0000   -0.0000   -0.0000    0.0000    0.0001   -0.0000   -0.0000    0.0004   -0.0117
    55 C4     *pz        0.0000   -0.0001   -0.0000   -0.0000   -0.0002    0.0000    0.0001    0.0000    0.0002    0.0030
    56 C4     *d2-      -0.0000   -0.0004    0.0001   -0.0001   -0.0004    0.0000   -0.0001   -0.0001    0.0000   -0.0065
    57 C4     *d1-       0.0000    0.0001   -0.0000    0.0000    0.0001   -0.0000    0.0000    0.0000   -0.0000   -0.0008
    58 C4     *d0       -0.0000    0.0003   -0.0001    0.0001    0.0007   -0.0002    0.0001    0.0000    0.0000   -0.0120
    59 C4     *d1+      -0.0000    0.0000   -0.0000    0.0000    0.0001   -0.0000    0.0000    0.0000    0.0000   -0.0009
    60 C4     *d2+       0.0000    0.0001    0.0001    0.0002   -0.0000    0.0000    0.0001    0.0001    0.0000    0.0044
    61 C5     1s        -0.0000    1.0000    0.0306    0.0272    0.0372   -0.0005    0.0001    0.0001    0.0000   -0.0105
    62 C5     2s        -0.0001    0.0077    0.0000    0.0007    0.0006    0.0003   -0.0016   -0.0021   -0.0000    0.2964
    63 C5     *s         0.0003   -0.0106   -0.0003   -0.0020   -0.0028    0.0046    0.0019    0.0014    0.0000   -0.0986
    64 C5     2px       -0.0000   -0.0008   -0.0001   -0.0001   -0.0001    0.0012   -0.0016   -0.0021   -0.0000    0.0234
    65 C5     *px        0.0002   -0.0015   -0.0000   -0.0004   -0.0007    0.0025    0.0012    0.0011   -0.0000   -0.0208
    66 C5     2py       -0.0000   -0.0005   -0.0002   -0.0002   -0.0001    0.0014   -0.0014   -0.0018   -0.0001   -0.1540
    67 C5     *py        0.0001    0.0009   -0.0003    0.0009    0.0011    0.0011    0.0000   -0.0001   -0.0000    0.0430
    68 C5     2pz        0.0000    0.0001    0.0000    0.0000    0.0000   -0.0002    0.0002    0.0002   -0.0008    0.0099
    69 C5     *pz       -0.0000    0.0000    0.0000   -0.0000   -0.0000   -0.0002   -0.0001   -0.0001   -0.0000   -0.0020
    70 C5     *d2-      -0.0000   -0.0007   -0.0001   -0.0001   -0.0003   -0.0005   -0.0002   -0.0004   -0.0000   -0.0053
    71 C5     *d1-       0.0000   -0.0000   -0.0000   -0.0000   -0.0000    0.0001   -0.0000    0.0000   -0.0001   -0.0015
    72 C5     *d0        0.0000   -0.0004   -0.0000   -0.0001   -0.0004    0.0003   -0.0001   -0.0000    0.0000   -0.0086
    73 C5     *d1+       0.0000    0.0000   -0.0000   -0.0000   -0.0000    0.0001    0.0000    0.0000   -0.0001    0.0001
    74 C5     *d2+      -0.0000    0.0001    0.0000   -0.0000    0.0000   -0.0001   -0.0000   -0.0001   -0.0000   -0.0093
    75 H6     1s        -0.0000   -0.0002   -0.0010   -0.0003    0.0003   -0.0004   -0.0003   -0.0003   -0.0000    0.0703
    76 H6     *s         0.0001    0.0001    0.0014   -0.0002    0.0000    0.0008   -0.0002    0.0004   -0.0000   -0.0330
    77 H6     *px        0.0000   -0.0000    0.0006    0.0002   -0.0001   -0.0000   -0.0001    0.0001   -0.0000   -0.0066
    78 H6     *py       -0.0000    0.0000   -0.0001   -0.0000    0.0000   -0.0002    0.0001   -0.0000   -0.0000   -0.0028
    79 H6     *pz        0.0000   -0.0000   -0.0000   -0.0000    0.0000    0.0000   -0.0000   -0.0000   -0.0000    0.0006
    80 H7     1s        -0.0000   -0.0002    0.0003    0.0008   -0.0009    0.0001    0.0001   -0.0002    0.0000    0.1118
    81 H7     *s         0.0000    0.0002    0.0002   -0.0012    0.0006    0.0002    0.0004   -0.0001    0.0000   -0.0568
    82 H7     *px       -0.0000   -0.0000   -0.0001   -0.0002    0.0002   -0.0000    0.0000   -0.0000    0.0000   -0.0049
    83 H7     *py        0.0000   -0.0000    0.0002    0.0004   -0.0005   -0.0000   -0.0000    0.0000    0.0000    0.0105
    84 H7     *pz        0.0000    0.0000   -0.0000   -0.0000    0.0000    0.0000    0.0000   -0.0000    0.0000   -0.0005
    85 H8     1s        -0.0000    0.0003   -0.0001    0.0004    0.0011    0.0001   -0.0002   -0.0002   -0.0000    0.1110
    86 H8     *s         0.0000    0.0002    0.0002   -0.0009   -0.0010    0.0002   -0.0004   -0.0002   -0.0000   -0.0562
    87 H8     *px        0.0000    0.0002   -0.0000    0.0002    0.0004    0.0000    0.0001    0.0000    0.0000    0.0082
    88 H8     *py       -0.0000    0.0001   -0.0000    0.0001    0.0005   -0.0000    0.0000    0.0000    0.0000    0.0081
    89 H8     *pz       -0.0000   -0.0000    0.0000   -0.0000   -0.0001    0.0000   -0.0000   -0.0000    0.0000   -0.0010
    90 H9     1s        -0.0000   -0.0010   -0.0002   -0.0001   -0.0004   -0.0003    0.0003   -0.0000   -0.0000    0.0663
    91 H9     *s         0.0001    0.0014    0.0002   -0.0002   -0.0001    0.0008    0.0002    0.0004    0.0000   -0.0310
    92 H9     *px       -0.0000   -0.0006   -0.0000   -0.0001   -0.0002   -0.0001   -0.0001   -0.0001   -0.0000    0.0049
    93 H9     *py       -0.0000    0.0001    0.0000    0.0000    0.0000   -0.0002   -0.0001   -0.0000   -0.0000   -0.0048
    94 H9     *pz        0.0000    0.0000   -0.0000    0.0000    0.0000    0.0000    0.0000    0.0000   -0.0000    0.0001


      Orbital                11        12        13        14        15        16        17        18        19        20
      Energy            -0.9464   -0.9309   -0.7586   -0.6851   -0.6767   -0.5635   -0.5393   -0.5948   -0.4549   -0.5666
      Occ. No.           2.0000    2.0000    2.0000    2.0000    2.0000    2.0000    2.0000    1.9675    1.9790    1.9745

     1 S1     1s         0.0002    0.0008   -0.0001   -0.0000   -0.0002   -0.0000    0.0001   -0.0003   -0.0000    0.0029
     2 S1     2s         0.0020    0.0081   -0.0014   -0.0001   -0.0010   -0.0001   -0.0000    0.0000   -0.0000    0.0063
     3 S1     3s        -0.2042   -0.7705   -0.3905    0.0164    0.0961    0.0037   -0.0857    0.0343   -0.0000    0.0180
     4 S1     *s         0.0013    0.0023   -0.0307    0.0003    0.0242    0.0010   -0.0246    0.0212    0.0000   -0.2032
     5 S1     2px        0.0032   -0.0012    0.0003    0.0039   -0.0004   -0.0006   -0.0000    0.0120   -0.0001    0.0049
     6 S1     3px        0.0056   -0.0540   -0.0120    0.0242    0.0122    0.0312    0.0147   -0.6947   -0.0465   -0.2166
     7 S1     *px        0.0077    0.0015    0.0037    0.0200   -0.0066    0.0014   -0.0012    0.1639    0.0010    0.0353
     8 S1     2py       -0.0014   -0.0031    0.0010   -0.0006   -0.0030    0.0001   -0.0001   -0.0025   -0.0001    0.0130
     9 S1     3py       -0.0382   -0.1461   -0.0194   -0.0007    0.0401   -0.0023    0.0827    0.2222   -0.0610   -0.7731
    10 S1     *py       -0.0044   -0.0117    0.0097   -0.0025   -0.0367   -0.0004   -0.0071   -0.0398    0.0014    0.0894
    11 S1     2pz       -0.0001    0.0003   -0.0001   -0.0002    0.0002    0.0000    0.0000   -0.0005   -0.0009   -0.0012
    12 S1     3pz        0.0025    0.0136    0.0021   -0.0013   -0.0036   -0.0016   -0.0068    0.0223   -0.8400    0.0681
    13 S1     *pz       -0.0001    0.0008   -0.0009   -0.0009    0.0030   -0.0000    0.0006   -0.0062    0.0187   -0.0084
    14 S1     *d2-       0.0138    0.0012   -0.0021    0.0026   -0.0099    0.0130   -0.0077    0.0819    0.0024    0.0101
    15 S1     *d1-      -0.0004   -0.0000    0.0004   -0.0001    0.0028   -0.0004    0.0019   -0.0018    0.0365   -0.0058
    16 S1     *d0        0.0011    0.0033   -0.0027    0.0001    0.0023    0.0003   -0.0011    0.0047   -0.0051   -0.0426
    17 S1     *d1+      -0.0011    0.0005   -0.0006   -0.0002   -0.0005   -0.0012   -0.0007   -0.0072    0.0054   -0.0050
    18 S1     *d2+       0.0033   -0.0055    0.0081   -0.0001    0.0263    0.0045    0.0214    0.0307   -0.0024    0.0023
    19 C2     1s         0.0156    0.0023   -0.0087    0.0076   -0.0011   -0.0004   -0.0020    0.0030   -0.0000    0.0004
    20 C2     2s        -0.4426   -0.0009    0.3682   -0.2339   -0.0324   -0.1390    0.0014   -0.2594    0.0000    0.2001
    21 C2     *s         0.1062   -0.0014   -0.0455    0.0169    0.0247   -0.0102    0.0045   -0.0072   -0.0000   -0.0256
    22 C2     2px       -0.0111   -0.0216    0.1895   -0.2988    0.2497    0.3151    0.2371    0.2342   -0.0144   -0.1248
    23 C2     *px        0.0155    0.0140   -0.0602    0.0761   -0.0510   -0.0472   -0.0355    0.0027    0.0009    0.0225
    24 C2     2py        0.1583   -0.1506   -0.1374   -0.0721    0.1659    0.2102    0.1662   -0.3823   -0.0188    0.2878
    25 C2     *py       -0.0327    0.0522    0.0453    0.0222   -0.0399   -0.0279   -0.0195    0.0754    0.0012   -0.0625
    26 C2     2pz       -0.0109    0.0121   -0.0005    0.0218   -0.0259   -0.0327   -0.0252    0.0148   -0.2592   -0.0140
    27 C2     *pz        0.0015   -0.0046    0.0000   -0.0058    0.0057    0.0046    0.0034   -0.0056    0.0159    0.0033
    28 C2     *d2-      -0.0066    0.0174    0.0087   -0.0007   -0.0090   -0.0080    0.0076    0.0184    0.0001   -0.0241
    29 C2     *d1-       0.0018   -0.0003   -0.0007   -0.0009    0.0004    0.0003    0.0010    0.0013   -0.0191    0.0007
    30 C2     *d0        0.0085    0.0012   -0.0019    0.0014    0.0035    0.0004   -0.0003    0.0082    0.0009   -0.0089
    31 C2     *d1+       0.0010   -0.0015   -0.0008    0.0010    0.0014    0.0008   -0.0017   -0.0015    0.0161    0.0005
    32 C2     *d2+       0.0046    0.0068    0.0005   -0.0149   -0.0075   -0.0024    0.0202    0.0178    0.0023    0.0071
    33 C3     1s         0.0093   -0.0136    0.0024   -0.0075   -0.0046   -0.0037    0.0017   -0.0010   -0.0000    0.0018
    34 C3     2s        -0.2921    0.3620   -0.1342    0.3020    0.0442   -0.0052    0.0487    0.0293    0.0000   -0.0902
    35 C3     *s         0.0723   -0.0807    0.0265   -0.0045    0.0184    0.0445    0.0150    0.0548   -0.0000   -0.0187
    36 C3     2px       -0.2092   -0.0481    0.2769    0.0962    0.0397   -0.0273   -0.5439    0.0498   -0.0025   -0.0335
    37 C3     *px        0.0619    0.0049   -0.0639   -0.0478   -0.0145    0.0261    0.1137   -0.0273    0.0020    0.0073
    38 C3     2py       -0.0962   -0.0256    0.1391   -0.1229   -0.4208   -0.4234    0.0677    0.0420   -0.0033   -0.0819
    39 C3     *py        0.0164    0.0188   -0.0434    0.0446    0.1023    0.1128   -0.0017    0.0376    0.0027   -0.0114
    40 C3     2pz        0.0186    0.0045   -0.0254    0.0036    0.0283    0.0322    0.0252   -0.0058   -0.0449    0.0078
    41 C3     *pz       -0.0046   -0.0016    0.0067   -0.0006   -0.0066   -0.0096   -0.0062   -0.0012    0.0367    0.0004
    42 C3     *d2-      -0.0191    0.0014    0.0116   -0.0105    0.0011   -0.0299   -0.0056    0.0088   -0.0008   -0.0019
    43 C3     *d1-       0.0022   -0.0005   -0.0009   -0.0007    0.0005    0.0015    0.0020    0.0006   -0.0095   -0.0008
    44 C3     *d0        0.0028   -0.0073    0.0027   -0.0006    0.0019   -0.0005   -0.0015   -0.0011    0.0016   -0.0017
    45 C3     *d1+       0.0011   -0.0012   -0.0001    0.0016   -0.0001    0.0022   -0.0012   -0.0017   -0.0037    0.0005
    46 C3     *d2+       0.0102    0.0067   -0.0082   -0.0161    0.0040   -0.0016    0.0260    0.0164    0.0005   -0.0101
    47 C4     1s        -0.0152   -0.0069    0.0029    0.0079   -0.0042    0.0037    0.0017    0.0007   -0.0000    0.0019
    48 C4     2s         0.4395    0.1574   -0.1503   -0.3026    0.0272    0.0046    0.0493   -0.0099   -0.0000   -0.0929
    49 C4     *s        -0.1059   -0.0368    0.0268    0.0031    0.0191   -0.0447    0.0145   -0.0480    0.0000   -0.0293
    50 C4     2px       -0.1231    0.1198   -0.2055    0.1488   -0.1718    0.1073    0.5358    0.0306   -0.0020    0.0113
    51 C4     *px        0.0457   -0.0286    0.0418   -0.0641    0.0449   -0.0115   -0.1074   -0.0350    0.0020   -0.0184
    52 C4     2py        0.1282   -0.1153    0.2265    0.1005   -0.3750    0.4111   -0.1163   -0.0377   -0.0026   -0.0941
    53 C4     *py       -0.0245    0.0325   -0.0639   -0.0295    0.0897   -0.1160    0.0356   -0.0225    0.0026   -0.0139
    54 C4     2pz       -0.0025    0.0017   -0.0051   -0.0155    0.0367   -0.0358   -0.0212    0.0010   -0.0365    0.0062
    55 C4     *pz       -0.0007   -0.0008    0.0023    0.0057   -0.0090    0.0091    0.0034    0.0036    0.0361    0.0020
    56 C4     *d2-      -0.0099   -0.0003   -0.0038   -0.0180   -0.0047   -0.0237   -0.0128    0.0152   -0.0005    0.0112
    57 C4     *d1-      -0.0014    0.0004   -0.0004    0.0015    0.0007    0.0000    0.0022   -0.0010   -0.0096   -0.0014
    58 C4     *d0       -0.0064   -0.0048    0.0027    0.0003    0.0019    0.0002   -0.0016    0.0017    0.0012   -0.0013
    59 C4     *d1+       0.0010   -0.0012    0.0013    0.0010    0.0004    0.0028   -0.0005   -0.0007   -0.0001   -0.0005
    60 C4     *d2+      -0.0155    0.0133   -0.0134    0.0058    0.0027   -0.0184    0.0231   -0.0054    0.0007   -0.0082
    61 C5     1s        -0.0128    0.0091   -0.0089   -0.0075   -0.0016    0.0004   -0.0020   -0.0028    0.0000    0.0002
    62 C5     2s         0.3987   -0.2021    0.3752    0.2266   -0.0198    0.1388    0.0036    0.2148   -0.0000    0.2612
    63 C5     *s        -0.0953    0.0525   -0.0447   -0.0181    0.0233    0.0098    0.0046    0.0082    0.0000   -0.0264
    64 C5     2px       -0.0713    0.0198   -0.2259   -0.2385   -0.1971    0.2265   -0.1622    0.2972   -0.0136    0.2885
    65 C5     *px        0.0255   -0.0083    0.0733    0.0596    0.0384   -0.0352    0.0260   -0.0157    0.0011   -0.0474
    66 C5     2py       -0.2020   -0.0383   -0.0507    0.1589    0.2489   -0.3130    0.2320    0.2280   -0.0178    0.2819
    67 C5     *py        0.0493    0.0290    0.0185   -0.0452   -0.0570    0.0434   -0.0295   -0.0610    0.0015   -0.0646
    68 C5     2pz        0.0186    0.0017    0.0162    0.0017   -0.0072    0.0102   -0.0079   -0.0330   -0.2453   -0.0364
    69 C5     *pz       -0.0050   -0.0016   -0.0054   -0.0000    0.0020   -0.0012    0.0007    0.0053    0.0201    0.0073
    70 C5     *d2-      -0.0107   -0.0130   -0.0068   -0.0102    0.0108   -0.0073   -0.0189    0.0227   -0.0022    0.0191
    71 C5     *d1-      -0.0011    0.0012   -0.0002    0.0012   -0.0001    0.0001    0.0018   -0.0025   -0.0119   -0.0009
    72 C5     *d0       -0.0072    0.0046   -0.0021   -0.0018    0.0036   -0.0005   -0.0005   -0.0062    0.0035   -0.0103
    73 C5     *d1+       0.0006    0.0015    0.0006   -0.0000   -0.0005    0.0007    0.0008   -0.0019   -0.0206   -0.0035
    74 C5     *d2+      -0.0102   -0.0012   -0.0048    0.0111    0.0008   -0.0037    0.0105   -0.0063   -0.0003    0.0198
    75 H6     1s        -0.2081   -0.0277    0.3391   -0.4210    0.2149    0.2500    0.2826    0.1009   -0.0000    0.0107
    76 H6     *s         0.0765    0.0078   -0.1240    0.1311   -0.0792   -0.0790   -0.0723   -0.0104    0.0000   -0.0127
    77 H6     *px        0.0148    0.0034   -0.0200    0.0197   -0.0119   -0.0106   -0.0095    0.0010   -0.0003   -0.0011
    78 H6     *py        0.0031   -0.0023   -0.0044    0.0025    0.0020    0.0018   -0.0002   -0.0059   -0.0004    0.0061
    79 H6     *pz       -0.0010   -0.0000    0.0014   -0.0013    0.0005    0.0005    0.0005    0.0004   -0.0062   -0.0004
    80 H7     1s        -0.1229    0.1746   -0.0860    0.3135    0.3858    0.3926   -0.2743   -0.0328    0.0000    0.0419
    81 H7     *s         0.0544   -0.0648    0.0274   -0.0924   -0.1259   -0.0978    0.0687   -0.0001   -0.0000    0.0011
    82 H7     *px        0.0009   -0.0065    0.0052   -0.0053   -0.0090   -0.0108   -0.0038   -0.0005   -0.0000    0.0005
    83 H7     *py       -0.0114    0.0113   -0.0030    0.0145    0.0167    0.0097   -0.0126    0.0016   -0.0001   -0.0012
    84 H7     *pz        0.0008   -0.0005   -0.0001   -0.0008   -0.0007   -0.0001    0.0011   -0.0001   -0.0008    0.0001
    85 H8     1s         0.1905    0.0808   -0.0990   -0.3364    0.3661   -0.3885   -0.2813    0.0236   -0.0000    0.0451
    86 H8     *s        -0.0790   -0.0258    0.0317    0.0997   -0.1201    0.0966    0.0703   -0.0005   -0.0000    0.0021
    87 H8     *px        0.0090    0.0058   -0.0064   -0.0106    0.0135   -0.0134   -0.0009   -0.0007   -0.0000   -0.0012
    88 H8     *py        0.0132    0.0016   -0.0017   -0.0126    0.0119   -0.0052   -0.0133   -0.0011   -0.0000   -0.0012
    89 H8     *pz       -0.0015   -0.0004    0.0005    0.0015   -0.0016    0.0011    0.0010    0.0001   -0.0006    0.0002
    90 H9     1s         0.1732   -0.1252    0.3485    0.3983    0.2410   -0.2548    0.2774   -0.0996   -0.0000   -0.0105
    91 H9     *s        -0.0652    0.0428   -0.1275   -0.1228   -0.0872    0.0804   -0.0708    0.0120    0.0000   -0.0112
    92 H9     *px        0.0097   -0.0094    0.0179    0.0166    0.0129   -0.0107    0.0087    0.0024   -0.0003    0.0038
    93 H9     *py       -0.0077    0.0033   -0.0111   -0.0087   -0.0028    0.0019   -0.0034    0.0039   -0.0004    0.0063
    94 H9     *pz        0.0000    0.0003   -0.0002   -0.0003   -0.0005    0.0005   -0.0002   -0.0004   -0.0059   -0.0007


      Orbital                21        22        23        24        25        26        27
      Energy            -0.3898   -0.3108    0.1700    0.4782    0.3615    0.2828    0.7884
      Occ. No.           1.9464    1.9095    0.0965    0.0273    0.0310    0.0597    0.0086

     1 S1     1s         0.0000   -0.0000    0.0000    0.0040   -0.0022    0.0000   -0.0000
     2 S1     2s        -0.0000   -0.0000    0.0000    0.0109   -0.0148    0.0000   -0.0000
     3 S1     3s        -0.0000    0.0000    0.0000   -0.4224   -0.0141   -0.0000   -0.0001
     4 S1     *s        -0.0000    0.0000   -0.0000   -0.3868    0.0716   -0.0000    0.0000
     5 S1     2px       -0.0001    0.0000   -0.0008    0.0151    0.0542    0.0000   -0.0011
     6 S1     3px       -0.0175    0.0012   -0.0284    0.2677    1.1159    0.0001   -0.0103
     7 S1     *px       -0.0034   -0.0000    0.0004   -0.0441   -0.1560   -0.0004    0.0099
     8 S1     2py       -0.0001    0.0000   -0.0011    0.0538   -0.0136    0.0000   -0.0014
     9 S1     3py       -0.0230    0.0015   -0.0373    0.9661   -0.2680    0.0002   -0.0136
    10 S1     *py       -0.0044   -0.0000    0.0005   -0.1118    0.0381   -0.0006    0.0130
    11 S1     2pz       -0.0018    0.0002   -0.0147   -0.0047   -0.0020    0.0006   -0.0193
    12 S1     3pz       -0.3168    0.0209   -0.5132   -0.0849   -0.0423    0.0021   -0.1873
    13 S1     *pz       -0.0613   -0.0004    0.0071    0.0106    0.0059   -0.0078    0.1785
    14 S1     *d2-      -0.0010   -0.0038   -0.0023   -0.0206    0.0763   -0.0065    0.0362
    15 S1     *d1-      -0.0138    0.0123   -0.0418   -0.0189    0.0014    0.0291   -0.3178
    16 S1     *d0        0.0020    0.0043    0.0053   -0.1660    0.0347    0.0070   -0.0312
    17 S1     *d1+      -0.0028   -0.0609    0.0004   -0.0153   -0.0032   -0.1107    0.7391
    18 S1     *d2+       0.0009   -0.0043    0.0031    0.0130    0.0169   -0.0082    0.0640
    19 C2     1s         0.0000    0.0000   -0.0000    0.0720   -0.0709    0.0000   -0.0000
    20 C2     2s        -0.0000    0.0000   -0.0000    0.6115   -0.6095    0.0000   -0.0000
    21 C2     *s         0.0000   -0.0000   -0.0000   -0.1139    0.1327    0.0000    0.0001
    22 C2     2px        0.0126   -0.0295    0.0407   -0.3787    0.3512   -0.0272   -0.0361
    23 C2     *px       -0.0014   -0.0020   -0.0045    0.0751   -0.0709    0.0014    0.0321
    24 C2     2py        0.0165   -0.0387    0.0533    0.6078   -0.6668   -0.0356   -0.0474
    25 C2     *py       -0.0018   -0.0026   -0.0059   -0.1771    0.1958    0.0019    0.0421
    26 C2     2pz        0.2277   -0.5326    0.7341   -0.0232    0.0290   -0.4900   -0.6519
    27 C2     *pz       -0.0244   -0.0362   -0.0813    0.0087   -0.0103    0.0261    0.5791
    28 C2     *d2-      -0.0021    0.0013   -0.0001   -0.0531    0.0747   -0.0017    0.0053
    29 C2     *d1-      -0.0236    0.0050    0.0092   -0.0019   -0.0009   -0.0438    0.1611
    30 C2     *d0        0.0040   -0.0019   -0.0003   -0.0132    0.0134    0.0046   -0.0156
    31 C2     *d1+      -0.0106    0.0133   -0.0087    0.0051   -0.0054    0.0097   -0.0503
    32 C2     *d2+       0.0011    0.0004   -0.0012   -0.0444    0.0222    0.0037   -0.0145
    33 C3     1s         0.0000   -0.0000    0.0000    0.0036   -0.0065   -0.0000    0.0000
    34 C3     2s        -0.0000    0.0000    0.0000    0.0014    0.0136   -0.0000   -0.0000
    35 C3     *s         0.0000   -0.0000    0.0000    0.0117    0.0545   -0.0000   -0.0000
    36 C3     2px        0.0279   -0.0184   -0.0221    0.0351    0.0250    0.0413    0.0057
    37 C3     *px       -0.0003   -0.0007    0.0004    0.0053   -0.0357    0.0030   -0.0064
    38 C3     2py        0.0366   -0.0242   -0.0289   -0.0081    0.0597    0.0541    0.0075
    39 C3     *py       -0.0004   -0.0009    0.0006    0.0041    0.0082    0.0039   -0.0084
    40 C3     2pz        0.5041   -0.3333   -0.3986   -0.0014   -0.0057    0.7459    0.1032
    41 C3     *pz       -0.0049   -0.0124    0.0081   -0.0006    0.0014    0.0543   -0.1153
    42 C3     *d2-      -0.0002   -0.0025    0.0025   -0.0014    0.0082    0.0012   -0.0024
    43 C3     *d1-       0.0149   -0.0165    0.0093   -0.0004    0.0001    0.0049   -0.0266
    44 C3     *d0       -0.0005    0.0042   -0.0038    0.0042   -0.0037   -0.0018    0.0045
    45 C3     *d1+      -0.0142   -0.0221    0.0270    0.0013   -0.0017    0.0123   -0.0121
    46 C3     *d2+      -0.0019   -0.0000    0.0008   -0.0136    0.0136    0.0003    0.0013
    47 C4     1s         0.0000    0.0000   -0.0000    0.0061    0.0070   -0.0000   -0.0000
    48 C4     2s         0.0000    0.0000   -0.0000    0.0045   -0.0109   -0.0000   -0.0000
    49 C4     *s         0.0000   -0.0000   -0.0000   -0.0186   -0.0645    0.0000    0.0001
    50 C4     2px        0.0286    0.0175   -0.0212   -0.0364    0.0090   -0.0419   -0.0071
    51 C4     *px       -0.0003    0.0007    0.0005   -0.0135   -0.0362   -0.0028    0.0068
    52 C4     2py        0.0376    0.0229   -0.0278   -0.0032   -0.0667   -0.0549   -0.0093
    53 C4     *py       -0.0003    0.0008    0.0007   -0.0039   -0.0002   -0.0037    0.0090
    54 C4     2pz        0.5172    0.3155   -0.3833    0.0023    0.0043   -0.7562   -0.1280
    55 C4     *pz       -0.0045    0.0117    0.0092    0.0010    0.0020   -0.0511    0.1234
    56 C4     *d2-       0.0018    0.0001   -0.0006    0.0120    0.0127    0.0002    0.0017
    57 C4     *d1-       0.0100    0.0232    0.0180   -0.0008   -0.0006   -0.0088    0.0217
    58 C4     *d0       -0.0030   -0.0014   -0.0001    0.0050    0.0031    0.0002   -0.0034
    59 C4     *d1+       0.0176   -0.0160   -0.0224    0.0002   -0.0004    0.0098    0.0066
    60 C4     *d2+       0.0002   -0.0026   -0.0025   -0.0106   -0.0036    0.0012   -0.0012
    61 C5     1s         0.0000   -0.0000    0.0000    0.0862    0.0627    0.0000    0.0000
    62 C5     2s         0.0000   -0.0000    0.0000    0.7207    0.5352    0.0000    0.0000
    63 C5     *s        -0.0000    0.0000    0.0000   -0.1436   -0.1244   -0.0000   -0.0001
    64 C5     2px        0.0137    0.0292    0.0401    0.6504    0.4789    0.0283    0.0240
    65 C5     *px       -0.0012    0.0021   -0.0040   -0.1502   -0.1132   -0.0017   -0.0227
    66 C5     2py        0.0180    0.0383    0.0526    0.5216    0.4458    0.0372    0.0315
    67 C5     *py       -0.0015    0.0027   -0.0053   -0.1771   -0.1478   -0.0022   -0.0296
    68 C5     2pz        0.2478    0.5271    0.7238   -0.0739   -0.0589    0.5119    0.4338
    69 C5     *pz       -0.0209    0.0373   -0.0725    0.0212    0.0170   -0.0308   -0.4093
    70 C5     *d2-      -0.0012    0.0004    0.0014    0.0860    0.0635    0.0038   -0.0073
    71 C5     *d1-      -0.0259   -0.0077    0.0076   -0.0066   -0.0026    0.0379   -0.0857
    72 C5     *d0        0.0030   -0.0001   -0.0022   -0.0172   -0.0105   -0.0070    0.0142
    73 C5     *d1+       0.0030    0.0115    0.0128   -0.0082   -0.0074    0.0230   -0.0344
    74 C5     *d2+       0.0021    0.0012    0.0002    0.0054    0.0311   -0.0015    0.0043
    75 H6     1s         0.0000   -0.0000    0.0000   -0.1023    0.0041   -0.0000   -0.0000
    76 H6     *s        -0.0000    0.0000   -0.0000    0.0161   -0.0318    0.0000    0.0000
    77 H6     *px        0.0003   -0.0007    0.0005   -0.0025    0.0058   -0.0001   -0.0009
    78 H6     *py        0.0004   -0.0009    0.0007    0.0072   -0.0119   -0.0002   -0.0012
    79 H6     *pz        0.0054   -0.0127    0.0090   -0.0004    0.0005   -0.0024   -0.0165
    80 H7     1s        -0.0000    0.0000   -0.0000    0.0297   -0.0496    0.0000    0.0000
    81 H7     *s         0.0000   -0.0000    0.0000   -0.0015    0.0088    0.0000   -0.0000
    82 H7     *px        0.0007   -0.0005   -0.0003    0.0044   -0.0017    0.0004    0.0006
    83 H7     *py        0.0009   -0.0006   -0.0004    0.0023   -0.0017    0.0005    0.0008
    84 H7     *pz        0.0123   -0.0084   -0.0050   -0.0004    0.0002    0.0071    0.0110
    85 H8     1s        -0.0000   -0.0000    0.0000    0.0361    0.0456    0.0000   -0.0000
    86 H8     *s        -0.0000   -0.0000   -0.0000   -0.0054   -0.0106    0.0000    0.0000
    87 H8     *px        0.0007    0.0004   -0.0003   -0.0036   -0.0004   -0.0004   -0.0006
    88 H8     *py        0.0009    0.0006   -0.0003    0.0043    0.0018   -0.0005   -0.0008
    89 H8     *pz        0.0126    0.0079   -0.0047   -0.0001   -0.0001   -0.0072   -0.0110
    90 H9     1s         0.0000    0.0000   -0.0000   -0.1007    0.0108   -0.0000   -0.0000
    91 H9     *s        -0.0000   -0.0000   -0.0000    0.0227    0.0321   -0.0000   -0.0000
    92 H9     *px        0.0003    0.0007    0.0005    0.0066    0.0090    0.0002    0.0008
    93 H9     *py        0.0004    0.0009    0.0007    0.0075    0.0083    0.0002    0.0010
    94 H9     *pz        0.0059    0.0127    0.0091   -0.0009   -0.0011    0.0028    0.0137
--

      Von Neumann Entropy (Root   1) =  0.73242


      Mulliken population analysis for root number:  1
      -----------------------------------------------


++    Molecular charges:
      ------------------

      Mulliken charges per centre and basis function type
      ---------------------------------------------------

                S1      C2      C3      C4      C5      H6      H7      H8      H9    
      1s       2.0000  2.0031  2.0032  2.0032  2.0030  1.2672  1.2755  1.2755  1.2671
      2s       2.0066  1.4487  1.4300  1.4293  1.4514  0.0000  0.0000  0.0000  0.0000
      2px      2.0003  1.1524  1.1324  1.1431  1.1034  0.0000  0.0000  0.0000  0.0000
      2pz      1.9998  1.0721  1.0179  1.0210  1.0649  0.0000  0.0000  0.0000  0.0000
      2py      2.0001  1.0753  1.1623  1.1503  1.1308  0.0000  0.0000  0.0000  0.0000
      3s       1.8358  0.0000  0.0000  0.0000  0.0000  0.0000  0.0000  0.0000  0.0000
      3px      1.2055  0.0000  0.0000  0.0000  0.0000  0.0000  0.0000  0.0000  0.0000
      3pz      1.7108  0.0000  0.0000  0.0000  0.0000  0.0000  0.0000  0.0000  0.0000
      3py      1.4670  0.0000  0.0000  0.0000  0.0000  0.0000  0.0000  0.0000  0.0000
      *s      -0.0380 -0.2707 -0.3138 -0.3130 -0.2730 -0.3576 -0.3396 -0.3393 -0.3580
      *px     -0.2532 -0.2164 -0.2120 -0.2282 -0.2017  0.0230  0.0068  0.0126  0.0196
      *pz     -0.0205  0.0010 -0.0170 -0.0169 -0.0001  0.0063  0.0060  0.0061  0.0063
      *py     -0.1739 -0.1988 -0.2700 -0.2527 -0.2151  0.0037  0.0193  0.0134  0.0072
      *d2+     0.0204  0.0213  0.0263  0.0250  0.0165  0.0000  0.0000  0.0000  0.0000
      *d1+     0.0327  0.0064  0.0131  0.0101  0.0065  0.0000  0.0000  0.0000  0.0000
      *d0      0.0159  0.0049  0.0047  0.0045  0.0049  0.0000  0.0000  0.0000  0.0000
      *d1-     0.0133  0.0165  0.0085  0.0115  0.0155  0.0000  0.0000  0.0000  0.0000
      *d2-     0.0550  0.0237  0.0262  0.0275  0.0284  0.0000  0.0000  0.0000  0.0000
      Total   15.8775  6.1393  6.0119  6.0148  6.1354  0.9426  0.9680  0.9683  0.9422

      N-E      0.1225 -0.1393 -0.0119 -0.0148 -0.1354  0.0574  0.0320  0.0317  0.0578

      Total electronic charge=   44.000000

      Total            charge=   -0.000000
--



      Expectation values of various properties for root number:  1
      -----------------------------------------------------------


++    Molecular properties:
      ---------------------

      Charge (e):
                      =   -0.0000
      Dipole Moment (debye):
      Origin of the operator (angstrom)=    0.0000    0.0000    0.0000
                   X= -1.3918E-01               Y= -6.9583E-01               Z=  5.8221E-02           Total=  7.1200E-01
      Quadrupole Moment (debye*angstrom):
      Origin of the operator (angstrom)=    0.1059    0.6070   -0.0499
                  XX= -3.1570E+01              XY= -6.6271E-01              XZ= -4.4274E-01              YY= -3.4939E+01
                  YZ= -3.6244E-01              ZZ= -4.0386E+01
      In traceless form (debye*angstrom)
                  XX=  6.0929E+00              XY= -9.9407E-01              XZ= -6.6411E-01              YY=  1.0387E+00
                  YZ= -5.4366E-01              ZZ= -7.1316E+00
--


      Input file to MOLDEN was generated!

      Average orbitals are written to the RASORB file
      Natural orbitals for root   1 are written to the RASORB.1 file
      Spin density orbitals for root   1 are written to the SPDORB.1 file

 ###############################################################################
 ###############################################################################
 ###                                                                         ###
 ###                                                                         ###
 ###    WARNING: RunFile label BirthCertificate                              ###
 ###    was used       66 times                                              ###
 ###                                                                         ###
 ###                                                                         ###
 ###############################################################################
 ###############################################################################
--- Stop Module: rasscf at Wed Sep 23 20:43:14 2026 /rc=_RC_ALL_IS_WELL_ ---
*** files: thiophene_dyson.rasscf.molden thiophene_dyson.RasOrb thiophene_dyson.RasOrb.1 thiophene_dyson.rasscf.h5 thiophene_dyson.SpdOrb.1 xmldump
    saved to directory /home/adrian/projects/Kallen/runs/thiophene
--- Module rasscf spent 57 seconds ---

>>> COPY thiophene_dyson.rasscf.molden thiophene_neutral.rasscf.molden

>>> COPY thiophene_dyson.JobIph JOB001

*** symbolic link created: INPORB -> thiophene_dyson.RasOrb
--- Start Module: caspt2 at Wed Sep 23 20:43:14 2026 ---

()()()()()()()()()()()()()()()()()()()()()()()()()()()()()()()()()()()()()()()()()()()()()()()()()()

                                              &CASPT2

                                   only a single process is used
                       available to each process: 2.0 GB of memory, 1 thread?
                                            pid: 2763033
()()()()()()()()()()()()()()()()()()()()()()()()()()()()()()()()()()()()()()()()()()()()()()()()()()


++    Wave function specifications:
      -----------------------------

      Number of closed shell electrons          16
      Number of electrons in active shells      10
      Max number of holes in RAS1 space          0
      Max number of electrons in RAS3 space      0
      Number of inactive orbitals                8
      Number of active orbitals                 10
      Number of secondary orbitals              67
      Spin quantum number                      0.0
      State symmetry                             1
      Number of CSFs                         19404
      Number of CASSCF root(s) available         1
      CASPT2 state passed to geometry opt.       1
      A file JOBMIX will be created
      This is a CASSCF or RASSCF reference function
--

++    Orbital specifications:
      -----------------------

      Symmetry species                           1
                                                 a
      Frozen orbitals                            9
      Inactive orbitals                          8
      Active orbitals                           10
      Secondary orbitals                        67
      Deleted orbitals                           0
      Number of basis functions                 94
--

++    CASPT2 specifications:
      ----------------------

      Type of calculation                        SS-CASPT2
      Fock operator                              state-specific
      IPEA shift                                 0.25
      Real shift                                 0.00
      Imaginary shift                            0.10
      The input orbitals will be transformed to quasi-canonical
--

--------------------------------------------------------------------------------
 Estimated memory requirements:
  POLY3 :                  3551880
  RHS:                      898950
  SIGMA :                   978960
  PRPCTL:                        0
 Available workspace:    255932532

++ CASPT2 computation for group   1

********************************************************************************
 Multi-State initialization phase begins for group   1
--------------------------------------------------------------------------------
********************************************************************************
 Compute H0 matrices for state    1
--------------------------------------------------------------------------------
--------------------------------------------------------------------------------
 H0 matrices have been computed.

********************************************************************************
  CASPT2 EQUATION SOLUTION
--------------------------------------------------------------------------------

  Total nr of CASPT2 parameters:
   Before reduction:      956141
   After  reduction:      954855

 Variance of |WF0>:       1.6959837152

 The contributions to the second order correlation energy in atomic units.
-----------------------------------------------------------------------------------------------------------------------------
  IT.      VJTU        VJTI        ATVX        AIVX        VJAI        BVAT        BJAT        BJAI        TOTAL       RNORM  
-----------------------------------------------------------------------------------------------------------------------------
   1    -0.006982   -0.004457   -0.039288   -0.101679   -0.019816   -0.060251   -0.113582   -0.198998   -0.545052    0.018489
   2    -0.007205   -0.004625   -0.039983   -0.103047   -0.020047   -0.060693   -0.113962   -0.199417   -0.548979    0.003285
   3    -0.007213   -0.004630   -0.039994   -0.103090   -0.020038   -0.060698   -0.113970   -0.199390   -0.549022    0.000735
   4    -0.007212   -0.004632   -0.039978   -0.103052   -0.020030   -0.060683   -0.113952   -0.199372   -0.548909    0.000135
   5    -0.007213   -0.004632   -0.039977   -0.103050   -0.020030   -0.060682   -0.113952   -0.199373   -0.548909    0.000029
   6    -0.007213   -0.004632   -0.039977   -0.103052   -0.020030   -0.060683   -0.113952   -0.199374   -0.548912    0.000005
   7    -0.007213   -0.004632   -0.039977   -0.103052   -0.020030   -0.060683   -0.113952   -0.199374   -0.548912    0.000001
-----------------------------------------------------------------------------------------------------------------------------

  FINAL CASPT2 RESULT:

      Reference energy:        -551.4311895709
      E2 (Non-variational):      -0.5489122287
      Shift correction:          -0.0007862704
      E2 (Variational):          -0.5496984991
      Total energy:            -551.9808880700
      Residual norm:              0.0000001869
      Reference weight:           0.83380

      Contributions to the CASPT2 correlation energy
      Active & Virtual Only:         -0.1006603319
      One Inactive Excited:          -0.2242166107
      Two Inactive Excited:          -0.2240352861


++ Denominators, etc.
--------------------------------------------------------------------------------------------------------------
 Report on small energy denominators, large coefficients, and large energy contributions.
CASE  SYMM ACTIVE-MIX  NON-ACTIVE INDICES          DENOMINATOR     RHS VALUE       COEFFICIENT     CONTRIBUTION
--

   (Skipping property calculation,
    use PROP keyword to activate)
--

  Total CASPT2 energies:
::    CASPT2 Root  1     Total energy:   -551.98088807

  A NEW JOBIPH FILE NAMED 'JOBMIX' IS PREPARED.
********************************************************************************
--- Stop Module: caspt2 at Wed Sep 23 20:43:27 2026 /rc=_RC_ALL_IS_WELL_ ---
*** files: xmldump
    saved to directory /home/adrian/projects/Kallen/runs/thiophene
--- Module caspt2 spent 12 seconds ---

*** symbolic link created: INPORB -> thiophene_dyson.RasOrb
--- Start Module: rasscf at Wed Sep 23 20:43:27 2026 ---

()()()()()()()()()()()()()()()()()()()()()()()()()()()()()()()()()()()()()()()()()()()()()()()()()()

                                              &RASSCF

                                   only a single process is used
                       available to each process: 2.0 GB of memory, 1 thread?
                                            pid: 2763186
()()()()()()()()()()()()()()()()()()()()()()()()()()()()()()()()()()()()()()()()()()()()()()()()()()

 ###############################################################################
 ###############################################################################
 ###                                                                         ###
 ###                                                                         ###
 ###    WARNING: CHARGE and NACTEL are only compatible if INACTIVE           ###
 ###    is not given and the symmetry group is C1. Hence the                 ###
 ###    CHARGE command will be ignored.                                      ###
 ###                                                                         ###
 ###                                                                         ###
 ###############################################################################
 ###############################################################################

      Header of the ONEINT file:
      --------------------------
      
      Integrals generated by Gateway/Seward, Wed Sep 23 20:42:12 2026


      OrdInt status: non-squared


      Cartesian coordinates in angstrom:
      -----------------------------------------------------
      No.  Label        X            Y            Z        
      -----------------------------------------------------
       1   S1         0.30414372   1.74386315  -0.14343283
       2   C2         1.32105416   0.33448000  -0.09741189
       3   C3         0.58361575  -0.81418570   0.02678998
       4   C4        -0.82394357  -0.56377967   0.08655984
       5   C5        -1.12838407   0.77023183   0.00653748
       6   H6         2.40178300   0.44073375  -0.16495118
       7   H7         1.02775085  -1.80896436   0.07442340
       8   H8        -1.57789999  -1.34541882   0.18504322
       9   H9        -2.10811986   1.24303981   0.02644198
      -----------------------------------------------------
      Nuclear repulsion energy =  201.25526749

++    Wave function specifications:
      -----------------------------

      Number of closed shell electrons          34
      Number of electrons in active shells       9
      Max number of holes in RAS1 space          0
      Max nr of electrons in RAS3 space          0
      Number of inactive orbitals               17
      Number of active orbitals                 10
      Number of secondary orbitals              67
      Spin quantum number                      0.5
      State symmetry                             1
--

++    Orbital specifications:
      -----------------------

      Symmetry species                           1
                                                 a
      Frozen orbitals                            0
      Inactive orbitals                         17
      Active orbitals                           10
      RAS1 orbitals                              0
      RAS2 orbitals                             10
      RAS3 orbitals                              0
      Secondary orbitals                        67
      Deleted orbitals                           0
      Number of basis functions                 94
--

++    CI expansion specifications:
      ----------------------------

      Number of CSFs                         27720
      Number of determinants                 52920
      Number of root(s) required                10
      Root chosen for geometry opt.             10
      CI roots used                              1     2     3     4     5     6     7     8     9    10
      weights                                0.100 0.100 0.100 0.100 0.100 0.100 0.100 0.100 0.100 0.100
      highest root included in the CI           10
      max. size of the explicit Hamiltonian    200
--

++    Optimization specifications:
      ----------------------------

      RASSCF algorithm: Conventional
      Maximum number of macro iterations       200
      Maximum number of SX iterations          100
      Threshold for RASSCF energy            1.000E-08
      Threshold for max MO rotation          1.000E-01
      Threshold for max BLB element          1.000E-04
      Level shift parameter                  5.000E-01
      Make Quasi-Newton update
--

      Orbitals from runfile: rasscf orbitals
      The MO-coefficients are taken from rasscf orbitals on runfile

      Total molecular charge    1.00

      ************************************************************************************************************************
      *                                                                                                                      *
      *                                            Wave function control section                                             *
      *                                                                                                                      *
      ************************************************************************************************************************


                                         RASSCF iterations: Energy and convergence statistics
                                         ----------------------------------------------------

      Iter CI   SX   CI       RASSCF       Energy    max ROT     max BLB   max BLB  Level Ln srch  Step   QN   Walltime
          iter iter root      energy       change     param      element    value   shift minimum  type update hh:mm:ss
 Nr of preliminary CI iterations:   6
        1   1   58    0  -550.91267570    0.00E+00  -1.13E-01*  19  40 1  6.83E-02*  0.21   0.00    SX    NO    0:00:08
        2   6   13    0  -550.95015661   -3.75E-02* -3.75E-02   23  45 1  1.52E-02*  0.18   0.00    SX    NO    0:00:04
        3   3    7    0  -550.95375666   -3.60E-03* -2.60E-02   15  28 1  7.08E-03*  0.18   0.00    SX    NO    0:00:03
        4   6    7    0  -550.95460279   -8.46E-04* -1.58E-02   22  44 1 -2.67E-03*  0.18   0.00    SX    NO    0:00:04
        5   6    7    0  -550.95487452   -2.72E-04* -1.93E-02   12  20 1  1.46E-03*  0.18   2.35    LS   YES    0:00:05
        6   7    7    0  -550.95501840   -1.44E-04* -1.06E-02   22  44 1  1.20E-03*  0.17   1.20    QN   YES    0:00:05
        7   7    6    0  -550.95506237   -4.40E-05*  9.99E-03   15  28 1 -6.91E-04*  0.17   1.32    QN   YES    0:00:05
        8   7    6    0  -550.95508143   -1.91E-05*  8.39E-03   15  28 1 -4.17E-04*  0.17   1.88    LS   YES    0:00:05
        9   7    6    0  -550.95508708   -5.65E-06*  9.13E-03   14  25 1  3.97E-04*  0.17   1.10    QN   YES    0:00:05
       10  21    8    0  -550.95623895   -1.15E-03*  3.19E-01*  12  20 1  5.06E-03*  0.20   1.00    QN   YES    0:00:08
       11  10    8    0  -550.95427753    1.96E-03*  1.31E-01*  15  28 1  9.47E-03*  0.20   0.07    LS   YES    0:00:07
       12   8    8    0  -550.95559844   -1.32E-03*  1.16E-01*  12  20 1  5.95E-03*  0.20   2.36    LS   YES    0:00:05
       13   8    8    0  -550.95616739   -5.69E-04*  4.06E-02   12  20 1  5.42E-03*  0.20   1.51    QN   YES    0:00:06
       14   8    8    0  -550.95627058   -1.03E-04*  4.60E-03   12  20 1  5.19E-03*  0.20   1.18    QN   YES    0:00:05
       15   6    8    0  -550.95627929   -8.71E-06*  2.22E-02   12  20 1  5.15E-03*  0.20   1.32    QN   YES    0:00:04
       16  10    8    0  -550.95628431   -5.01E-06*  2.30E-02   12  20 1  5.15E-03*  0.20   1.06    QN   YES    0:00:07
       17  10    8    0  -550.95628790   -3.60E-06*  1.32E-01*  12  20 1  5.17E-03*  0.20   2.50    QN   YES    0:00:07
       18  13    8    0  -550.95629295   -5.05E-06*  3.65E-02   12  20 1  5.32E-03*  0.20   0.68    QN   YES    0:00:09
       19  10    8    0  -550.95629635   -3.40E-06*  1.32E-02   12  20 1  5.28E-03*  0.20   1.00    QN   YES    0:00:07
       20   9    8    0  -550.95629608    2.66E-07* -1.51E-02   12  20 1  5.29E-03*  0.20  -0.22    SX   YES    0:00:06
       21  12    7    0  -550.95670327   -4.07E-04* -1.89E-02   12  20 1  3.37E-03*  0.20   2.35    LS   YES    0:00:08
       22   8    7    0  -550.95690378   -2.01E-04*  6.18E-02   19  40 1 -1.35E-03*  0.20   1.08    QN   YES    0:00:05
       23   9    6    0  -550.95699044   -8.67E-05*  3.04E-02   19  40 1 -4.31E-04*  0.19   1.54    LS   YES    0:00:06
       24   9    6    0  -550.95700220   -1.18E-05* -6.06E-03   20  39 1  2.43E-04*  0.19   1.08    QN   YES    0:00:06
       25   8    6    0  -550.95700749   -5.29E-06*  1.51E-02   15  49 1  1.61E-04*  0.19   1.33    QN   YES    0:00:06
       26   8    5    0  -550.95700867   -1.18E-06*  5.34E-04   19  48 1 -5.72E-05   0.19   1.07    QN   YES    0:00:06
       27   6    4    0  -550.95700877   -9.68E-08*  1.66E-04   15  32 1  2.64E-05   0.19   1.19    QN   YES    0:00:04
       28   4    4    0  -550.95700879   -1.67E-08*  2.69E-04   20  39 1 -6.92E-06   0.19   1.20    QN   YES    0:00:04
       29   3    4    0  -550.95700879   -2.19E-09   2.54E-04   12  25 1  3.27E-06   0.19   1.15    QN   YES    0:00:03
      Convergence after 29 iterations
       30   4    4    0  -550.95700879   -4.09E-10   2.54E-04   19  44 1  1.47E-06   0.19   1.15    QN   YES    0:00:04

      ************************************************************************************************************************
                                                      Wave function printout:
                       occupation of active orbitals, and spin coupling of open shells (u,d: Spin up or down)
      ************************************************************************************************************************

      Note: transformation to natural orbitals
      has been made, which may change the order of the CSFs.

      printout of CI-coefficients larger than  0.05 for root  1
      energy=    -551.128019
      conf/sym  1111111111     Coeff  Weight
             1  2222u00000   0.91776 0.84228
             2  222u200000  -0.06499 0.00422
             9  22220000u0   0.05693 0.00324
            11  222udu0000   0.11360 0.01291
            21  2u22du0000   0.13720 0.01882
            34  22202000u0  -0.10499 0.01102
            44  2u2d2000u0   0.06683 0.00447
            81  222uud0000  -0.12848 0.01651
           140  222u0d00u0  -0.08651 0.00748
           231  2220u20000   0.06567 0.00431
           246  2220u00020   0.07624 0.00581
           296  2u2du00020  -0.05954 0.00354
           339  2202u00200   0.05684 0.00323
           388  u2d2u0ud00   0.06050 0.00366
           406  2022u20000   0.05089 0.00259
           464  0222u00200   0.05284 0.00279

      printout of CI-coefficients larger than  0.05 for root  2
      energy=    -551.113430
      conf/sym  1111111111     Coeff  Weight
             1  2222u00000  -0.06602 0.00436
             2  222u200000  -0.91756 0.84191
             4  2u22200000  -0.09101 0.00828
            14  222ud000u0   0.14324 0.02052
            24  2u22d000u0  -0.06047 0.00366
            41  2u2d2u0000   0.11469 0.01315
           106  2u2u2d0000   0.07607 0.00579
           131  222u020000   0.13022 0.01696
           146  222u000020   0.08517 0.00725
           243  2220uu00d0  -0.06500 0.00423
           515  2u2udd00u0  -0.06945 0.00482
           518  2u2udu00d0  -0.08898 0.00792
           714  220u200200  -0.05588 0.00312
           763  u2du20ud00  -0.05990 0.00359
           781  202u220000  -0.05216 0.00272
           839  022u200200  -0.05966 0.00356

      printout of CI-coefficients larger than  0.05 for root  3
      energy=    -550.999452
      conf/sym  1111111111     Coeff  Weight
             4  2u22200000  -0.75000 0.56250
             6  22220u0000  -0.38855 0.15097
            14  222ud000u0  -0.21477 0.04613
            24  2u22d000u0  -0.06571 0.00432
            31  22202u0000   0.32581 0.10615
            41  2u2d2u0000  -0.06404 0.00410
            84  222uu000d0   0.05657 0.00320
           106  2u2u2d0000  -0.07510 0.00564
           131  222u020000   0.08051 0.00648
           146  222u000020  -0.07221 0.00521
           181  2u22020000   0.11099 0.01232
           196  2u22000020   0.06127 0.00375
           243  2220uu00d0  -0.09532 0.00909
           290  2u2dud00u0  -0.05184 0.00269
           418  2022uu00d0   0.06146 0.00378
           518  2u2udu00d0  -0.05778 0.00334
           656  2u20220000   0.05719 0.00327
           671  2u20200020   0.05968 0.00356
          3144  2u2uud00d0   0.07135 0.00509

      printout of CI-coefficients larger than  0.05 for root  4
      energy=    -550.993010
      conf/sym  1111111111     Coeff  Weight
             3  22u2200000   0.92934 0.86367
            26  u222du0000   0.06333 0.00401
            36  22ud2u0000  -0.08987 0.00808
            52  220220u000  -0.05957 0.00355
            96  u222ud0000   0.05366 0.00288
           101  22uu2d0000  -0.06331 0.00401
           123  u2u2200d00   0.06770 0.00458
           156  22u2020000  -0.15283 0.02336
           171  22u2000020  -0.05712 0.00326
           268  22uduu00d0   0.06569 0.00431
           368  2ud2uu00d0  -0.05610 0.00315
           490  22uudd00u0   0.06083 0.00370
           493  22uudu00d0   0.07267 0.00528
           568  2uu2du00d0   0.07578 0.00574
           631  22u0220000  -0.05856 0.00343
           646  22u0200020  -0.06038 0.00365
          1039  02u2200200   0.06217 0.00387
          3134  22uuud00d0  -0.06135 0.00376

      printout of CI-coefficients larger than  0.05 for root  5
      energy=    -550.921442
      conf/sym  1111111111     Coeff  Weight
             1  2222u00000   0.21313 0.04542
             6  22220u0000   0.10511 0.01105
             9  22220000u0  -0.17861 0.03190
            11  222udu0000  -0.73900 0.54612
            21  2u22du0000  -0.21982 0.04832
            34  22202000u0   0.19180 0.03679
            44  2u2d2000u0  -0.08592 0.00738
            81  222uud0000   0.34334 0.11788
            87  22u2u0d000  -0.06508 0.00423
            91  2u22ud0000   0.05285 0.00279
            98  u222u00d00  -0.09623 0.00926
           109  2u2u2000d0  -0.06715 0.00451
           140  222u0d00u0   0.05986 0.00358
           143  222u0u00d0  -0.11182 0.01250
           190  2u220d00u0   0.06161 0.00380
           231  2220u20000   0.10094 0.01019
           246  2220u00020  -0.07376 0.00544
           281  2u2du20000  -0.15985 0.02555
          1588  2u20du0020   0.05887 0.00347

      printout of CI-coefficients larger than  0.05 for root  6
      energy=    -550.919804
      conf/sym  1111111111     Coeff  Weight
             5  u222200000  -0.91713 0.84112
             8  2222000u00  -0.05205 0.00271
            16  22u2du0000  -0.16458 0.02709
            29  u222d000u0  -0.06393 0.00409
            33  2220200u00   0.06272 0.00393
            46  u22d2u0000   0.05303 0.00281
            86  22u2ud0000  -0.05006 0.00251
           111  u22u2d0000   0.05262 0.00277
           206  u222020000   0.14184 0.02012
           318  u22duu00d0  -0.06573 0.00432
           443  ud22uu00d0   0.05022 0.00252
           540  u22udd00u0  -0.05619 0.00316
           543  u22udu00d0  -0.06912 0.00478
           618  uu22du00d0   0.06888 0.00474
           681  u220220000   0.06761 0.00457
           696  u220200020   0.06478 0.00420
           921  uu2d200020  -0.05039 0.00254
           964  u202200200   0.05639 0.00318
          3154  u22uud00d0   0.06077 0.00369

      printout of CI-coefficients larger than  0.05 for root  7
      energy=    -550.916379
      conf/sym  1111111111     Coeff  Weight
             2  222u200000  -0.05941 0.00353
             4  2u22200000  -0.26502 0.07024
             6  22220u0000   0.77052 0.59370
            11  222udu0000   0.10944 0.01198
            14  222ud000u0  -0.27751 0.07701
            31  22202u0000   0.15675 0.02457
            41  2u2d2u0000   0.10216 0.01044
            66  20222u0000  -0.19219 0.03694
            88  22u2u00d00   0.10789 0.01164
            94  2u22u000d0   0.16488 0.02718
            97  u222u0d000   0.08789 0.00772
           131  222u020000  -0.11190 0.01252
           146  222u000020   0.06497 0.00422
           158  22u20ud000  -0.05523 0.00305
           212  u2220u0d00  -0.07203 0.00519
           240  2220ud00u0  -0.05221 0.00273
           293  2u2duu00d0  -0.08633 0.00745
           656  2u20220000   0.06899 0.00476
          1148  22200u0020   0.09920 0.00984

      printout of CI-coefficients larger than  0.05 for root  8
      energy=    -550.881348
      conf/sym  1111111111     Coeff  Weight
             9  22220000u0  -0.52864 0.27946
            11  222udu0000   0.37706 0.14218
            21  2u22du0000   0.05158 0.00266
            34  22202000u0  -0.13113 0.01719
            38  22ud200u00  -0.05099 0.00260
            44  2u2d2000u0  -0.07612 0.00579
            69  20222000u0   0.16924 0.02864
            81  222uud0000   0.52031 0.27073
            91  2u22ud0000  -0.20503 0.04204
           103  22uu200d00   0.08590 0.00738
           109  2u2u2000d0   0.11954 0.01429
           112  u22u20d000   0.06931 0.00480
           140  222u0d00u0  -0.05888 0.00347
           143  222u0u00d0  -0.15918 0.02534
           190  2u220d00u0   0.11781 0.01388
           231  2220u20000   0.15996 0.02559
           246  2220u00020  -0.10210 0.01042
           506  2u2ud20000  -0.13858 0.01921
           665  2u202d00u0  -0.06390 0.00408
          1139  22200200u0   0.09904 0.00981

      printout of CI-coefficients larger than  0.05 for root  9
      energy=    -550.852426
      conf/sym  1111111111     Coeff  Weight
             2  222u200000   0.05872 0.00345
             4  2u22200000  -0.34583 0.11960
             6  22220u0000   0.11105 0.01233
            18  22u2d00u00  -0.08495 0.00722
            24  2u22d000u0   0.10053 0.01011
            31  22202u0000  -0.64445 0.41532
            66  20222u0000   0.20691 0.04281
            84  222uu000d0  -0.42433 0.18005
            88  22u2u00d00   0.09860 0.00972
            94  2u22u000d0  -0.11270 0.01270
            97  u222u0d000   0.05433 0.00295
           113  u22u200d00  -0.07956 0.00633
           131  222u020000   0.10281 0.01057
           146  222u000020  -0.08884 0.00789
           181  2u22020000   0.13229 0.01750
           240  2220ud00u0   0.08816 0.00777
           243  2220uu00d0   0.14774 0.02183
           293  2u2duu00d0  -0.05109 0.00261
           515  2u2udd00u0  -0.09008 0.00811
           518  2u2udu00d0   0.09206 0.00848
           656  2u20220000  -0.06804 0.00463
           671  2u20200020   0.07095 0.00503
           687  u2202u0d00  -0.05789 0.00335
          1148  22200u0020  -0.06404 0.00410
          3144  2u2uud00d0   0.05113 0.00261

      printout of CI-coefficients larger than  0.05 for root 10
      energy=    -550.844777
      conf/sym  1111111111     Coeff  Weight
             5  u222200000  -0.12170 0.01481
            16  22u2du0000   0.78731 0.61986
            39  22ud2000u0  -0.16767 0.02811
            46  u22d2u0000   0.07166 0.00514
            59  2ud22000u0   0.13918 0.01937
            71  ud222u0000  -0.08099 0.00656
            86  22u2ud0000  -0.43639 0.19044
           104  22uu2000d0   0.09925 0.00985
           119  2uu22000d0   0.08341 0.00696
           165  22u20d00u0  -0.09566 0.00915
           168  22u20u00d0   0.05636 0.00318
           256  22udu20000   0.05054 0.00255
           333  2202uud000   0.06361 0.00405
           356  2ud2u20000   0.07157 0.00512
           640  22u02d00u0   0.05006 0.00251
          1179  22ud0200u0   0.06298 0.00397
          1339  2ud20200u0  -0.06480 0.00420
          1548  22u0du0020  -0.06585 0.00434
          1908  2uuddu0020  -0.05509 0.00303
          2177  02u2du0200   0.05426 0.00294

      Natural orbitals and occupation numbers for root  1
      sym 1:   1.966325   1.943488   1.968892   1.915424   1.007437   0.069518   0.026582   0.037020   0.057665   0.007649


      Natural orbitals and occupation numbers for root  2
      sym 1:   1.967520   1.929818   1.972126   1.005666   1.886774   0.101939   0.022085   0.035523   0.071741   0.006808


      Natural orbitals and occupation numbers for root  3
      sym 1:   1.965838   1.332175   1.968514   1.663540   1.524627   0.352234   0.024949   0.039295   0.120631   0.008197


      Natural orbitals and occupation numbers for root  4
      sym 1:   1.962218   1.979074   1.002855   1.932274   1.890899   0.119566   0.017737   0.023349   0.061674   0.010354


      Natural orbitals and occupation numbers for root  5
      sym 1:   1.957942   1.902294   1.966971   1.224290   0.965784   0.752120   0.027568   0.046239   0.147334   0.009457


      Natural orbitals and occupation numbers for root  6
      sym 1:   1.036351   1.973158   1.935710   1.924298   1.867697   0.137305   0.021668   0.032048   0.062027   0.009739


      Natural orbitals and occupation numbers for root  7
      sym 1:   1.958614   1.783136   1.953332   1.753787   0.494515   0.797689   0.035412   0.050908   0.162615   0.009991


      Natural orbitals and occupation numbers for root  8
      sym 1:   1.960419   1.848679   1.955508   1.292396   0.804649   0.644061   0.033798   0.048630   0.403087   0.008773


      Natural orbitals and occupation numbers for root  9
      sym 1:   1.955237   1.694773   1.947381   0.814800   1.573108   0.584565   0.032042   0.062265   0.324743   0.011085


      Natural orbitals and occupation numbers for root 10
      sym 1:   1.942012   1.979752   1.028473   1.860021   1.087193   0.921636   0.019699   0.020738   0.129026   0.011450


      ************************************************************************************************************************
      *                                                                                                                      *
      *                                                    Final results                                                     *
      *                                                                                                                      *
      ************************************************************************************************************************


++    Final optimization conditions:
      ------------------------------

      Average CI energy                            -550.95700879
      RASSCF energy for state 10                   -550.84477730
      Super-CI energy                                -0.00000000
      RASSCF energy change                            0.00000000
      Max change in MO coefficients              -3.194E-04
      Max non-diagonal density matrix element     2.539E-04
      Maximum BLB matrix element                  1.472E-06
      (orbital pair  19,  44 in symmetry   1)
      Norm of electronic gradient            9.946E-02
--


      Final state energy(ies):
      ------------------------

::    RASSCF root number  1 Total energy:   -551.12801855
::    RASSCF root number  2 Total energy:   -551.11343000
::    RASSCF root number  3 Total energy:   -550.99945158
::    RASSCF root number  4 Total energy:   -550.99300959
::    RASSCF root number  5 Total energy:   -550.92144237
::    RASSCF root number  6 Total energy:   -550.91980439
::    RASSCF root number  7 Total energy:   -550.91637937
::    RASSCF root number  8 Total energy:   -550.88134836
::    RASSCF root number  9 Total energy:   -550.85242638
::    RASSCF root number 10 Total energy:   -550.84477730

++    Molecular orbitals:
      -------------------

      Pseudonatural active orbitals and approximate occupation numbers




      Molecular orbitals for symmetry species 1: a  


      Orbital                 1         2         3         4         5         6         7         8         9        10
      Energy           -92.2531  -11.5018  -11.5000  -11.4745  -11.4736   -9.2569   -6.9371   -6.9365   -6.9344   -1.4098
      Occ. No.           2.0000    2.0000    2.0000    2.0000    2.0000    2.0000    2.0000    2.0000    2.0000    2.0000

     1 S1     1s         1.0000   -0.0000   -0.0000    0.0000    0.0000    0.0004   -0.0000   -0.0000   -0.0000    0.0011
     2 S1     2s         0.0002   -0.0002   -0.0002    0.0002    0.0000    1.0032    0.0005    0.0059    0.0000    0.0028
     3 S1     3s         0.0004   -0.0004   -0.0004    0.0006    0.0000    0.0080   -0.0002   -0.0022   -0.0000    0.4886
     4 S1     *s        -0.0008    0.0025    0.0025   -0.0006   -0.0001   -0.0151    0.0002    0.0011    0.0000   -0.0839
     5 S1     2px       -0.0000   -0.0001    0.0000   -0.0000   -0.0000   -0.0011    0.9944    0.0914    0.0551    0.0013
     6 S1     3px       -0.0000   -0.0001    0.0002    0.0000   -0.0001   -0.0004    0.0025    0.0004   -0.0001   -0.0163
     7 S1     *px        0.0001   -0.0004    0.0001    0.0000    0.0001    0.0012   -0.0012   -0.0001    0.0000    0.0081
     8 S1     2py       -0.0001   -0.0000   -0.0001   -0.0000    0.0000   -0.0065   -0.0953    0.9928    0.0723    0.0071
     9 S1     3py       -0.0000   -0.0001   -0.0002   -0.0000    0.0000   -0.0035   -0.0001    0.0010   -0.0001   -0.1149
    10 S1     *py        0.0003   -0.0007   -0.0008    0.0002    0.0000    0.0069    0.0001   -0.0002    0.0000    0.0506
    11 S1     2pz        0.0000    0.0000    0.0000    0.0000    0.0000    0.0005   -0.0481   -0.0771    0.9958   -0.0006
    12 S1     3pz        0.0000    0.0000    0.0000    0.0000    0.0000    0.0003   -0.0001   -0.0001   -0.0012    0.0092
    13 S1     *pz       -0.0000    0.0001    0.0000   -0.0000   -0.0000   -0.0006    0.0001    0.0000    0.0007   -0.0041
    14 S1     *d2-      -0.0000   -0.0002    0.0002   -0.0000   -0.0000   -0.0000   -0.0010   -0.0002   -0.0000    0.0020
    15 S1     *d1-       0.0000    0.0000    0.0000    0.0000    0.0000    0.0000    0.0000    0.0001   -0.0004   -0.0032
    16 S1     *d0        0.0000    0.0002    0.0002    0.0001    0.0000    0.0003    0.0000    0.0004    0.0001   -0.0205
    17 S1     *d1+       0.0000    0.0000    0.0000    0.0000    0.0000    0.0000    0.0001    0.0000   -0.0001   -0.0018
    18 S1     *d2+       0.0000   -0.0001    0.0001    0.0001    0.0000    0.0001   -0.0003    0.0005    0.0000   -0.0064
    19 C2     1s        -0.0000   -0.0036    1.0012    0.0193   -0.0159   -0.0004   -0.0000    0.0001    0.0000   -0.0104
    20 C2     2s        -0.0001   -0.0002    0.0087    0.0008   -0.0004   -0.0010    0.0006   -0.0005    0.0000    0.3776
    21 C2     *s         0.0003    0.0001   -0.0109   -0.0024    0.0021    0.0048   -0.0018    0.0013   -0.0000   -0.1127
    22 C2     2px        0.0000    0.0000   -0.0009   -0.0001    0.0000    0.0000   -0.0004    0.0003    0.0000   -0.1157
    23 C2     *px       -0.0002   -0.0002    0.0026    0.0009   -0.0008   -0.0021    0.0011   -0.0010   -0.0000    0.0347
    24 C2     2py       -0.0000   -0.0000    0.0006   -0.0002    0.0001    0.0001    0.0006   -0.0004    0.0000   -0.0272
    25 C2     *py        0.0001   -0.0003    0.0000    0.0009   -0.0005    0.0023   -0.0002   -0.0000   -0.0000    0.0061
    26 C2     2pz        0.0000    0.0000    0.0000    0.0000   -0.0000   -0.0000   -0.0000    0.0000    0.0001    0.0084
    27 C2     *pz       -0.0000    0.0000   -0.0001   -0.0001    0.0001   -0.0000   -0.0000    0.0001   -0.0001   -0.0024
    28 C2     *d2-       0.0000    0.0000    0.0004    0.0002   -0.0002    0.0006   -0.0001    0.0002    0.0000   -0.0003
    29 C2     *d1-       0.0000   -0.0000   -0.0000   -0.0000    0.0000    0.0000    0.0000   -0.0000    0.0000   -0.0019
    30 C2     *d0        0.0000   -0.0000   -0.0004   -0.0003    0.0003    0.0003    0.0001   -0.0001   -0.0000   -0.0132
    31 C2     *d1+      -0.0000   -0.0000   -0.0001   -0.0000    0.0001   -0.0000    0.0000   -0.0000    0.0000   -0.0011
    32 C2     *d2+       0.0000    0.0001    0.0004    0.0000   -0.0001    0.0002   -0.0001    0.0002    0.0000   -0.0026
    33 C3     1s        -0.0000   -0.0001    0.0243   -0.7670    0.6437   -0.0003   -0.0001    0.0000   -0.0000   -0.0107
    34 C3     2s        -0.0001   -0.0003   -0.0007   -0.0067    0.0064   -0.0011   -0.0002    0.0001   -0.0000    0.3756
    35 C3     *s         0.0001    0.0002    0.0031    0.0073   -0.0098    0.0012    0.0024   -0.0008    0.0000   -0.1275
    36 C3     2px       -0.0000    0.0001   -0.0000   -0.0001   -0.0000   -0.0001   -0.0000   -0.0000   -0.0000   -0.0376
    37 C3     *px        0.0000   -0.0005    0.0006    0.0002    0.0015    0.0006   -0.0008    0.0001    0.0000    0.0100
    38 C3     2py       -0.0000   -0.0000   -0.0001   -0.0006    0.0006   -0.0004   -0.0000    0.0000   -0.0000    0.1248
    39 C3     *py       -0.0000   -0.0000    0.0017    0.0014   -0.0023    0.0002    0.0012   -0.0005    0.0000   -0.0439
    40 C3     2pz        0.0000   -0.0000    0.0000    0.0000   -0.0000    0.0000    0.0000   -0.0000   -0.0000   -0.0070
    41 C3     *pz       -0.0000    0.0000   -0.0002   -0.0001    0.0001   -0.0000   -0.0000    0.0000    0.0000    0.0026
    42 C3     *d2-      -0.0000   -0.0002    0.0001   -0.0000   -0.0003   -0.0000   -0.0000    0.0000    0.0000    0.0014
    43 C3     *d1-       0.0000   -0.0000    0.0001    0.0001   -0.0001   -0.0000   -0.0000    0.0000    0.0000   -0.0015
    44 C3     *d0       -0.0000   -0.0001    0.0003    0.0003   -0.0007   -0.0002   -0.0001    0.0000   -0.0000   -0.0113
    45 C3     *d1+      -0.0000    0.0000   -0.0000    0.0000   -0.0000   -0.0000   -0.0000   -0.0000    0.0000   -0.0012
    46 C3     *d2+       0.0000   -0.0000    0.0003    0.0003   -0.0002    0.0001   -0.0001    0.0001   -0.0000    0.0006
    47 C4     1s        -0.0000    0.0225    0.0001   -0.6434   -0.7673   -0.0003    0.0001   -0.0000    0.0000   -0.0108
    48 C4     2s        -0.0001   -0.0008   -0.0003   -0.0055   -0.0075   -0.0011    0.0003    0.0001    0.0000    0.3762
    49 C4     *s         0.0000    0.0031    0.0002    0.0054    0.0109    0.0013   -0.0025   -0.0004   -0.0000   -0.1271
    50 C4     2px       -0.0000   -0.0000   -0.0001   -0.0001   -0.0002   -0.0001    0.0000    0.0000   -0.0000    0.0772
    51 C4     *px       -0.0000   -0.0000    0.0004   -0.0001    0.0022   -0.0004   -0.0012   -0.0000    0.0000   -0.0237
    52 C4     2py       -0.0000   -0.0001    0.0000   -0.0005   -0.0007   -0.0004    0.0001    0.0001   -0.0000    0.1053
    53 C4     *py        0.0000    0.0018   -0.0002    0.0011    0.0018    0.0004   -0.0009   -0.0003    0.0000   -0.0376
    54 C4     2pz        0.0000    0.0000    0.0000    0.0000    0.0001    0.0000   -0.0000   -0.0000   -0.0000   -0.0119
    55 C4     *pz        0.0000   -0.0001   -0.0000   -0.0001   -0.0003   -0.0000    0.0001    0.0000    0.0000    0.0040
    56 C4     *d2-      -0.0000   -0.0003    0.0001   -0.0001   -0.0003   -0.0000   -0.0001   -0.0001    0.0000   -0.0017
    57 C4     *d1-       0.0000    0.0001   -0.0000    0.0000    0.0001   -0.0000    0.0000    0.0000    0.0000   -0.0014
    58 C4     *d0       -0.0000    0.0003   -0.0001    0.0001    0.0007   -0.0002    0.0001    0.0000   -0.0000   -0.0114
    59 C4     *d1+      -0.0000    0.0000   -0.0000    0.0000    0.0001   -0.0000    0.0000    0.0000   -0.0000   -0.0009
    60 C4     *d2+       0.0000    0.0002    0.0001    0.0003   -0.0000    0.0001    0.0001    0.0001   -0.0000   -0.0005
    61 C5     1s        -0.0000    1.0012    0.0035    0.0151    0.0177   -0.0004    0.0000    0.0001   -0.0000   -0.0103
    62 C5     2s        -0.0001    0.0087   -0.0001    0.0007    0.0005   -0.0010   -0.0007   -0.0006   -0.0000    0.3791
    63 C5     *s         0.0003   -0.0109    0.0000   -0.0020   -0.0024    0.0048    0.0020    0.0010    0.0000   -0.1134
    64 C5     2px       -0.0000    0.0009   -0.0001    0.0000   -0.0000   -0.0002   -0.0008   -0.0007    0.0000    0.0974
    65 C5     *px        0.0002   -0.0024    0.0001   -0.0004   -0.0006    0.0028    0.0013    0.0008   -0.0000   -0.0304
    66 C5     2py       -0.0000    0.0002   -0.0000   -0.0002   -0.0002   -0.0000   -0.0006   -0.0004    0.0000   -0.0672
    67 C5     *py        0.0001    0.0009   -0.0003    0.0010    0.0010    0.0015   -0.0002   -0.0003   -0.0000    0.0183
    68 C5     2pz        0.0000   -0.0001    0.0000    0.0000    0.0000    0.0000    0.0001    0.0001    0.0000   -0.0005
    69 C5     *pz       -0.0000    0.0001    0.0000   -0.0000   -0.0000   -0.0003   -0.0001   -0.0000   -0.0001    0.0004
    70 C5     *d2-      -0.0000   -0.0006   -0.0001   -0.0001   -0.0003   -0.0006   -0.0002   -0.0002   -0.0000    0.0016
    71 C5     *d1-       0.0000   -0.0000    0.0000   -0.0000   -0.0000    0.0001   -0.0000    0.0000    0.0000   -0.0019
    72 C5     *d0        0.0000   -0.0004   -0.0001   -0.0002   -0.0004    0.0003   -0.0001   -0.0000   -0.0000   -0.0132
    73 C5     *d1+       0.0000    0.0000   -0.0000   -0.0000   -0.0000    0.0001    0.0000    0.0000   -0.0000   -0.0013
    74 C5     *d2+      -0.0000    0.0000    0.0001   -0.0001   -0.0001   -0.0002   -0.0000    0.0000   -0.0000   -0.0018
    75 H6     1s        -0.0000   -0.0001   -0.0009   -0.0002    0.0003   -0.0004   -0.0002   -0.0002   -0.0000    0.0729
    76 H6     *s         0.0001    0.0002    0.0011   -0.0002    0.0000    0.0009   -0.0001    0.0004   -0.0000   -0.0367
    77 H6     *px        0.0000    0.0000    0.0004    0.0001   -0.0001    0.0000   -0.0001    0.0001    0.0000   -0.0072
    78 H6     *py       -0.0000    0.0000   -0.0001   -0.0000    0.0000   -0.0003    0.0001   -0.0000    0.0000   -0.0005
    79 H6     *pz        0.0000   -0.0000   -0.0000   -0.0000    0.0000    0.0000   -0.0000   -0.0000    0.0000    0.0004
    80 H7     1s        -0.0000   -0.0001    0.0005    0.0005   -0.0008   -0.0001    0.0001   -0.0001   -0.0000    0.0601
    81 H7     *s         0.0000    0.0002    0.0002   -0.0010    0.0005    0.0002    0.0003   -0.0001    0.0000   -0.0329
    82 H7     *px       -0.0000   -0.0000   -0.0001   -0.0002    0.0001   -0.0000    0.0000   -0.0000   -0.0000   -0.0023
    83 H7     *py        0.0000   -0.0000    0.0002    0.0002   -0.0004   -0.0000   -0.0000    0.0000   -0.0000    0.0063
    84 H7     *pz        0.0000    0.0000   -0.0000   -0.0000    0.0000    0.0000    0.0000   -0.0000   -0.0000   -0.0003
    85 H8     1s        -0.0000    0.0004   -0.0001    0.0003    0.0009   -0.0001   -0.0002   -0.0001   -0.0000    0.0599
    86 H8     *s         0.0000    0.0002    0.0002   -0.0009   -0.0007    0.0002   -0.0003   -0.0001   -0.0000   -0.0328
    87 H8     *px        0.0000    0.0002   -0.0000    0.0002    0.0003    0.0000    0.0001    0.0000   -0.0000    0.0043
    88 H8     *py       -0.0000    0.0001   -0.0000    0.0001    0.0003   -0.0000    0.0000    0.0000   -0.0000    0.0052
    89 H8     *pz       -0.0000   -0.0000    0.0000   -0.0000   -0.0000   -0.0000   -0.0000   -0.0000   -0.0000   -0.0006
    90 H9     1s        -0.0000   -0.0009   -0.0001   -0.0001   -0.0003   -0.0004    0.0002   -0.0000    0.0000    0.0749
    91 H9     *s         0.0001    0.0011    0.0002   -0.0002   -0.0001    0.0009    0.0002    0.0003    0.0000   -0.0373
    92 H9     *px       -0.0000   -0.0004   -0.0000   -0.0001   -0.0002   -0.0001   -0.0001   -0.0001    0.0000    0.0067
    93 H9     *py       -0.0000    0.0001    0.0000    0.0000    0.0000   -0.0002   -0.0000    0.0000    0.0000   -0.0030
    94 H9     *pz        0.0000    0.0000   -0.0000    0.0000    0.0000    0.0000    0.0000    0.0000    0.0000   -0.0001


      Orbital                11        12        13        14        15        16        17        18        19        20
      Energy            -1.2206   -1.2078   -0.9937   -0.9421   -0.9128   -0.7966   -0.7742   -0.7791   -0.7105   -0.6879
      Occ. No.           2.0000    2.0000    2.0000    2.0000    2.0000    2.0000    2.0000    1.8663    1.8160    1.7684

     1 S1     1s        -0.0015    0.0001   -0.0007    0.0000   -0.0001    0.0000   -0.0002    0.0002    0.0000    0.0018
     2 S1     2s        -0.0082    0.0004   -0.0067    0.0002    0.0001    0.0000   -0.0030    0.0015    0.0000    0.0050
     3 S1     3s        -0.6912    0.0303   -0.4054    0.0057    0.1471    0.0022   -0.1259    0.0216   -0.0000   -0.2913
     4 S1     *s         0.0704   -0.0043   -0.0343   -0.0014    0.0321    0.0004   -0.0230   -0.0027   -0.0000   -0.1829
     5 S1     2px       -0.0004    0.0051    0.0004    0.0051   -0.0004   -0.0003    0.0001    0.0048   -0.0000    0.0006
     6 S1     3px       -0.0046   -0.0829   -0.0133   -0.0959    0.0196    0.0084    0.0051   -0.7408   -0.0336   -0.1505
     7 S1     *px        0.0016    0.0371    0.0074    0.0500   -0.0085    0.0070   -0.0004    0.1931    0.0044    0.0291
     8 S1     2py       -0.0036   -0.0007    0.0013   -0.0008   -0.0028    0.0000    0.0005   -0.0002   -0.0000    0.0014
     9 S1     3py        0.0571    0.0094   -0.0120    0.0102    0.0811   -0.0006    0.0440    0.1408   -0.0441   -0.8450
    10 S1     *py       -0.0152   -0.0052    0.0241   -0.0074   -0.0460   -0.0014   -0.0061   -0.0366    0.0058    0.1589
    11 S1     2pz        0.0003   -0.0002   -0.0001   -0.0002    0.0002    0.0000   -0.0000   -0.0002   -0.0001   -0.0001
    12 S1     3pz       -0.0039    0.0039    0.0016    0.0046   -0.0070   -0.0004   -0.0035    0.0308   -0.6071    0.0697
    13 S1     *pz        0.0010   -0.0017   -0.0022   -0.0022    0.0038   -0.0003    0.0005   -0.0080    0.0802   -0.0132
    14 S1     *d2-       0.0049    0.0282   -0.0018    0.0167   -0.0110    0.0171   -0.0080    0.0801    0.0030    0.0035
    15 S1     *d1-       0.0008   -0.0009    0.0002   -0.0006    0.0032   -0.0005    0.0015   -0.0023    0.0462   -0.0055
    16 S1     *d0        0.0122   -0.0006   -0.0042   -0.0002    0.0037    0.0002   -0.0047    0.0003   -0.0065   -0.0391
    17 S1     *d1+       0.0012   -0.0027   -0.0007   -0.0015   -0.0005   -0.0016   -0.0011   -0.0075    0.0063   -0.0038
    18 S1     *d2+      -0.0064    0.0107    0.0082    0.0051    0.0291    0.0061    0.0231    0.0295   -0.0030   -0.0043
    19 C2     1s         0.0031    0.0126   -0.0071    0.0061   -0.0014   -0.0019   -0.0017    0.0020    0.0000   -0.0006
    20 C2     2s        -0.0683   -0.5016    0.3892   -0.2375   -0.0072   -0.1286    0.0244   -0.1145    0.0000    0.1176
    21 C2     *s         0.0033    0.1100   -0.0279   -0.0105    0.0137   -0.0067    0.0019   -0.0406   -0.0000    0.0369
    22 C2     2px       -0.0124    0.0182    0.1830   -0.2736    0.2687    0.3396    0.2440    0.2617   -0.0186   -0.1310
    23 C2     *px        0.0193    0.0140   -0.0667    0.0776   -0.0460   -0.0453   -0.0270    0.0095    0.0018   -0.0126
    24 C2     2py       -0.1938    0.1520   -0.1370   -0.1533    0.1511    0.1900    0.1866   -0.3613   -0.0244    0.3062
    25 C2     *py        0.0661   -0.0429    0.0520    0.0375   -0.0375   -0.0223   -0.0193    0.0848    0.0023   -0.0661
    26 C2     2pz        0.0148   -0.0120   -0.0002    0.0263   -0.0258   -0.0326   -0.0271    0.0117   -0.3357   -0.0150
    27 C2     *pz       -0.0059    0.0023   -0.0001   -0.0070    0.0053    0.0041    0.0029   -0.0067    0.0319    0.0055
    28 C2     *d2-       0.0230   -0.0109    0.0094    0.0036   -0.0084   -0.0075    0.0065    0.0191    0.0014   -0.0252
    29 C2     *d1-      -0.0006    0.0022   -0.0008   -0.0008    0.0002    0.0002    0.0011    0.0013   -0.0065    0.0010
    30 C2     *d0        0.0025    0.0102   -0.0014    0.0008    0.0043    0.0013    0.0002    0.0077   -0.0015   -0.0077
    31 C2     *d1+      -0.0017    0.0016   -0.0008    0.0004    0.0016    0.0010   -0.0015   -0.0017    0.0242    0.0007
    32 C2     *d2+       0.0051    0.0034   -0.0011   -0.0099   -0.0111   -0.0052    0.0196    0.0190    0.0018    0.0080
    33 C3     1s        -0.0136    0.0107    0.0024   -0.0074   -0.0047   -0.0038    0.0015   -0.0025   -0.0000    0.0012
    34 C3     2s         0.4162   -0.3743   -0.1452    0.3563    0.0794    0.0312    0.0277    0.0066    0.0000   -0.0992
    35 C3     *s        -0.0913    0.1090    0.0215   -0.0010    0.0330    0.0515    0.0166    0.0790    0.0000   -0.0194
    36 C3     2px       -0.1055   -0.1691    0.2915    0.1230    0.0425   -0.0068   -0.5503    0.0524   -0.0165   -0.0219
    37 C3     *px        0.0254    0.0539   -0.0724   -0.0589   -0.0090    0.0370    0.1232   -0.0383    0.0021    0.0122
    38 C3     2py        0.0048   -0.1111    0.1427   -0.1078   -0.4131   -0.4324    0.0792    0.0869   -0.0216   -0.1509
    39 C3     *py        0.0163    0.0256   -0.0515    0.0505    0.1026    0.1149    0.0100    0.0422    0.0028   -0.0074
    40 C3     2pz        0.0055    0.0174   -0.0265    0.0010    0.0276    0.0318    0.0247   -0.0092   -0.2972    0.0122
    41 C3     *pz       -0.0026   -0.0048    0.0077   -0.0004   -0.0070   -0.0104   -0.0075   -0.0009    0.0387   -0.0001
    42 C3     *d2-      -0.0037   -0.0198    0.0135   -0.0060    0.0024   -0.0292   -0.0089    0.0146   -0.0006   -0.0031
    43 C3     *d1-      -0.0001    0.0025   -0.0012   -0.0008    0.0008    0.0018    0.0020    0.0000   -0.0181   -0.0005
    44 C3     *d0       -0.0098    0.0063    0.0021   -0.0012    0.0031    0.0009   -0.0019   -0.0030    0.0017   -0.0000
    45 C3     *d1+      -0.0014    0.0016   -0.0002    0.0010   -0.0003    0.0022   -0.0009   -0.0023    0.0060    0.0007
    46 C3     *d2+       0.0134    0.0088   -0.0100   -0.0132    0.0078    0.0012    0.0243    0.0166    0.0017   -0.0094
    47 C4     1s        -0.0145   -0.0092    0.0030    0.0077   -0.0044    0.0038    0.0015    0.0025    0.0000    0.0010
    48 C4     2s         0.4491    0.3277   -0.1664   -0.3551    0.0641   -0.0318    0.0298   -0.0077   -0.0000   -0.0978
    49 C4     *s        -0.1034   -0.0990    0.0207   -0.0014    0.0345   -0.0516    0.0156   -0.0765   -0.0000   -0.0151
    50 C4     2px        0.0895   -0.1318   -0.2160    0.1751   -0.1735    0.1290    0.5453    0.0155   -0.0165   -0.0310
    51 C4     *px       -0.0156    0.0437    0.0453   -0.0778    0.0406   -0.0017   -0.1121   -0.0488    0.0020   -0.0131
    52 C4     2py       -0.0169    0.1676    0.2337    0.0627   -0.3701    0.4085   -0.1095   -0.1076   -0.0216   -0.1523
    53 C4     *py        0.0189   -0.0458   -0.0749   -0.0277    0.0932   -0.1212    0.0498   -0.0235    0.0027   -0.0003
    54 C4     2pz       -0.0037   -0.0049   -0.0050   -0.0142    0.0365   -0.0368   -0.0222    0.0070   -0.2979    0.0128
    55 C4     *pz       -0.0005    0.0009    0.0029    0.0063   -0.0090    0.0089    0.0026    0.0044    0.0370    0.0007
    56 C4     *d2-      -0.0064   -0.0090   -0.0039   -0.0124   -0.0078   -0.0216   -0.0088    0.0219   -0.0017    0.0092
    57 C4     *d1-      -0.0002   -0.0017   -0.0007    0.0013    0.0012   -0.0004    0.0020   -0.0010   -0.0152   -0.0009
    58 C4     *d0       -0.0103   -0.0054    0.0022    0.0008    0.0030   -0.0012   -0.0019    0.0034    0.0031    0.0000
    59 C4     *d1+      -0.0011    0.0013    0.0014    0.0006    0.0006    0.0026   -0.0009   -0.0011   -0.0116   -0.0004
    60 C4     *d2+       0.0105   -0.0208   -0.0158    0.0069    0.0049   -0.0201    0.0240   -0.0033    0.0005   -0.0054
    61 C5     1s         0.0016   -0.0128   -0.0073   -0.0057   -0.0017    0.0020   -0.0016   -0.0014   -0.0000   -0.0001
    62 C5     2s        -0.0153    0.5101    0.3976    0.2203    0.0033    0.1284    0.0248    0.1102    0.0000    0.1165
    63 C5     *s        -0.0067   -0.1097   -0.0254    0.0117    0.0129    0.0067    0.0024    0.0387    0.0000    0.0349
    64 C5     2px       -0.0502   -0.0295   -0.2200   -0.1827   -0.2197    0.2564   -0.1570    0.3703   -0.0186    0.2378
    65 C5     *px        0.0070    0.0279    0.0826    0.0549    0.0340   -0.0353    0.0176   -0.0226    0.0020   -0.0139
    66 C5     2py       -0.1947   -0.1299   -0.0475    0.2360    0.2430   -0.2996    0.2548    0.2545   -0.0244    0.2459
    67 C5     *py        0.0700    0.0286    0.0208   -0.0621   -0.0525    0.0369   -0.0269   -0.0843    0.0026   -0.0647
    68 C5     2pz        0.0169    0.0111    0.0156   -0.0070   -0.0055    0.0076   -0.0098   -0.0390   -0.3364   -0.0310
    69 C5     *pz       -0.0055   -0.0036   -0.0061    0.0015    0.0019   -0.0007    0.0010    0.0074    0.0353    0.0055
    70 C5     *d2-      -0.0208   -0.0042   -0.0060   -0.0039    0.0129   -0.0087   -0.0176    0.0276   -0.0016    0.0147
    71 C5     *d1-       0.0004   -0.0017   -0.0003    0.0009   -0.0003    0.0002    0.0018   -0.0027    0.0032   -0.0002
    72 C5     *d0        0.0010   -0.0106   -0.0017   -0.0010    0.0045   -0.0014   -0.0000   -0.0074    0.0019   -0.0075
    73 C5     *d1+       0.0023   -0.0002    0.0006   -0.0004   -0.0004    0.0006    0.0007   -0.0026   -0.0242   -0.0030
    74 C5     *d2+      -0.0118   -0.0084   -0.0064    0.0108   -0.0026   -0.0011    0.0108   -0.0024   -0.0016    0.0220
    75 H6     1s        -0.0523   -0.1965    0.3215   -0.3725    0.2239    0.2541    0.2795    0.1799   -0.0000   -0.0305
    76 H6     *s         0.0204    0.0830   -0.1337    0.1429   -0.1000   -0.1037   -0.0985   -0.0638   -0.0000    0.0192
    77 H6     *px        0.0051    0.0148   -0.0209    0.0201   -0.0145   -0.0127   -0.0112   -0.0054   -0.0004    0.0021
    78 H6     *py       -0.0035    0.0031   -0.0043    0.0012    0.0014    0.0011   -0.0002   -0.0059   -0.0006    0.0064
    79 H6     *pz       -0.0000   -0.0010    0.0015   -0.0012    0.0007    0.0006    0.0006    0.0007   -0.0077   -0.0006
    80 H7     1s         0.1433   -0.1295   -0.0842    0.3123    0.3664    0.3924   -0.2711   -0.0759    0.0000    0.0933
    81 H7     *s        -0.0625    0.0616    0.0301   -0.1124   -0.1470   -0.1331    0.0959    0.0265    0.0000   -0.0295
    82 H7     *px       -0.0071    0.0019    0.0054   -0.0058   -0.0094   -0.0117   -0.0029    0.0008   -0.0004   -0.0005
    83 H7     *py        0.0105   -0.0127   -0.0032    0.0171    0.0185    0.0123   -0.0145   -0.0007   -0.0005    0.0018
    84 H7     *pz       -0.0004    0.0008   -0.0001   -0.0009   -0.0008   -0.0002    0.0012    0.0000   -0.0068   -0.0001
    85 H8     1s         0.1550    0.1122   -0.0994   -0.3270    0.3522   -0.3858   -0.2750    0.0830    0.0000    0.0973
    86 H8     *s        -0.0681   -0.0541    0.0357    0.1185   -0.1419    0.1306    0.0972   -0.0289   -0.0000   -0.0300
    87 H8     *px        0.0107    0.0049   -0.0068   -0.0117    0.0146   -0.0150   -0.0023    0.0012   -0.0004    0.0012
    88 H8     *py        0.0084    0.0104   -0.0020   -0.0148    0.0135   -0.0071   -0.0146    0.0006   -0.0005    0.0015
    89 H8     *pz       -0.0012   -0.0010    0.0005    0.0017   -0.0018    0.0014    0.0012   -0.0001   -0.0067   -0.0002
    90 H9     1s        -0.0353    0.2030    0.3329    0.3470    0.2473   -0.2575    0.2701   -0.1832   -0.0000   -0.0404
    91 H9     *s         0.0129   -0.0855   -0.1384   -0.1319   -0.1091    0.1049   -0.0950    0.0640    0.0000    0.0217
    92 H9     *px       -0.0047    0.0136    0.0188    0.0170    0.0152   -0.0124    0.0101   -0.0032   -0.0004   -0.0001
    93 H9     *py       -0.0022   -0.0079   -0.0114   -0.0073   -0.0042    0.0033   -0.0038    0.0076   -0.0006    0.0070
    94 H9     *pz        0.0004   -0.0002   -0.0002   -0.0004   -0.0005    0.0004   -0.0003   -0.0004   -0.0078   -0.0005


      Orbital                21        22        23        24        25        26        27        28        29        30
      Energy            -0.5211   -0.4645   -0.1440    0.1993    0.0548    0.0125    0.5464    0.0157    0.0512    0.0716
      Occ. No.           1.5256    1.3053    0.4759    0.0274    0.0409    0.1643    0.0098    0.0000    0.0000    0.0000

     1 S1     1s        -0.0000   -0.0000    0.0000    0.0135   -0.0017    0.0000    0.0000    0.0016    0.0000   -0.0093
     2 S1     2s        -0.0000   -0.0000    0.0000    0.0818   -0.0125    0.0000    0.0000    0.0093   -0.0000   -0.0622
     3 S1     3s         0.0000   -0.0000    0.0000   -0.1932   -0.0395    0.0000    0.0000   -0.0245   -0.0010   -0.0838
     4 S1     *s         0.0000   -0.0000   -0.0000   -0.6749    0.0364   -0.0000   -0.0000   -0.1943   -0.0066    0.7858
     5 S1     2px       -0.0003    0.0000   -0.0005    0.0109    0.0532    0.0000   -0.0027   -0.0009    0.0112    0.0006
     6 S1     3px       -0.0423    0.0004   -0.0250    0.1862    1.0988    0.0001   -0.0256   -0.0032    0.0643    0.0205
     7 S1     *px        0.0011   -0.0002   -0.0052   -0.0209   -0.1153   -0.0005    0.0260    0.0464   -0.1530   -0.0730
     8 S1     2py       -0.0004    0.0000   -0.0007    0.0598   -0.0110    0.0000   -0.0036   -0.0053   -0.0020    0.0037
     9 S1     3py       -0.0555    0.0005   -0.0327    1.0183   -0.2052    0.0002   -0.0335   -0.0232   -0.0135    0.1144
    10 S1     *py        0.0014   -0.0002   -0.0068   -0.1531    0.0381   -0.0006    0.0341    0.2624    0.0310   -0.4193
    11 S1     2pz       -0.0054    0.0004   -0.0098   -0.0049   -0.0021    0.0006   -0.0496    0.0004   -0.0005   -0.0003
    12 S1     3pz       -0.7639    0.0070   -0.4508   -0.0842   -0.0459    0.0024   -0.4626    0.0019   -0.0026   -0.0094
    13 S1     *pz        0.0199   -0.0032   -0.0941    0.0123    0.0036   -0.0088    0.4695   -0.0216    0.0062    0.0345
    14 S1     *d2-       0.0004   -0.0037   -0.0041   -0.0107    0.1769   -0.0048    0.0036    0.0215    0.0034    0.0031
    15 S1     *d1-       0.0042    0.0152   -0.0669   -0.0353   -0.0027    0.0245   -0.6356   -0.0048    0.0001    0.0002
    16 S1     *d0       -0.0007    0.0041    0.0090   -0.2741    0.0165    0.0051    0.0288    0.0051    0.0007    0.0064
    17 S1     *d1+       0.0019   -0.0625   -0.0048   -0.0249   -0.0152   -0.0849    0.5354    0.0021   -0.0003    0.0007
    18 S1     *d2+      -0.0002   -0.0046    0.0046   -0.0158    0.0708   -0.0065    0.0758   -0.0584    0.0023   -0.0054
    19 C2     1s        -0.0000   -0.0000    0.0000    0.0427   -0.0260    0.0000   -0.0000    0.0070   -0.0194   -0.0069
    20 C2     2s        -0.0000   -0.0000    0.0000    0.4603   -0.3630    0.0000   -0.0000   -0.1515    0.1061    0.1505
    21 C2     *s         0.0000    0.0000    0.0000    0.0451   -0.0741    0.0000    0.0000   -0.4327    0.8981    0.4826
    22 C2     2px        0.0055   -0.0312    0.0339   -0.4059    0.3001   -0.0235   -0.0384   -0.1556    0.2705    0.1582
    23 C2     *px       -0.0006   -0.0005    0.0059    0.0584   -0.0159   -0.0045    0.0294   -0.4290    0.6862    0.7620
    24 C2     2py        0.0073   -0.0409    0.0445    0.6128   -0.5450   -0.0308   -0.0504   -0.0114    0.0139   -0.0401
    25 C2     *py       -0.0008   -0.0007    0.0078   -0.1357    0.0927   -0.0059    0.0386   -0.1063    0.1141   -0.2712
    26 C2     2pz        0.1000   -0.5631    0.6125   -0.0220    0.0230   -0.4247   -0.6945    0.0094   -0.0160   -0.0058
    27 C2     *pz       -0.0111   -0.0094    0.1068    0.0066   -0.0059   -0.0808    0.5313    0.0315   -0.0463   -0.0225
    28 C2     *d2-      -0.0018    0.0014    0.0006   -0.0291    0.0377   -0.0025    0.0023   -0.0013   -0.0032    0.0066
    29 C2     *d1-      -0.0295    0.0019    0.0099   -0.0005   -0.0030   -0.0417    0.1478    0.0012   -0.0005    0.0006
    30 C2     *d0        0.0039   -0.0020   -0.0014   -0.0029   -0.0011    0.0056   -0.0108   -0.0045   -0.0047    0.0043
    31 C2     *d1+      -0.0019    0.0181    0.0010    0.0032   -0.0022   -0.0030   -0.0822   -0.0016   -0.0002   -0.0004
    32 C2     *d2+       0.0020    0.0009   -0.0007   -0.0239   -0.0110    0.0029   -0.0153    0.0234   -0.0007    0.0055
    33 C3     1s         0.0000    0.0000    0.0000   -0.0012   -0.0011   -0.0000    0.0000    0.0164   -0.0109    0.0160
    34 C3     2s        -0.0000    0.0000    0.0000   -0.0262    0.0248   -0.0000    0.0000   -0.1029    0.0015   -0.1097
    35 C3     *s        -0.0000    0.0000   -0.0000    0.0264    0.0366   -0.0000   -0.0001   -0.7488    0.5721   -0.8253
    36 C3     2px        0.0237   -0.0182   -0.0201    0.0473    0.0460    0.0391    0.0036   -0.0661    0.0570   -0.1188
    37 C3     *px       -0.0004    0.0006   -0.0045    0.0118   -0.0543    0.0093   -0.0033   -0.1260   -0.0317   -0.4565
    38 C3     2py        0.0310   -0.0238   -0.0263   -0.0252    0.0766    0.0513    0.0048    0.1590   -0.1288    0.1318
    39 C3     *py       -0.0005    0.0007   -0.0058    0.0087   -0.0005    0.0122   -0.0044    0.1988   -0.2319    0.4603
    40 C3     2pz        0.4274   -0.3283   -0.3630   -0.0008   -0.0081    0.7061    0.0657   -0.0079    0.0062   -0.0030
    41 C3     *pz       -0.0075    0.0100   -0.0804   -0.0013    0.0030    0.1677   -0.0600   -0.0075    0.0186   -0.0082
    42 C3     *d2-      -0.0003   -0.0027    0.0028   -0.0079    0.0095    0.0011   -0.0026   -0.0139   -0.0043    0.0101
    43 C3     *d1-       0.0127   -0.0190    0.0123   -0.0008    0.0002    0.0005   -0.0151    0.0000    0.0002    0.0003
    44 C3     *d0       -0.0002    0.0045   -0.0043    0.0013   -0.0010   -0.0015    0.0042   -0.0001   -0.0043    0.0047
    45 C3     *d1+      -0.0144   -0.0218    0.0284    0.0018   -0.0014    0.0147   -0.0234    0.0015   -0.0005   -0.0005
    46 C3     *d2+      -0.0017    0.0002    0.0007   -0.0193    0.0112    0.0008   -0.0002   -0.0099    0.0074    0.0032
    47 C4     1s        -0.0000    0.0000   -0.0000   -0.0003    0.0013   -0.0000   -0.0000    0.0165    0.0102    0.0166
    48 C4     2s         0.0000    0.0000   -0.0000   -0.0219   -0.0196   -0.0000   -0.0000   -0.1025    0.0030   -0.1168
    49 C4     *s         0.0000    0.0000    0.0000    0.0089   -0.0261   -0.0000    0.0001   -0.7550   -0.5377   -0.8573
    50 C4     2px        0.0238    0.0184   -0.0193   -0.0520    0.0163   -0.0394   -0.0068    0.1174    0.0914    0.1608
    51 C4     *px       -0.0005   -0.0005   -0.0042   -0.0156   -0.0537   -0.0093    0.0047    0.1862    0.0306    0.5993
    52 C4     2py        0.0312    0.0241   -0.0253   -0.0066   -0.0817   -0.0517   -0.0089    0.1273    0.0981    0.0879
    53 C4     *py       -0.0006   -0.0007   -0.0056    0.0053    0.0221   -0.0122    0.0061    0.1442    0.2212    0.3015
    54 C4     2pz        0.4298    0.3314   -0.3478    0.0034    0.0050   -0.7126   -0.1228   -0.0157   -0.0122   -0.0153
    55 C4     *pz       -0.0088   -0.0099   -0.0767    0.0005    0.0014   -0.1681    0.0841   -0.0208   -0.0177   -0.0551
    56 C4     *d2-       0.0017    0.0004   -0.0005    0.0192    0.0149    0.0007    0.0016    0.0171    0.0014   -0.0099
    57 C4     *d1-       0.0069    0.0254    0.0217   -0.0016   -0.0009   -0.0053    0.0070   -0.0009   -0.0001    0.0008
    58 C4     *d0       -0.0026   -0.0019   -0.0005    0.0015    0.0010   -0.0006   -0.0024    0.0001    0.0042    0.0045
    59 C4     *d1+       0.0176   -0.0142   -0.0229   -0.0007   -0.0009    0.0130    0.0161   -0.0013    0.0008    0.0014
    60 C4     *d2+       0.0005   -0.0026   -0.0028   -0.0103   -0.0024    0.0011    0.0004    0.0011   -0.0083   -0.0042
    61 C5     1s         0.0000   -0.0000    0.0000    0.0436    0.0276   -0.0000    0.0000    0.0072    0.0194   -0.0065
    62 C5     2s        -0.0000   -0.0000   -0.0000    0.4699    0.3705   -0.0000    0.0000   -0.1527   -0.1087    0.1512
    63 C5     *s        -0.0000   -0.0000   -0.0000    0.0589    0.0634   -0.0000   -0.0000   -0.4409   -0.9070    0.4618
    64 C5     2px        0.0054    0.0307    0.0336    0.5996    0.4733    0.0246    0.0028    0.1470    0.2521   -0.1564
    65 C5     *px       -0.0002    0.0006    0.0063   -0.0905   -0.0486    0.0045   -0.0041    0.3761    0.6212   -0.8013
    66 C5     2py        0.0071    0.0403    0.0441    0.4442    0.4130    0.0322    0.0037   -0.0651   -0.1062    0.0148
    67 C5     *py       -0.0003    0.0008    0.0083   -0.1085   -0.0726    0.0059   -0.0054   -0.2521   -0.3376    0.0014
    68 C5     2pz        0.0972    0.5555    0.6069   -0.0654   -0.0562    0.4441    0.0508   -0.0034   -0.0062    0.0076
    69 C5     *pz       -0.0041    0.0115    0.1143    0.0129    0.0080    0.0808   -0.0744   -0.0025   -0.0099    0.0443
    70 C5     *d2-      -0.0020    0.0008    0.0009    0.0397    0.0220    0.0030   -0.0001   -0.0143   -0.0024   -0.0083
    71 C5     *d1-      -0.0274   -0.0075    0.0105   -0.0029    0.0010    0.0403   -0.0186    0.0016    0.0006    0.0011
    72 C5     *d0        0.0041   -0.0006   -0.0017   -0.0058    0.0005   -0.0061    0.0012   -0.0046    0.0048    0.0045
    73 C5     *d1+      -0.0064    0.0166    0.0040   -0.0035   -0.0032    0.0097    0.0124   -0.0004    0.0007    0.0010
    74 C5     *d2+       0.0016    0.0015   -0.0005    0.0012    0.0295   -0.0024    0.0020    0.0189   -0.0019    0.0003
    75 H6     1s        -0.0000    0.0000   -0.0000   -0.0863   -0.0024   -0.0000    0.0000    0.1123   -0.0445   -0.0320
    76 H6     *s         0.0000   -0.0000    0.0000    0.0351   -0.0432    0.0000    0.0000    0.9568   -1.5104   -1.2522
    77 H6     *px        0.0001   -0.0007    0.0008    0.0009    0.0014   -0.0004   -0.0010   -0.0009    0.0129    0.0074
    78 H6     *py        0.0002   -0.0009    0.0010    0.0089   -0.0121   -0.0005   -0.0013   -0.0002   -0.0015    0.0010
    79 H6     *pz        0.0024   -0.0126    0.0136   -0.0007    0.0008   -0.0065   -0.0186    0.0001   -0.0006   -0.0005
    80 H7     1s         0.0000   -0.0000   -0.0000    0.0500   -0.0586    0.0000    0.0000    0.0926   -0.0069   -0.0032
    81 H7     *s        -0.0000    0.0000   -0.0000   -0.0077    0.0181   -0.0000   -0.0000    0.8589   -0.5993    1.1960
    82 H7     *px        0.0005   -0.0004   -0.0004    0.0049    0.0005    0.0006    0.0005   -0.0009    0.0042   -0.0082
    83 H7     *py        0.0007   -0.0006   -0.0006    0.0021   -0.0019    0.0009    0.0006    0.0054   -0.0062    0.0101
    84 H7     *pz        0.0098   -0.0077   -0.0080   -0.0004    0.0001    0.0117    0.0085   -0.0003    0.0002   -0.0003
    85 H8     1s        -0.0000   -0.0000    0.0000    0.0510    0.0574    0.0000    0.0000    0.0930    0.0055   -0.0010
    86 H8     *s         0.0000    0.0000    0.0000   -0.0101   -0.0183   -0.0000    0.0000    0.8641    0.5576    1.2529
    87 H8     *px        0.0006    0.0004   -0.0004   -0.0039    0.0011   -0.0007   -0.0004    0.0027    0.0058    0.0114
    88 H8     *py        0.0007    0.0006   -0.0006    0.0039    0.0015   -0.0009   -0.0005    0.0048    0.0042    0.0070
    89 H8     *pz        0.0099    0.0077   -0.0076   -0.0001   -0.0002   -0.0118   -0.0066   -0.0005   -0.0006   -0.0011
    90 H9     1s         0.0000    0.0000    0.0000   -0.0832   -0.0024    0.0000    0.0000    0.1136    0.0435   -0.0331
    91 H9     *s        -0.0000   -0.0000   -0.0000    0.0387    0.0442   -0.0000   -0.0000    0.9766    1.5298   -1.2275
    92 H9     *px        0.0001    0.0007    0.0008    0.0024    0.0057    0.0004    0.0004    0.0008    0.0129   -0.0064
    93 H9     *py        0.0002    0.0009    0.0010    0.0093    0.0108    0.0005    0.0005   -0.0004   -0.0031    0.0031
    94 H9     *pz        0.0024    0.0126    0.0138   -0.0008   -0.0011    0.0071    0.0067   -0.0000   -0.0005    0.0001


      Orbital                31
      Energy             0.0854
      Occ. No.           0.0000

     1 S1     1s        -0.0002
     2 S1     2s        -0.0016
     3 S1     3s        -0.0034
     4 S1     *s         0.0125
     5 S1     2px        0.0139
     6 S1     3px        0.1005
     7 S1     *px        0.0024
     8 S1     2py       -0.0025
     9 S1     3py       -0.0171
    10 S1     *py       -0.0063
    11 S1     2pz       -0.0006
    12 S1     3pz       -0.0043
    13 S1     *pz        0.0003
    14 S1     *d2-      -0.0206
    15 S1     *d1-       0.0008
    16 S1     *d0        0.0009
    17 S1     *d1+       0.0020
    18 S1     *d2+      -0.0070
    19 C2     1s        -0.0020
    20 C2     2s         0.1146
    21 C2     *s        -0.1148
    22 C2     2px        0.0607
    23 C2     *px        0.5563
    24 C2     2py       -0.0284
    25 C2     *py       -0.0172
    26 C2     2pz       -0.0013
    27 C2     *pz       -0.0295
    28 C2     *d2-      -0.0177
    29 C2     *d1-       0.0014
    30 C2     *d0        0.0043
    31 C2     *d1+       0.0018
    32 C2     *d2+      -0.0022
    33 C3     1s         0.0092
    34 C3     2s        -0.2891
    35 C3     *s        -0.4956
    36 C3     2px       -0.0143
    37 C3     *px       -0.2301
    38 C3     2py        0.1414
    39 C3     *py        1.0913
    40 C3     2pz       -0.0095
    41 C3     *pz       -0.0665
    42 C3     *d2-       0.0058
    43 C3     *d1-      -0.0005
    44 C3     *d0       -0.0086
    45 C3     *d1+      -0.0019
    46 C3     *d2+       0.0119
    47 C4     1s        -0.0089
    48 C4     2s         0.2868
    49 C4     *s         0.4798
    50 C4     2px       -0.0576
    51 C4     *px       -0.5712
    52 C4     2py       -0.1247
    53 C4     *py       -0.9363
    54 C4     2pz        0.0122
    55 C4     *pz        0.0996
    56 C4     *d2-       0.0118
    57 C4     *d1-       0.0001
    58 C4     *d0        0.0089
    59 C4     *d1+       0.0003
    60 C4     *d2+      -0.0055
    61 C5     1s         0.0017
    62 C5     2s        -0.1117
    63 C5     *s         0.1234
    64 C5     2px        0.0619
    65 C5     *px        0.5067
    66 C5     2py        0.0061
    67 C5     *py       -0.1705
    68 C5     2pz       -0.0039
    69 C5     *pz       -0.0157
    70 C5     *d2-      -0.0152
    71 C5     *d1-      -0.0004
    72 C5     *d0       -0.0042
    73 C5     *d1+       0.0013
    74 C5     *d2+      -0.0100
    75 H6     1s        -0.0860
    76 H6     *s        -0.7089
    77 H6     *px       -0.0004
    78 H6     *py       -0.0092
    79 H6     *pz        0.0007
    80 H7     1s         0.0682
    81 H7     *s         1.7000
    82 H7     *px       -0.0011
    83 H7     *py        0.0095
    84 H7     *pz       -0.0006
    85 H8     1s        -0.0684
    86 H8     *s        -1.6682
    87 H8     *px       -0.0039
    88 H8     *py       -0.0084
    89 H8     *pz        0.0008
    90 H9     1s         0.0846
    91 H9     *s         0.6750
    92 H9     *px        0.0026
    93 H9     *py        0.0089
    94 H9     *pz       -0.0008
--

      Von Neumann Entropy (Root   1) =  1.18063


      Mulliken population analysis for root number:  1
      -----------------------------------------------


++    Molecular charges:
      ------------------

      Mulliken charges per centre and basis function type
      ---------------------------------------------------

                S1      C2      C3      C4      C5      H6      H7      H8      H9    
      1s       2.0000  2.0031  2.0033  2.0033  2.0031  1.2155  1.2287  1.2291  1.2155
      2s       2.0065  1.5043  1.4662  1.4656  1.5088  0.0000  0.0000  0.0000  0.0000
      2px      2.0003  1.2120  1.1464  1.1753  1.1629  0.0000  0.0000  0.0000  0.0000
      2pz      1.9999  0.8269  0.9370  0.9188  0.8004  0.0000  0.0000  0.0000  0.0000
      2py      2.0001  1.0972  1.1985  1.1677  1.1646  0.0000  0.0000  0.0000  0.0000
      3s       1.9526  0.0000  0.0000  0.0000  0.0000  0.0000  0.0000  0.0000  0.0000
      3px      1.1848  0.0000  0.0000  0.0000  0.0000  0.0000  0.0000  0.0000  0.0000
      3pz      1.6730  0.0000  0.0000  0.0000  0.0000  0.0000  0.0000  0.0000  0.0000
      3py      1.4769  0.0000  0.0000  0.0000  0.0000  0.0000  0.0000  0.0000  0.0000
      *s      -0.0910 -0.2611 -0.3168 -0.3162 -0.2620 -0.4061 -0.3895 -0.3894 -0.4063
      *px     -0.2932 -0.1994 -0.2224 -0.2299 -0.1898  0.0265  0.0070  0.0138  0.0226
      *pz     -0.1408 -0.0304 -0.0472 -0.0451 -0.0305  0.0045  0.0050  0.0051  0.0043
      *py     -0.2820 -0.2186 -0.2751 -0.2673 -0.2308  0.0036  0.0221  0.0152  0.0077
      *d2+     0.0236  0.0199  0.0261  0.0276  0.0164  0.0000  0.0000  0.0000  0.0000
      *d1+     0.0186  0.0078  0.0096  0.0093  0.0079  0.0000  0.0000  0.0000  0.0000
      *d0      0.0221  0.0055  0.0051  0.0051  0.0055  0.0000  0.0000  0.0000  0.0000
      *d1-     0.0199  0.0163  0.0086  0.0088  0.0144  0.0000  0.0000  0.0000  0.0000
      *d2-     0.0668  0.0267  0.0275  0.0263  0.0302  0.0000  0.0000  0.0000  0.0000
      Total   15.6382  6.0101  5.9667  5.9493  6.0009  0.8441  0.8733  0.8737  0.8438

      N-E      0.3618 -0.0101  0.0333  0.0507 -0.0009  0.1559  0.1267  0.1263  0.1562

      Total electronic charge=   43.000000

      Total            charge=    1.000000
--



      Expectation values of various properties for root number:  1
      -----------------------------------------------------------


++    Molecular properties:
      ---------------------

      Charge (e):
                      =    1.0000
      Dipole Moment (debye):
      Origin of the operator (angstrom)=    0.0000    0.0000    0.0000
                   X=  1.0443E-01               Y=  1.3873E+00               Z= -1.0650E-01           Total=  1.3953E+00
      Center of Charge (angstrom)
                     X=    0.02174076               Y=    0.28882912               Z=   -0.02217230
      Quadrupole Moment (debye*angstrom):
      Origin of the operator (angstrom)=    0.1059    0.6070   -0.0499
                  XX= -1.9994E+01              XY= -8.4866E-01              XZ= -8.2500E-01              YY= -2.5446E+01
                  YZ= -7.1999E-01              ZZ= -3.5913E+01
      In traceless form (debye*angstrom)
                  XX=  1.0685E+01              XY= -1.2730E+00              XZ= -1.2375E+00              YY=  2.5074E+00
                  YZ= -1.0800E+00              ZZ= -1.3193E+01
--


      Mulliken spin population analysis for root number:  1
      ---------------------------------------------------


++    Molecular charges:
      ------------------

      Mulliken spin population per centre and basis function type
      ---------------------------------------------------

                S1      C2      C3      C4      C5      H6      H7      H8      H9    
      1s       0.0000 -0.0000  0.0000  0.0000 -0.0000  0.0001  0.0002  0.0002  0.0001
      2s      -0.0000  0.0019  0.0000  0.0000  0.0018  0.0000  0.0000  0.0000  0.0000
      2px      0.0000  0.0049  0.0002  0.0004  0.0091  0.0000  0.0000  0.0000  0.0000
      2pz     -0.0000  0.4509  0.0397  0.1265  0.4119  0.0000  0.0000  0.0000  0.0000
      2py      0.0000  0.0116  0.0004  0.0009  0.0072  0.0000  0.0000  0.0000  0.0000
      3s       0.0009  0.0000  0.0000  0.0000  0.0000  0.0000  0.0000  0.0000  0.0000
      3px     -0.0228  0.0000  0.0000  0.0000  0.0000  0.0000  0.0000  0.0000  0.0000
      3pz     -0.0744  0.0000  0.0000  0.0000  0.0000  0.0000  0.0000  0.0000  0.0000
      3py     -0.0154  0.0000  0.0000  0.0000  0.0000  0.0000  0.0000  0.0000  0.0000
      *s       0.0018  0.0002 -0.0000 -0.0000  0.0002 -0.0001 -0.0000 -0.0000 -0.0001
      *px      0.0025 -0.0001 -0.0001 -0.0001 -0.0004  0.0000 -0.0000  0.0000  0.0000
      *pz     -0.0081  0.0093 -0.0106 -0.0070  0.0145  0.0029  0.0003  0.0008  0.0026
      *py      0.0018 -0.0007 -0.0001 -0.0000 -0.0003  0.0001  0.0000  0.0000  0.0001
      *d2+     0.0003 -0.0001  0.0001  0.0001 -0.0001  0.0000  0.0000  0.0000  0.0000
      *d1+     0.0138 -0.0001  0.0045  0.0010 -0.0001  0.0000  0.0000  0.0000  0.0000
      *d0      0.0008 -0.0000  0.0002  0.0000 -0.0000  0.0000  0.0000  0.0000  0.0000
      *d1-     0.0020  0.0003  0.0030  0.0051  0.0011  0.0000  0.0000  0.0000  0.0000
      *d2-     0.0020  0.0001  0.0001  0.0001  0.0000  0.0000  0.0000  0.0000  0.0000
      Total   -0.0948  0.4782  0.0374  0.1269  0.4450  0.0030  0.0004  0.0010  0.0028

      Total electronic spin=    1.000000
--


      Von Neumann Entropy (Root   2) =  1.26505


      Mulliken population analysis for root number:  2
      -----------------------------------------------


++    Molecular charges:
      ------------------

      Mulliken charges per centre and basis function type
      ---------------------------------------------------

                S1      C2      C3      C4      C5      H6      H7      H8      H9    
      1s       2.0000  2.0031  2.0033  2.0033  2.0031  1.2151  1.2276  1.2278  1.2147
      2s       2.0065  1.4943  1.4661  1.4655  1.4974  0.0000  0.0000  0.0000  0.0000
      2px      2.0003  1.1942  1.1457  1.1752  1.1150  0.0000  0.0000  0.0000  0.0000
      2pz      1.9999  1.0562  0.8535  0.8880  1.0551  0.0000  0.0000  0.0000  0.0000
      2py      2.0001  1.0497  1.1973  1.1664  1.1352  0.0000  0.0000  0.0000  0.0000
      3s       1.9465  0.0000  0.0000  0.0000  0.0000  0.0000  0.0000  0.0000  0.0000
      3px      1.3147  0.0000  0.0000  0.0000  0.0000  0.0000  0.0000  0.0000  0.0000
      3pz      1.2651  0.0000  0.0000  0.0000  0.0000  0.0000  0.0000  0.0000  0.0000
      3py      1.5674  0.0000  0.0000  0.0000  0.0000  0.0000  0.0000  0.0000  0.0000
      *s      -0.1029 -0.2624 -0.3168 -0.3161 -0.2633 -0.4057 -0.3894 -0.3893 -0.4059
      *px     -0.3075 -0.1985 -0.2221 -0.2295 -0.1868  0.0266  0.0070  0.0138  0.0226
      *pz     -0.1189 -0.0249 -0.0448 -0.0456 -0.0305  0.0060  0.0047  0.0050  0.0060
      *py     -0.2929 -0.2147 -0.2751 -0.2672 -0.2283  0.0033  0.0221  0.0152  0.0074
      *d2+     0.0223  0.0205  0.0254  0.0275  0.0168  0.0000  0.0000  0.0000  0.0000
      *d1+     0.0294  0.0089  0.0126  0.0093  0.0074  0.0000  0.0000  0.0000  0.0000
      *d0      0.0171  0.0055  0.0052  0.0051  0.0054  0.0000  0.0000  0.0000  0.0000
      *d1-     0.0201  0.0087  0.0099  0.0129  0.0098  0.0000  0.0000  0.0000  0.0000
      *d2-     0.0572  0.0263  0.0274  0.0254  0.0299  0.0000  0.0000  0.0000  0.0000
      Total   15.4245  6.1672  5.8877  5.9201  6.1660  0.8452  0.8720  0.8725  0.8448

      N-E      0.5755 -0.1672  0.1123  0.0799 -0.1660  0.1548  0.1280  0.1275  0.1552

      Total electronic charge=   43.000000

      Total            charge=    1.000000
--



      Expectation values of various properties for root number:  2
      -----------------------------------------------------------


++    Molecular properties:
      ---------------------

      Charge (e):
                      =    1.0000
      Dipole Moment (debye):
      Origin of the operator (angstrom)=    0.0000    0.0000    0.0000
                   X=  4.3023E-01               Y=  1.9181E+00               Z= -1.6306E-01           Total=  1.9725E+00
      Center of Charge (angstrom)
                     X=    0.08957202               Y=    0.39932992               Z=   -0.03394715
      Quadrupole Moment (debye*angstrom):
      Origin of the operator (angstrom)=    0.1059    0.6070   -0.0499
                  XX= -2.3526E+01              XY= -1.5692E-01              XZ= -6.6081E-01              YY= -2.2600E+01
                  YZ= -9.4016E-01              ZZ= -3.5565E+01
      In traceless form (debye*angstrom)
                  XX=  5.5559E+00              XY= -2.3538E-01              XZ= -9.9122E-01              YY=  6.9457E+00
                  YZ= -1.4102E+00              ZZ= -1.2502E+01
--


      Mulliken spin population analysis for root number:  2
      ---------------------------------------------------


++    Molecular charges:
      ------------------

      Mulliken spin population per centre and basis function type
      ---------------------------------------------------

                S1      C2      C3      C4      C5      H6      H7      H8      H9    
      1s       0.0000  0.0000 -0.0000 -0.0000  0.0000 -0.0000 -0.0001 -0.0001 -0.0001
      2s      -0.0000 -0.0008  0.0000  0.0000 -0.0010  0.0000  0.0000  0.0000  0.0000
      2px     -0.0000 -0.0022  0.0009  0.0007 -0.0052  0.0000  0.0000  0.0000  0.0000
      2pz      0.0000 -0.1027  0.3232  0.2494 -0.0893  0.0000  0.0000  0.0000  0.0000
      2py      0.0000 -0.0056  0.0016  0.0011 -0.0037  0.0000  0.0000  0.0000  0.0000
      3s       0.0003  0.0000  0.0000  0.0000  0.0000  0.0000  0.0000  0.0000  0.0000
      3px      0.0250  0.0000  0.0000  0.0000  0.0000  0.0000  0.0000  0.0000  0.0000
      3pz      0.6112  0.0000  0.0000  0.0000  0.0000  0.0000  0.0000  0.0000  0.0000
      3py      0.0015  0.0000  0.0000  0.0000  0.0000  0.0000  0.0000  0.0000  0.0000
      *s       0.0004 -0.0002  0.0000  0.0000 -0.0002  0.0001  0.0000  0.0000  0.0001
      *px     -0.0025 -0.0000  0.0001  0.0001  0.0002 -0.0000  0.0000  0.0000 -0.0000
      *pz     -0.0149 -0.0138  0.0124  0.0073 -0.0108 -0.0006  0.0020  0.0015 -0.0006
      *py      0.0001  0.0004  0.0001  0.0000  0.0003 -0.0000  0.0000  0.0000 -0.0000
      *d2+    -0.0002  0.0001 -0.0000  0.0000  0.0001  0.0000  0.0000  0.0000  0.0000
      *d1+    -0.0014  0.0007  0.0021  0.0033  0.0010  0.0000  0.0000  0.0000  0.0000
      *d0      0.0002  0.0002 -0.0000  0.0000  0.0002  0.0000  0.0000  0.0000  0.0000
      *d1-    -0.0022  0.0075 -0.0006 -0.0008  0.0062  0.0000  0.0000  0.0000  0.0000
      *d2-    -0.0016 -0.0000 -0.0000 -0.0001 -0.0000  0.0000  0.0000  0.0000  0.0000
      Total    0.6158 -0.1165  0.3396  0.2612 -0.1022 -0.0006  0.0019  0.0015 -0.0006

      Total electronic spin=    1.000000
--


      Von Neumann Entropy (Root   3) =  1.86534


      Mulliken population analysis for root number:  3
      -----------------------------------------------


++    Molecular charges:
      ------------------

      Mulliken charges per centre and basis function type
      ---------------------------------------------------

                S1      C2      C3      C4      C5      H6      H7      H8      H9    
      1s       2.0000  2.0031  2.0033  2.0033  2.0031  1.2153  1.2282  1.2284  1.2151
      2s       2.0065  1.4993  1.4662  1.4655  1.5030  0.0000  0.0000  0.0000  0.0000
      2px      2.0003  1.2031  1.1460  1.1752  1.1387  0.0000  0.0000  0.0000  0.0000
      2pz      1.9999  0.9382  0.8730  0.8777  0.9214  0.0000  0.0000  0.0000  0.0000
      2py      2.0001  1.0734  1.1978  1.1669  1.1497  0.0000  0.0000  0.0000  0.0000
      3s       1.9494  0.0000  0.0000  0.0000  0.0000  0.0000  0.0000  0.0000  0.0000
      3px      1.2504  0.0000  0.0000  0.0000  0.0000  0.0000  0.0000  0.0000  0.0000
      3pz      1.4129  0.0000  0.0000  0.0000  0.0000  0.0000  0.0000  0.0000  0.0000
      3py      1.5225  0.0000  0.0000  0.0000  0.0000  0.0000  0.0000  0.0000  0.0000
      *s      -0.0972 -0.2617 -0.3168 -0.3161 -0.2627 -0.4059 -0.3895 -0.3893 -0.4061
      *px     -0.3003 -0.1989 -0.2222 -0.2296 -0.1882  0.0266  0.0070  0.0138  0.0226
      *pz     -0.1025 -0.0092 -0.0261 -0.0270 -0.0079  0.0057  0.0051  0.0052  0.0056
      *py     -0.2873 -0.2166 -0.2750 -0.2672 -0.2295  0.0034  0.0221  0.0152  0.0075
      *d2+     0.0230  0.0202  0.0257  0.0276  0.0166  0.0000  0.0000  0.0000  0.0000
      *d1+     0.0272  0.0062  0.0132  0.0101  0.0058  0.0000  0.0000  0.0000  0.0000
      *d0      0.0195  0.0056  0.0052  0.0050  0.0055  0.0000  0.0000  0.0000  0.0000
      *d1-     0.0192  0.0148  0.0084  0.0114  0.0139  0.0000  0.0000  0.0000  0.0000
      *d2-     0.0622  0.0265  0.0275  0.0258  0.0300  0.0000  0.0000  0.0000  0.0000
      Total   15.5058  6.1040  5.9262  5.9286  6.0994  0.8452  0.8729  0.8733  0.8448

      N-E      0.4942 -0.1040  0.0738  0.0714 -0.0994  0.1548  0.1271  0.1267  0.1552

      Total electronic charge=   43.000000

      Total            charge=    1.000000
--



      Expectation values of various properties for root number:  3
      -----------------------------------------------------------


++    Molecular properties:
      ---------------------

      Charge (e):
                      =    1.0000
      Dipole Moment (debye):
      Origin of the operator (angstrom)=    0.0000    0.0000    0.0000
                   X=  2.6034E-01               Y=  1.6728E+00               Z= -1.3586E-01           Total=  1.6984E+00
      Center of Charge (angstrom)
                     X=    0.05420114               Y=    0.34826146               Z=   -0.02828481
      Quadrupole Moment (debye*angstrom):
      Origin of the operator (angstrom)=    0.1059    0.6070   -0.0499
                  XX= -2.2471E+01              XY= -4.8833E-01              XZ= -6.9107E-01              YY= -2.4871E+01
                  YZ= -7.5160E-01              ZZ= -3.5503E+01
      In traceless form (debye*angstrom)
                  XX=  7.7156E+00              XY= -7.3249E-01              XZ= -1.0366E+00              YY=  4.1160E+00
                  YZ= -1.1274E+00              ZZ= -1.1832E+01
--


      Mulliken spin population analysis for root number:  3
      ---------------------------------------------------


++    Molecular charges:
      ------------------

      Mulliken spin population per centre and basis function type
      ---------------------------------------------------

                S1      C2      C3      C4      C5      H6      H7      H8      H9    
      1s       0.0000 -0.0000  0.0000  0.0000 -0.0000  0.0000  0.0001  0.0001  0.0000
      2s      -0.0000  0.0008  0.0000  0.0000  0.0008  0.0000  0.0000  0.0000  0.0000
      2px      0.0000  0.0020  0.0005  0.0005  0.0038  0.0000  0.0000  0.0000  0.0000
      2pz      0.0000  0.2143  0.1636  0.1504  0.2212  0.0000  0.0000  0.0000  0.0000
      2py      0.0000  0.0047  0.0009  0.0008  0.0031  0.0000  0.0000  0.0000  0.0000
      3s       0.0006  0.0000  0.0000  0.0000  0.0000  0.0000  0.0000  0.0000  0.0000
      3px     -0.0034  0.0000  0.0000  0.0000  0.0000  0.0000  0.0000  0.0000  0.0000
      3pz      0.2577  0.0000  0.0000  0.0000  0.0000  0.0000  0.0000  0.0000  0.0000
      3py     -0.0071  0.0000  0.0000  0.0000  0.0000  0.0000  0.0000  0.0000  0.0000
      *s       0.0012  0.0001 -0.0000 -0.0000  0.0001 -0.0000 -0.0000 -0.0000 -0.0000
      *px      0.0005 -0.0001 -0.0000 -0.0000 -0.0002  0.0000  0.0000  0.0000  0.0000
      *pz     -0.0260 -0.0030 -0.0086 -0.0084 -0.0047  0.0014  0.0009  0.0008  0.0014
      *py      0.0009 -0.0002 -0.0000 -0.0000 -0.0001  0.0000  0.0000  0.0000  0.0000
      *d2+     0.0002 -0.0000  0.0001  0.0000 -0.0000  0.0000  0.0000  0.0000  0.0000
      *d1+     0.0023  0.0024  0.0022  0.0020  0.0020  0.0000  0.0000  0.0000  0.0000
      *d0      0.0008  0.0000  0.0001  0.0001  0.0000  0.0000  0.0000  0.0000  0.0000
      *d1-     0.0093  0.0008  0.0023  0.0027  0.0009  0.0000  0.0000  0.0000  0.0000
      *d2-     0.0007  0.0000  0.0000  0.0001  0.0000  0.0000  0.0000  0.0000  0.0000
      Total    0.2376  0.2219  0.1610  0.1480  0.2268  0.0014  0.0010  0.0009  0.0015

      Total electronic spin=    1.000000
--


      Von Neumann Entropy (Root   4) =  1.23837


      Mulliken population analysis for root number:  4
      -----------------------------------------------


++    Molecular charges:
      ------------------

      Mulliken charges per centre and basis function type
      ---------------------------------------------------

                S1      C2      C3      C4      C5      H6      H7      H8      H9    
      1s       2.0000  2.0031  2.0033  2.0033  2.0031  1.2141  1.2208  1.2200  1.2127
      2s       2.0065  1.4797  1.4633  1.4628  1.4831  0.0000  0.0000  0.0000  0.0000
      2px      2.0003  1.1648  1.1448  1.1761  1.0344  0.0000  0.0000  0.0000  0.0000
      2pz      1.9999  1.1300  0.9650  0.9719  1.1204  0.0000  0.0000  0.0000  0.0000
      2py      2.0001  0.9584  1.1865  1.1521  1.0812  0.0000  0.0000  0.0000  0.0000
      3s       1.8796  0.0000  0.0000  0.0000  0.0000  0.0000  0.0000  0.0000  0.0000
      3px      1.3284  0.0000  0.0000  0.0000  0.0000  0.0000  0.0000  0.0000  0.0000
      3pz      1.9274  0.0000  0.0000  0.0000  0.0000  0.0000  0.0000  0.0000  0.0000
      3py      0.9254  0.0000  0.0000  0.0000  0.0000  0.0000  0.0000  0.0000  0.0000
      *s      -0.1426 -0.2654 -0.3165 -0.3159 -0.2662 -0.4051 -0.3881 -0.3878 -0.4050
      *px     -0.3072 -0.2001 -0.2213 -0.2284 -0.1832  0.0266  0.0070  0.0138  0.0226
      *pz     -0.1354 -0.0263 -0.0584 -0.0581 -0.0251  0.0065  0.0052  0.0054  0.0064
      *py     -0.1927 -0.2078 -0.2750 -0.2673 -0.2253  0.0028  0.0221  0.0152  0.0069
      *d2+     0.0218  0.0200  0.0241  0.0271  0.0138  0.0000  0.0000  0.0000  0.0000
      *d1+     0.0345  0.0086  0.0121  0.0099  0.0082  0.0000  0.0000  0.0000  0.0000
      *d0      0.0114  0.0056  0.0052  0.0051  0.0056  0.0000  0.0000  0.0000  0.0000
      *d1-     0.0204  0.0140  0.0110  0.0132  0.0140  0.0000  0.0000  0.0000  0.0000
      *d2-     0.0524  0.0228  0.0272  0.0241  0.0289  0.0000  0.0000  0.0000  0.0000
      Total   15.4303  6.1077  5.9715  5.9759  6.0927  0.8449  0.8670  0.8665  0.8436

      N-E      0.5697 -0.1077  0.0285  0.0241 -0.0927  0.1551  0.1330  0.1335  0.1564

      Total electronic charge=   43.000000

      Total            charge=    1.000000
--



      Expectation values of various properties for root number:  4
      -----------------------------------------------------------


++    Molecular properties:
      ---------------------

      Charge (e):
                      =    1.0000
      Dipole Moment (debye):
      Origin of the operator (angstrom)=    0.0000    0.0000    0.0000
                   X=  6.5991E-01               Y=  3.8250E+00               Z= -3.1418E-01           Total=  3.8942E+00
      Center of Charge (angstrom)
                     X=    0.13738874               Y=    0.79634047               Z=   -0.06541137
      Quadrupole Moment (debye*angstrom):
      Origin of the operator (angstrom)=    0.1059    0.6070   -0.0499
                  XX= -2.3269E+01              XY=  6.2014E-01              XZ= -8.5856E-01              YY= -2.0157E+01
                  YZ= -1.3272E+00              ZZ= -3.7822E+01
      In traceless form (debye*angstrom)
                  XX=  5.7203E+00              XY=  9.3020E-01              XZ= -1.2878E+00              YY=  1.0389E+01
                  YZ= -1.9908E+00              ZZ= -1.6109E+01
--


      Mulliken spin population analysis for root number:  4
      ---------------------------------------------------


++    Molecular charges:
      ------------------

      Mulliken spin population per centre and basis function type
      ---------------------------------------------------

                S1      C2      C3      C4      C5      H6      H7      H8      H9    
      1s       0.0000  0.0000  0.0000  0.0000  0.0000  0.0006  0.0061  0.0071  0.0017
      2s       0.0000  0.0083  0.0026  0.0026  0.0089  0.0000  0.0000  0.0000  0.0000
      2px      0.0000  0.0185  0.0013 -0.0007  0.0594  0.0000  0.0000  0.0000  0.0000
      2pz      0.0000  0.0107 -0.0186 -0.0168  0.0105  0.0000  0.0000  0.0000  0.0000
      2py     -0.0000  0.0634  0.0108  0.0144  0.0414  0.0000  0.0000  0.0000  0.0000
      3s       0.0608  0.0000  0.0000  0.0000  0.0000  0.0000  0.0000  0.0000  0.0000
      3px      0.0175  0.0000  0.0000  0.0000  0.0000  0.0000  0.0000  0.0000  0.0000
      3pz      0.0356  0.0000  0.0000  0.0000  0.0000  0.0000  0.0000  0.0000  0.0000
      3py      0.7420  0.0000  0.0000  0.0000  0.0000  0.0000  0.0000  0.0000  0.0000
      *s       0.0278  0.0024 -0.0003 -0.0002  0.0024 -0.0004 -0.0012 -0.0013 -0.0007
      *px     -0.0038  0.0025 -0.0007 -0.0009 -0.0019 -0.0000  0.0000  0.0000 -0.0000
      *pz     -0.0062 -0.0003 -0.0023 -0.0014  0.0012  0.0001 -0.0001 -0.0001  0.0001
      *py     -0.1114 -0.0048 -0.0002 -0.0000 -0.0024  0.0003 -0.0000 -0.0000  0.0004
      *d2+     0.0002  0.0008  0.0010  0.0003  0.0033  0.0000  0.0000  0.0000  0.0000
      *d1+     0.0012 -0.0001 -0.0002 -0.0002  0.0000  0.0000  0.0000  0.0000  0.0000
      *d0      0.0021  0.0000  0.0000  0.0000  0.0000  0.0000  0.0000  0.0000  0.0000
      *d1-     0.0008 -0.0011  0.0001  0.0001 -0.0001  0.0000  0.0000  0.0000  0.0000
      *d2-     0.0018  0.0034  0.0001  0.0010  0.0010  0.0000  0.0000  0.0000  0.0000
      Total    0.7684  0.1037 -0.0063 -0.0019  0.1236  0.0006  0.0048  0.0057  0.0015

      Total electronic spin=    1.000000
--


      Von Neumann Entropy (Root   5) =  2.11813


      Mulliken population analysis for root number:  5
      -----------------------------------------------


++    Molecular charges:
      ------------------

      Mulliken charges per centre and basis function type
      ---------------------------------------------------

                S1      C2      C3      C4      C5      H6      H7      H8      H9    
      1s       2.0000  2.0031  2.0033  2.0033  2.0031  1.2153  1.2283  1.2283  1.2149
      2s       2.0065  1.5011  1.4662  1.4655  1.5027  0.0000  0.0000  0.0000  0.0000
      2px      2.0003  1.2056  1.1460  1.1751  1.1367  0.0000  0.0000  0.0000  0.0000
      2pz      1.9999  0.9407  0.8684  0.8252  0.9741  0.0000  0.0000  0.0000  0.0000
      2py      2.0001  1.0802  1.1978  1.1665  1.1487  0.0000  0.0000  0.0000  0.0000
      3s       1.9497  0.0000  0.0000  0.0000  0.0000  0.0000  0.0000  0.0000  0.0000
      3px      1.2495  0.0000  0.0000  0.0000  0.0000  0.0000  0.0000  0.0000  0.0000
      3pz      1.4383  0.0000  0.0000  0.0000  0.0000  0.0000  0.0000  0.0000  0.0000
      3py      1.5112  0.0000  0.0000  0.0000  0.0000  0.0000  0.0000  0.0000  0.0000
      *s      -0.0961 -0.2616 -0.3168 -0.3161 -0.2628 -0.4059 -0.3895 -0.3893 -0.4061
      *px     -0.2996 -0.1991 -0.2223 -0.2296 -0.1881  0.0266  0.0070  0.0138  0.0226
      *pz     -0.0813 -0.0255 -0.0370 -0.0308 -0.0153  0.0062  0.0049  0.0047  0.0064
      *py     -0.2857 -0.2170 -0.2751 -0.2672 -0.2292  0.0035  0.0221  0.0152  0.0075
      *d2+     0.0231  0.0202  0.0258  0.0276  0.0165  0.0000  0.0000  0.0000  0.0000
      *d1+     0.0182  0.0083  0.0118  0.0104  0.0072  0.0000  0.0000  0.0000  0.0000
      *d0      0.0205  0.0055  0.0052  0.0051  0.0054  0.0000  0.0000  0.0000  0.0000
      *d1-     0.0249  0.0104  0.0097  0.0124  0.0098  0.0000  0.0000  0.0000  0.0000
      *d2-     0.0630  0.0265  0.0275  0.0258  0.0299  0.0000  0.0000  0.0000  0.0000
      Total   15.5425  6.0985  5.9106  5.8731  6.1389  0.8456  0.8728  0.8726  0.8453

      N-E      0.4575 -0.0985  0.0894  0.1269 -0.1389  0.1544  0.1272  0.1274  0.1547

      Total electronic charge=   43.000000

      Total            charge=    1.000000
--



      Expectation values of various properties for root number:  5
      -----------------------------------------------------------


++    Molecular properties:
      ---------------------

      Charge (e):
                      =    1.0000
      Dipole Moment (debye):
      Origin of the operator (angstrom)=    0.0000    0.0000    0.0000
                   X=  2.5240E-01               Y=  9.8805E-01               Z= -8.5708E-02           Total=  1.0234E+00
      Center of Charge (angstrom)
                     X=    0.05254832               Y=    0.20570559               Z=   -0.01784396
      Quadrupole Moment (debye*angstrom):
      Origin of the operator (angstrom)=    0.1059    0.6070   -0.0499
                  XX= -2.2321E+01              XY= -1.2250E-01              XZ= -7.2278E-01              YY= -2.4907E+01
                  YZ= -7.6501E-01              ZZ= -3.5442E+01
      In traceless form (debye*angstrom)
                  XX=  7.8534E+00              XY= -1.8375E-01              XZ= -1.0842E+00              YY=  3.9744E+00
                  YZ= -1.1475E+00              ZZ= -1.1828E+01
--


      Mulliken spin population analysis for root number:  5
      ---------------------------------------------------


++    Molecular charges:
      ------------------

      Mulliken spin population per centre and basis function type
      ---------------------------------------------------

                S1      C2      C3      C4      C5      H6      H7      H8      H9    
      1s       0.0000 -0.0000  0.0000  0.0000 -0.0000  0.0002  0.0002  0.0003  0.0002
      2s      -0.0000  0.0018  0.0000  0.0000  0.0020  0.0000  0.0000  0.0000  0.0000
      2px      0.0000  0.0048  0.0004  0.0002  0.0104  0.0000  0.0000  0.0000  0.0000
      2pz      0.0000  0.4109  0.1022  0.0525  0.4156  0.0000  0.0000  0.0000  0.0000
      2py      0.0000  0.0115  0.0007  0.0006  0.0080  0.0000  0.0000  0.0000  0.0000
      3s       0.0013  0.0000  0.0000  0.0000  0.0000  0.0000  0.0000  0.0000  0.0000
      3px     -0.0229  0.0000  0.0000  0.0000  0.0000  0.0000  0.0000  0.0000  0.0000
      3pz     -0.0896  0.0000  0.0000  0.0000  0.0000  0.0000  0.0000  0.0000  0.0000
      3py     -0.0169  0.0000  0.0000  0.0000  0.0000  0.0000  0.0000  0.0000  0.0000
      *s       0.0023  0.0002 -0.0000 -0.0000  0.0003 -0.0001 -0.0000 -0.0000 -0.0001
      *px      0.0022 -0.0001 -0.0001 -0.0001 -0.0005  0.0000  0.0000  0.0000  0.0000
      *pz      0.0099  0.0121  0.0051  0.0014  0.0282  0.0032  0.0008  0.0005  0.0033
      *py      0.0019 -0.0008  0.0000  0.0000 -0.0004  0.0001  0.0000  0.0000  0.0001
      *d2+     0.0003 -0.0001  0.0001  0.0001 -0.0001  0.0000  0.0000  0.0000  0.0000
      *d1+     0.0084  0.0002  0.0049  0.0027 -0.0005  0.0000  0.0000  0.0000  0.0000
      *d0      0.0010  0.0000  0.0002  0.0000 -0.0001  0.0000  0.0000  0.0000  0.0000
      *d1-     0.0089 -0.0008  0.0031  0.0062 -0.0003  0.0000  0.0000  0.0000  0.0000
      *d2-     0.0017  0.0001  0.0001  0.0002  0.0001  0.0000  0.0000  0.0000  0.0000
      Total   -0.0915  0.4398  0.1167  0.0637  0.4627  0.0033  0.0010  0.0008  0.0035

      Total electronic spin=    1.000000
--


      Von Neumann Entropy (Root   6) =  1.32652


      Mulliken population analysis for root number:  6
      -----------------------------------------------


++    Molecular charges:
      ------------------

      Mulliken charges per centre and basis function type
      ---------------------------------------------------

                S1      C2      C3      C4      C5      H6      H7      H8      H9    
      1s       2.0000  2.0031  2.0033  2.0033  2.0031  1.1965  1.2242  1.2239  1.1958
      2s       2.0065  1.4841  1.4660  1.4654  1.4897  0.0000  0.0000  0.0000  0.0000
      2px      2.0003  1.1367  1.1429  1.1748  1.0003  0.0000  0.0000  0.0000  0.0000
      2pz      1.9999  1.1662  0.9433  0.9500  1.1520  0.0000  0.0000  0.0000  0.0000
      2py      2.0001  0.9159  1.1940  1.1597  1.0705  0.0000  0.0000  0.0000  0.0000
      3s       1.9459  0.0000  0.0000  0.0000  0.0000  0.0000  0.0000  0.0000  0.0000
      3px      0.7315  0.0000  0.0000  0.0000  0.0000  0.0000  0.0000  0.0000  0.0000
      3pz      1.8709  0.0000  0.0000  0.0000  0.0000  0.0000  0.0000  0.0000  0.0000
      3py      1.4899  0.0000  0.0000  0.0000  0.0000  0.0000  0.0000  0.0000  0.0000
      *s      -0.1000 -0.2663 -0.3167 -0.3161 -0.2668 -0.4043 -0.3891 -0.3888 -0.4046
      *px     -0.1918 -0.2002 -0.2207 -0.2278 -0.1827  0.0265  0.0070  0.0138  0.0227
      *pz     -0.1286 -0.0197 -0.0598 -0.0606 -0.0211  0.0067  0.0051  0.0053  0.0067
      *py     -0.2805 -0.1890 -0.2746 -0.2676 -0.2077  0.0028  0.0221  0.0152  0.0068
      *d2+     0.0204  0.0174  0.0236  0.0274  0.0163  0.0000  0.0000  0.0000  0.0000
      *d1+     0.0341  0.0085  0.0120  0.0097  0.0081  0.0000  0.0000  0.0000  0.0000
      *d0      0.0184  0.0055  0.0052  0.0051  0.0054  0.0000  0.0000  0.0000  0.0000
      *d1-     0.0218  0.0154  0.0112  0.0135  0.0137  0.0000  0.0000  0.0000  0.0000
      *d2-     0.0425  0.0246  0.0265  0.0231  0.0254  0.0000  0.0000  0.0000  0.0000
      Total   15.4813  6.1021  5.9563  5.9598  6.1063  0.8282  0.8693  0.8693  0.8274

      N-E      0.5187 -0.1021  0.0437  0.0402 -0.1063  0.1718  0.1307  0.1307  0.1726

      Total electronic charge=   43.000000

      Total            charge=    1.000000
--



      Expectation values of various properties for root number:  6
      -----------------------------------------------------------


++    Molecular properties:
      ---------------------

      Charge (e):
                      =    1.0000
      Dipole Moment (debye):
      Origin of the operator (angstrom)=    0.0000    0.0000    0.0000
                   X=  3.4555E-01               Y=  2.3424E+00               Z= -1.8916E-01           Total=  2.3753E+00
      Center of Charge (angstrom)
                     X=    0.07194241               Y=    0.48767104               Z=   -0.03938110
      Quadrupole Moment (debye*angstrom):
      Origin of the operator (angstrom)=    0.1059    0.6070   -0.0499
                  XX= -2.1017E+01              XY= -8.2731E-01              XZ= -8.8539E-01              YY= -2.4486E+01
                  YZ= -9.4228E-01              ZZ= -3.7979E+01
      In traceless form (debye*angstrom)
                  XX=  1.0215E+01              XY= -1.2410E+00              XZ= -1.3281E+00              YY=  5.0122E+00
                  YZ= -1.4134E+00              ZZ= -1.5228E+01
--


      Mulliken spin population analysis for root number:  6
      ---------------------------------------------------


++    Molecular charges:
      ------------------

      Mulliken spin population per centre and basis function type
      ---------------------------------------------------

                S1      C2      C3      C4      C5      H6      H7      H8      H9    
      1s       0.0000  0.0000 -0.0000 -0.0000 -0.0000  0.0191  0.0040  0.0047  0.0196
      2s      -0.0000  0.0168  0.0001  0.0001  0.0156  0.0000  0.0000  0.0000  0.0000
      2px      0.0000  0.0699  0.0031  0.0005  0.1477  0.0000  0.0000  0.0000  0.0000
      2pz      0.0000  0.0210 -0.0180 -0.0175  0.0251  0.0000  0.0000  0.0000  0.0000
      2py      0.0000  0.1653  0.0039  0.0075  0.0855  0.0000  0.0000  0.0000  0.0000
      3s       0.0048  0.0000  0.0000  0.0000  0.0000  0.0000  0.0000  0.0000  0.0000
      3px      0.5254  0.0000  0.0000  0.0000  0.0000  0.0000  0.0000  0.0000  0.0000
      3pz      0.0116  0.0000  0.0000  0.0000  0.0000  0.0000  0.0000  0.0000  0.0000
      3py     -0.0079  0.0000  0.0000  0.0000  0.0000  0.0000  0.0000  0.0000  0.0000
      *s       0.0066  0.0046 -0.0001 -0.0000  0.0043 -0.0016 -0.0004 -0.0005 -0.0016
      *px     -0.1094  0.0011 -0.0016 -0.0020 -0.0062  0.0000  0.0000  0.0000 -0.0001
      *pz      0.0002  0.0046 -0.0020 -0.0019  0.0026  0.0002 -0.0001 -0.0001  0.0002
      *py     -0.0016 -0.0282 -0.0006  0.0003 -0.0221  0.0007 -0.0000 -0.0000  0.0008
      *d2+     0.0028  0.0027  0.0022  0.0002  0.0002  0.0000  0.0000  0.0000  0.0000
      *d1+     0.0024 -0.0000 -0.0002 -0.0001  0.0000  0.0000  0.0000  0.0000  0.0000
      *d0      0.0027  0.0001 -0.0000  0.0000  0.0001  0.0000  0.0000  0.0000  0.0000
      *d1-     0.0015 -0.0001  0.0002  0.0002 -0.0002  0.0000  0.0000  0.0000  0.0000
      *d2-     0.0207  0.0018  0.0010  0.0029  0.0047  0.0000  0.0000  0.0000  0.0000
      Total    0.4600  0.2596 -0.0119 -0.0097  0.2572  0.0184  0.0035  0.0040  0.0189

      Total electronic spin=    1.000000
--


      Von Neumann Entropy (Root   7) =  1.97440


      Mulliken population analysis for root number:  7
      -----------------------------------------------


++    Molecular charges:
      ------------------

      Mulliken charges per centre and basis function type
      ---------------------------------------------------

                S1      C2      C3      C4      C5      H6      H7      H8      H9    
      1s       2.0000  2.0031  2.0033  2.0033  2.0031  1.2154  1.2288  1.2293  1.2155
      2s       2.0065  1.5068  1.4662  1.4656  1.5126  0.0000  0.0000  0.0000  0.0000
      2px      2.0003  1.2154  1.1463  1.1754  1.1756  0.0000  0.0000  0.0000  0.0000
      2pz      1.9999  0.7745  0.8939  0.9466  0.7242  0.0000  0.0000  0.0000  0.0000
      2py      2.0001  1.1062  1.1982  1.1680  1.1723  0.0000  0.0000  0.0000  0.0000
      3s       1.9536  0.0000  0.0000  0.0000  0.0000  0.0000  0.0000  0.0000  0.0000
      3px      1.1577  0.0000  0.0000  0.0000  0.0000  0.0000  0.0000  0.0000  0.0000
      3pz      1.6996  0.0000  0.0000  0.0000  0.0000  0.0000  0.0000  0.0000  0.0000
      3py      1.4468  0.0000  0.0000  0.0000  0.0000  0.0000  0.0000  0.0000  0.0000
      *s      -0.0881 -0.2609 -0.3168 -0.3162 -0.2617 -0.4061 -0.3895 -0.3894 -0.4064
      *px     -0.2892 -0.1996 -0.2224 -0.2299 -0.1905  0.0265  0.0070  0.0138  0.0226
      *pz     -0.1108 -0.0086 -0.0214 -0.0283 -0.0153  0.0050  0.0052  0.0056  0.0046
      *py     -0.2778 -0.2189 -0.2750 -0.2672 -0.2310  0.0036  0.0221  0.0152  0.0078
      *d2+     0.0241  0.0197  0.0262  0.0277  0.0163  0.0000  0.0000  0.0000  0.0000
      *d1+     0.0124  0.0075  0.0124  0.0097  0.0066  0.0000  0.0000  0.0000  0.0000
      *d0      0.0248  0.0055  0.0051  0.0051  0.0054  0.0000  0.0000  0.0000  0.0000
      *d1-     0.0305  0.0163  0.0081  0.0093  0.0151  0.0000  0.0000  0.0000  0.0000
      *d2-     0.0700  0.0266  0.0276  0.0265  0.0301  0.0000  0.0000  0.0000  0.0000
      Total   15.6603  5.9935  5.9517  5.9955  5.9625  0.8444  0.8735  0.8744  0.8440

      N-E      0.3397  0.0065  0.0483  0.0045  0.0375  0.1556  0.1265  0.1256  0.1560

      Total electronic charge=   43.000000

      Total            charge=    1.000000
--



      Expectation values of various properties for root number:  7
      -----------------------------------------------------------


++    Molecular properties:
      ---------------------

      Charge (e):
                      =    1.0000
      Dipole Moment (debye):
      Origin of the operator (angstrom)=    0.0000    0.0000    0.0000
                   X=  1.4270E-01               Y=  1.3215E+00               Z= -1.0386E-01           Total=  1.3333E+00
      Center of Charge (angstrom)
                     X=    0.02970999               Y=    0.27513379               Z=   -0.02162311
      Quadrupole Moment (debye*angstrom):
      Origin of the operator (angstrom)=    0.1059    0.6070   -0.0499
                  XX= -2.0252E+01              XY= -1.7548E+00              XZ= -7.3224E-01              YY= -2.6892E+01
                  YZ= -5.4820E-01              ZZ= -3.5701E+01
      In traceless form (debye*angstrom)
                  XX=  1.1044E+01              XY= -2.6322E+00              XZ= -1.0984E+00              YY=  1.0845E+00
                  YZ= -8.2230E-01              ZZ= -1.2129E+01
--


      Mulliken spin population analysis for root number:  7
      ---------------------------------------------------


++    Molecular charges:
      ------------------

      Mulliken spin population per centre and basis function type
      ---------------------------------------------------

                S1      C2      C3      C4      C5      H6      H7      H8      H9    
      1s       0.0000 -0.0000  0.0000  0.0000 -0.0000  0.0001  0.0002  0.0002  0.0002
      2s      -0.0000  0.0014  0.0000  0.0000  0.0014  0.0000  0.0000  0.0000  0.0000
      2px      0.0000  0.0037  0.0001  0.0001  0.0072  0.0000  0.0000  0.0000  0.0000
      2pz      0.0000  0.3497  0.0193  0.0415  0.3250  0.0000  0.0000  0.0000  0.0000
      2py      0.0000  0.0087  0.0002  0.0004  0.0055  0.0000  0.0000  0.0000  0.0000
      3s       0.0014  0.0000  0.0000  0.0000  0.0000  0.0000  0.0000  0.0000  0.0000
      3px     -0.0101  0.0000  0.0000  0.0000  0.0000  0.0000  0.0000  0.0000  0.0000
      3pz      0.1704  0.0000  0.0000  0.0000  0.0000  0.0000  0.0000  0.0000  0.0000
      3py     -0.0158  0.0000  0.0000  0.0000  0.0000  0.0000  0.0000  0.0000  0.0000
      *s       0.0024  0.0002  0.0000 -0.0000  0.0002 -0.0000 -0.0000 -0.0000 -0.0001
      *px      0.0009 -0.0001 -0.0000 -0.0001 -0.0003  0.0000 -0.0000  0.0000  0.0000
      *pz     -0.0041  0.0216  0.0001 -0.0002  0.0274  0.0029  0.0003  0.0004  0.0027
      *py      0.0019 -0.0005 -0.0000 -0.0000 -0.0002  0.0001  0.0000  0.0000  0.0001
      *d2+     0.0002 -0.0001  0.0001  0.0001 -0.0000  0.0000  0.0000  0.0000  0.0000
      *d1+     0.0046 -0.0001  0.0039  0.0015  0.0000  0.0000  0.0000  0.0000  0.0000
      *d0      0.0010 -0.0000  0.0002  0.0000 -0.0000  0.0000  0.0000  0.0000  0.0000
      *d1-     0.0127 -0.0000  0.0029  0.0048  0.0007  0.0000  0.0000  0.0000  0.0000
      *d2-     0.0009  0.0000  0.0001  0.0001  0.0001  0.0000  0.0000  0.0000  0.0000
      Total    0.1664  0.3845  0.0268  0.0484  0.3669  0.0031  0.0005  0.0006  0.0029

      Total electronic spin=    1.000000
--


      Von Neumann Entropy (Root   8) =  2.35686


      Mulliken population analysis for root number:  8
      -----------------------------------------------


++    Molecular charges:
      ------------------

      Mulliken charges per centre and basis function type
      ---------------------------------------------------

                S1      C2      C3      C4      C5      H6      H7      H8      H9    
      1s       2.0000  2.0031  2.0033  2.0033  2.0031  1.2154  1.2285  1.2287  1.2151
      2s       2.0065  1.5035  1.4662  1.4655  1.5065  0.0000  0.0000  0.0000  0.0000
      2px      2.0003  1.2097  1.1461  1.1752  1.1513  0.0000  0.0000  0.0000  0.0000
      2pz      1.9999  0.8427  0.8881  0.8813  0.8504  0.0000  0.0000  0.0000  0.0000
      2py      2.0001  1.0910  1.1980  1.1671  1.1575  0.0000  0.0000  0.0000  0.0000
      3s       1.9509  0.0000  0.0000  0.0000  0.0000  0.0000  0.0000  0.0000  0.0000
      3px      1.2144  0.0000  0.0000  0.0000  0.0000  0.0000  0.0000  0.0000  0.0000
      3pz      1.5448  0.0000  0.0000  0.0000  0.0000  0.0000  0.0000  0.0000  0.0000
      3py      1.4848  0.0000  0.0000  0.0000  0.0000  0.0000  0.0000  0.0000  0.0000
      *s      -0.0933 -0.2613 -0.3168 -0.3161 -0.2624 -0.4060 -0.3895 -0.3893 -0.4062
      *px     -0.2958 -0.1992 -0.2223 -0.2297 -0.1890  0.0265  0.0070  0.0138  0.0226
      *pz     -0.1253 -0.0028 -0.0147 -0.0140 -0.0099  0.0052  0.0054  0.0055  0.0054
      *py     -0.2824 -0.2177 -0.2750 -0.2671 -0.2299  0.0035  0.0221  0.0152  0.0076
      *d2+     0.0236  0.0200  0.0260  0.0276  0.0164  0.0000  0.0000  0.0000  0.0000
      *d1+     0.0181  0.0073  0.0116  0.0096  0.0070  0.0000  0.0000  0.0000  0.0000
      *d0      0.0225  0.0056  0.0052  0.0051  0.0055  0.0000  0.0000  0.0000  0.0000
      *d1-     0.0353  0.0171  0.0083  0.0107  0.0152  0.0000  0.0000  0.0000  0.0000
      *d2-     0.0658  0.0265  0.0275  0.0261  0.0300  0.0000  0.0000  0.0000  0.0000
      Total   15.5703  6.0454  5.9515  5.9446  6.0518  0.8447  0.8735  0.8738  0.8445

      N-E      0.4297 -0.0454  0.0485  0.0554 -0.0518  0.1553  0.1265  0.1262  0.1555

      Total electronic charge=   43.000000

      Total            charge=    1.000000
--



      Expectation values of various properties for root number:  8
      -----------------------------------------------------------


++    Molecular properties:
      ---------------------

      Charge (e):
                      =    1.0000
      Dipole Moment (debye):
      Origin of the operator (angstrom)=    0.0000    0.0000    0.0000
                   X=  2.8419E-01               Y=  1.5547E+00               Z= -1.2860E-01           Total=  1.5857E+00
      Center of Charge (angstrom)
                     X=    0.05916759               Y=    0.32368841               Z=   -0.02677472
      Quadrupole Moment (debye*angstrom):
      Origin of the operator (angstrom)=    0.1059    0.6070   -0.0499
                  XX= -2.1534E+01              XY= -8.0412E-01              XZ= -7.1688E-01              YY= -2.5871E+01
                  YZ= -6.5737E-01              ZZ= -3.5452E+01
      In traceless form (debye*angstrom)
                  XX=  9.1271E+00              XY= -1.2062E+00              XZ= -1.0753E+00              YY=  2.6220E+00
                  YZ= -9.8606E-01              ZZ= -1.1749E+01
--


      Mulliken spin population analysis for root number:  8
      ---------------------------------------------------


++    Molecular charges:
      ------------------

      Mulliken spin population per centre and basis function type
      ---------------------------------------------------

                S1      C2      C3      C4      C5      H6      H7      H8      H9    
      1s       0.0000 -0.0000 -0.0000  0.0000 -0.0000  0.0000  0.0000  0.0000  0.0000
      2s      -0.0000  0.0001  0.0000  0.0000  0.0002  0.0000  0.0000  0.0000  0.0000
      2px      0.0000  0.0002  0.0013  0.0013  0.0010  0.0000  0.0000  0.0000  0.0000
      2pz      0.0000 -0.0033  0.4260  0.4381  0.0252  0.0000  0.0000  0.0000  0.0000
      2py      0.0000  0.0005  0.0022  0.0023  0.0007  0.0000  0.0000  0.0000  0.0000
      3s       0.0002  0.0000  0.0000  0.0000  0.0000  0.0000  0.0000  0.0000  0.0000
      3px     -0.0009  0.0000  0.0000  0.0000  0.0000  0.0000  0.0000  0.0000  0.0000
      3pz      0.0425  0.0000  0.0000  0.0000  0.0000  0.0000  0.0000  0.0000  0.0000
      3py     -0.0023  0.0000  0.0000  0.0000  0.0000  0.0000  0.0000  0.0000  0.0000
      *s       0.0003  0.0000  0.0000 -0.0000  0.0000 -0.0000 -0.0000 -0.0000 -0.0000
      *px      0.0001 -0.0000  0.0001  0.0001 -0.0001 -0.0000  0.0000  0.0000  0.0000
      *pz     -0.0043 -0.0057  0.0190  0.0206 -0.0047 -0.0000  0.0028  0.0029  0.0002
      *py      0.0003 -0.0001  0.0001  0.0001 -0.0001  0.0000  0.0000  0.0000  0.0000
      *d2+     0.0001  0.0000  0.0000  0.0000  0.0000  0.0000  0.0000  0.0000  0.0000
      *d1+     0.0065  0.0007  0.0041  0.0042 -0.0001  0.0000  0.0000  0.0000  0.0000
      *d0      0.0001  0.0002  0.0000  0.0000  0.0001  0.0000  0.0000  0.0000  0.0000
      *d1-     0.0003  0.0077 -0.0002 -0.0003  0.0089  0.0000  0.0000  0.0000  0.0000
      *d2-     0.0001  0.0000  0.0000  0.0000  0.0000  0.0000  0.0000  0.0000  0.0000
      Total    0.0431  0.0003  0.4526  0.4665  0.0315  0.0000  0.0028  0.0029  0.0002

      Total electronic spin=    1.000000
--


      Von Neumann Entropy (Root   9) =  2.30949


      Mulliken population analysis for root number:  9
      -----------------------------------------------


++    Molecular charges:
      ------------------

      Mulliken charges per centre and basis function type
      ---------------------------------------------------

                S1      C2      C3      C4      C5      H6      H7      H8      H9    
      1s       2.0000  2.0031  2.0033  2.0033  2.0031  1.2149  1.2276  1.2278  1.2146
      2s       2.0065  1.4956  1.4661  1.4654  1.4997  0.0000  0.0000  0.0000  0.0000
      2px      2.0003  1.1950  1.1457  1.1751  1.1214  0.0000  0.0000  0.0000  0.0000
      2pz      1.9999  1.0310  0.8472  0.8447  1.0185  0.0000  0.0000  0.0000  0.0000
      2py      2.0001  1.0517  1.1970  1.1659  1.1390  0.0000  0.0000  0.0000  0.0000
      3s       1.9461  0.0000  0.0000  0.0000  0.0000  0.0000  0.0000  0.0000  0.0000
      3px      1.3111  0.0000  0.0000  0.0000  0.0000  0.0000  0.0000  0.0000  0.0000
      3pz      1.2363  0.0000  0.0000  0.0000  0.0000  0.0000  0.0000  0.0000  0.0000
      3py      1.5438  0.0000  0.0000  0.0000  0.0000  0.0000  0.0000  0.0000  0.0000
      *s      -0.1019 -0.2624 -0.3168 -0.3161 -0.2633 -0.4057 -0.3894 -0.3892 -0.4059
      *px     -0.3056 -0.1985 -0.2220 -0.2294 -0.1871  0.0266  0.0070  0.0138  0.0226
      *pz     -0.0769 -0.0044 -0.0218 -0.0224 -0.0162  0.0065  0.0050  0.0051  0.0065
      *py     -0.2892 -0.2142 -0.2750 -0.2671 -0.2282  0.0033  0.0221  0.0152  0.0074
      *d2+     0.0228  0.0204  0.0255  0.0276  0.0167  0.0000  0.0000  0.0000  0.0000
      *d1+     0.0351  0.0084  0.0136  0.0103  0.0066  0.0000  0.0000  0.0000  0.0000
      *d0      0.0191  0.0056  0.0052  0.0051  0.0054  0.0000  0.0000  0.0000  0.0000
      *d1-     0.0281  0.0105  0.0093  0.0129  0.0101  0.0000  0.0000  0.0000  0.0000
      *d2-     0.0599  0.0262  0.0274  0.0255  0.0297  0.0000  0.0000  0.0000  0.0000
      Total   15.4355  6.1679  5.9047  5.9007  6.1556  0.8456  0.8723  0.8726  0.8452

      N-E      0.5645 -0.1679  0.0953  0.0993 -0.1556  0.1544  0.1277  0.1274  0.1548

      Total electronic charge=   43.000000

      Total            charge=    1.000000
--



      Expectation values of various properties for root number:  9
      -----------------------------------------------------------


++    Molecular properties:
      ---------------------

      Charge (e):
                      =    1.0000
      Dipole Moment (debye):
      Origin of the operator (angstrom)=    0.0000    0.0000    0.0000
                   X=  2.0240E-01               Y=  1.7775E+00               Z= -1.4024E-01           Total=  1.7944E+00
      Center of Charge (angstrom)
                     X=    0.04213901               Y=    0.37005599               Z=   -0.02919618
      Quadrupole Moment (debye*angstrom):
      Origin of the operator (angstrom)=    0.1059    0.6070   -0.0499
                  XX= -2.3921E+01              XY= -5.2037E-02              XZ= -6.3012E-01              YY= -2.3861E+01
                  YZ= -8.3275E-01              ZZ= -3.5276E+01
      In traceless form (debye*angstrom)
                  XX=  5.6477E+00              XY= -7.8056E-02              XZ= -9.4517E-01              YY=  5.7371E+00
                  YZ= -1.2491E+00              ZZ= -1.1385E+01
--


      Mulliken spin population analysis for root number:  9
      ---------------------------------------------------


++    Molecular charges:
      ------------------

      Mulliken spin population per centre and basis function type
      ---------------------------------------------------

                S1      C2      C3      C4      C5      H6      H7      H8      H9    
      1s       0.0000 -0.0000  0.0000  0.0000 -0.0000  0.0001  0.0001  0.0001  0.0001
      2s      -0.0000  0.0013  0.0000  0.0000  0.0011  0.0000  0.0000  0.0000  0.0000
      2px      0.0000  0.0032  0.0002  0.0001  0.0053  0.0000  0.0000  0.0000  0.0000
      2pz      0.0000  0.3088  0.0620  0.0336  0.2754  0.0000  0.0000  0.0000  0.0000
      2py      0.0000  0.0074  0.0004  0.0002  0.0042  0.0000  0.0000  0.0000  0.0000
      3s       0.0009  0.0000  0.0000  0.0000  0.0000  0.0000  0.0000  0.0000  0.0000
      3px     -0.0026  0.0000  0.0000  0.0000  0.0000  0.0000  0.0000  0.0000  0.0000
      3pz      0.2683  0.0000  0.0000  0.0000  0.0000  0.0000  0.0000  0.0000  0.0000
      3py     -0.0157  0.0000  0.0000  0.0000  0.0000  0.0000  0.0000  0.0000  0.0000
      *s       0.0020  0.0001  0.0000 -0.0000  0.0001 -0.0000 -0.0000 -0.0000 -0.0000
      *px      0.0003 -0.0001 -0.0000 -0.0001 -0.0002  0.0000 -0.0000 -0.0000  0.0000
      *pz     -0.0112  0.0120 -0.0029 -0.0081  0.0176  0.0024  0.0004  0.0002  0.0022
      *py      0.0020 -0.0004 -0.0000 -0.0000 -0.0001  0.0000  0.0000 -0.0000  0.0000
      *d2+     0.0002 -0.0000  0.0001  0.0001 -0.0000  0.0000  0.0000  0.0000  0.0000
      *d1+     0.0036  0.0002  0.0031  0.0017  0.0005  0.0000  0.0000  0.0000  0.0000
      *d0      0.0010  0.0000  0.0001  0.0000  0.0000  0.0000  0.0000  0.0000  0.0000
      *d1-     0.0105  0.0008  0.0025  0.0040  0.0000  0.0000  0.0000  0.0000  0.0000
      *d2-     0.0009  0.0000  0.0001  0.0001  0.0000  0.0000  0.0000  0.0000  0.0000
      Total    0.2601  0.3331  0.0655  0.0317  0.3039  0.0025  0.0005  0.0003  0.0023

      Total electronic spin=    1.000000
--


      Von Neumann Entropy (Root  10) =  2.07136


      Mulliken population analysis for root number: 10
      -----------------------------------------------


++    Molecular charges:
      ------------------

      Mulliken charges per centre and basis function type
      ---------------------------------------------------

                S1      C2      C3      C4      C5      H6      H7      H8      H9    
      1s       2.0000  2.0031  2.0033  2.0033  2.0031  1.2138  1.2210  1.2203  1.2125
      2s       2.0065  1.4811  1.4634  1.4629  1.4848  0.0000  0.0000  0.0000  0.0000
      2px      2.0003  1.1669  1.1450  1.1761  1.0420  0.0000  0.0000  0.0000  0.0000
      2pz      1.9999  1.0556  0.9616  0.9673  1.0388  0.0000  0.0000  0.0000  0.0000
      2py      2.0001  0.9652  1.1869  1.1528  1.0865  0.0000  0.0000  0.0000  0.0000
      3s       1.8804  0.0000  0.0000  0.0000  0.0000  0.0000  0.0000  0.0000  0.0000
      3px      1.2743  0.0000  0.0000  0.0000  0.0000  0.0000  0.0000  0.0000  0.0000
      3pz      2.0089  0.0000  0.0000  0.0000  0.0000  0.0000  0.0000  0.0000  0.0000
      3py      0.9515  0.0000  0.0000  0.0000  0.0000  0.0000  0.0000  0.0000  0.0000
      *s      -0.1431 -0.2651 -0.3165 -0.3159 -0.2660 -0.4052 -0.3882 -0.3879 -0.4051
      *px     -0.3005 -0.2000 -0.2213 -0.2285 -0.1835  0.0266  0.0070  0.0138  0.0226
      *pz     -0.1214 -0.0203 -0.0364 -0.0362 -0.0090  0.0069  0.0055  0.0056  0.0068
      *py     -0.1961 -0.2082 -0.2749 -0.2672 -0.2256  0.0028  0.0221  0.0152  0.0069
      *d2+     0.0221  0.0199  0.0241  0.0271  0.0138  0.0000  0.0000  0.0000  0.0000
      *d1+     0.0212  0.0081  0.0142  0.0113  0.0078  0.0000  0.0000  0.0000  0.0000
      *d0      0.0116  0.0056  0.0052  0.0051  0.0056  0.0000  0.0000  0.0000  0.0000
      *d1-     0.0268  0.0151  0.0103  0.0130  0.0148  0.0000  0.0000  0.0000  0.0000
      *d2-     0.0549  0.0229  0.0273  0.0242  0.0289  0.0000  0.0000  0.0000  0.0000
      Total   15.4975  6.0500  5.9923  5.9953  6.0419  0.8449  0.8674  0.8670  0.8437

      N-E      0.5025 -0.0500  0.0077  0.0047 -0.0419  0.1551  0.1326  0.1330  0.1563

      Total electronic charge=   43.000000

      Total            charge=    1.000000
--



      Expectation values of various properties for root number: 10
      -----------------------------------------------------------


++    Molecular properties:
      ---------------------

      Charge (e):
                      =    1.0000
      Dipole Moment (debye):
      Origin of the operator (angstrom)=    0.0000    0.0000    0.0000
                   X=  6.1735E-01               Y=  3.6195E+00               Z= -2.9693E-01           Total=  3.6838E+00
      Center of Charge (angstrom)
                     X=    0.12852910               Y=    0.75355914               Z=   -0.06181942
      Quadrupole Moment (debye*angstrom):
      Origin of the operator (angstrom)=    0.1059    0.6070   -0.0499
                  XX= -2.2375E+01              XY=  2.7457E-02              XZ= -8.5436E-01              YY= -2.2523E+01
                  YZ= -1.1085E+00              ZZ= -3.7644E+01
      In traceless form (debye*angstrom)
                  XX=  7.7092E+00              XY=  4.1186E-02              XZ= -1.2815E+00              YY=  7.4862E+00
                  YZ= -1.6628E+00              ZZ= -1.5195E+01
--


      Mulliken spin population analysis for root number: 10
      ---------------------------------------------------


++    Molecular charges:
      ------------------

      Mulliken spin population per centre and basis function type
      ---------------------------------------------------

                S1      C2      C3      C4      C5      H6      H7      H8      H9    
      1s      -0.0000 -0.0000 -0.0000 -0.0000 -0.0000  0.0002 -0.0018 -0.0021 -0.0001
      2s      -0.0000 -0.0010 -0.0008 -0.0008 -0.0014  0.0000  0.0000  0.0000  0.0000
      2px      0.0000 -0.0007  0.0001  0.0006 -0.0097  0.0000  0.0000  0.0000  0.0000
      2pz      0.0000  0.4578  0.1246  0.1147  0.4490  0.0000  0.0000  0.0000  0.0000
      2py      0.0000 -0.0082 -0.0027 -0.0037 -0.0059  0.0000  0.0000  0.0000  0.0000
      3s      -0.0193  0.0000  0.0000  0.0000  0.0000  0.0000  0.0000  0.0000  0.0000
      3px     -0.0158  0.0000  0.0000  0.0000  0.0000  0.0000  0.0000  0.0000  0.0000
      3pz      0.0446  0.0000  0.0000  0.0000  0.0000  0.0000  0.0000  0.0000  0.0000
      3py     -0.2443  0.0000  0.0000  0.0000  0.0000  0.0000  0.0000  0.0000  0.0000
      *s      -0.0083 -0.0005  0.0001  0.0001 -0.0005  0.0000  0.0004  0.0004  0.0001
      *px      0.0013 -0.0008  0.0001  0.0002  0.0003  0.0000 -0.0000 -0.0000  0.0000
      *pz     -0.0007  0.0178  0.0025  0.0002  0.0291  0.0035  0.0010  0.0009  0.0035
      *py      0.0366  0.0005  0.0001  0.0000  0.0002 -0.0000  0.0000  0.0000 -0.0001
      *d2+     0.0003 -0.0003 -0.0002 -0.0000 -0.0011  0.0000  0.0000  0.0000  0.0000
      *d1+     0.0102  0.0001  0.0058  0.0030 -0.0002  0.0000  0.0000  0.0000  0.0000
      *d0     -0.0001  0.0000  0.0002  0.0000 -0.0000  0.0000  0.0000  0.0000  0.0000
      *d1-     0.0092  0.0008  0.0033  0.0063  0.0012  0.0000  0.0000  0.0000  0.0000
      *d2-     0.0016 -0.0010  0.0001 -0.0002 -0.0002  0.0000  0.0000  0.0000  0.0000
      Total   -0.1848  0.4644  0.1332  0.1204  0.4609  0.0037 -0.0004 -0.0008  0.0034

      Total electronic spin=    1.000000
--



      Input file to MOLDEN was generated!


      Input file to MOLDEN was generated!


      Input file to MOLDEN was generated!


      Input file to MOLDEN was generated!


      Input file to MOLDEN was generated!


      Input file to MOLDEN was generated!


      Input file to MOLDEN was generated!


      Input file to MOLDEN was generated!


      Input file to MOLDEN was generated!


      Input file to MOLDEN was generated!


      Input file to MOLDEN was generated!

      Average orbitals are written to the RASORB file
      Natural orbitals for root   1 are written to the RASORB.1 file
      Natural orbitals for root   2 are written to the RASORB.2 file
      Natural orbitals for root   3 are written to the RASORB.3 file
      Natural orbitals for root   4 are written to the RASORB.4 file
      Natural orbitals for root   5 are written to the RASORB.5 file
      Natural orbitals for root   6 are written to the RASORB.6 file
      Natural orbitals for root   7 are written to the RASORB.7 file
      Natural orbitals for root   8 are written to the RASORB.8 file
      Natural orbitals for root   9 are written to the RASORB.9 file
      Natural orbitals for root  10 are written to the RASORB.10 file
      Spin density orbitals for root   1 are written to the SPDORB.1 file
      Spin density orbitals for root   2 are written to the SPDORB.2 file
      Spin density orbitals for root   3 are written to the SPDORB.3 file
      Spin density orbitals for root   4 are written to the SPDORB.4 file
      Spin density orbitals for root   5 are written to the SPDORB.5 file
      Spin density orbitals for root   6 are written to the SPDORB.6 file
      Spin density orbitals for root   7 are written to the SPDORB.7 file
      Spin density orbitals for root   8 are written to the SPDORB.8 file
      Spin density orbitals for root   9 are written to the SPDORB.9 file
      Spin density orbitals for root  10 are written to the SPDORB.10 file

 ###############################################################################
 ###############################################################################
 ###                                                                         ###
 ###                                                                         ###
 ###    WARNING: RunFile label BirthCertificate                              ###
 ###    was used       71 times                                              ###
 ###                                                                         ###
 ###                                                                         ###
 ###############################################################################
 ###############################################################################
 ###############################################################################
 ###############################################################################
 ###                                                                         ###
 ###                                                                         ###
 ###    WARNING: RunFile label nBas                                          ###
 ###    was used       57 times                                              ###
 ###                                                                         ###
 ###                                                                         ###
 ###############################################################################
 ###############################################################################
--- Stop Module: rasscf at Wed Sep 23 20:46:37 2026 /rc=_RC_ALL_IS_WELL_ ---
*** files: thiophene_dyson.rasscf.molden.1 thiophene_dyson.rasscf.molden.8 thiophene_dyson.rasscf.molden.3 thiophene_dyson.rasscf.molden.5 thiophene_dyson.rasscf.molden.4
           thiophene_dyson.rasscf.molden thiophene_dyson.rasscf.molden.9 thiophene_dyson.rasscf.molden.7 thiophene_dyson.rasscf.molden.2 thiophene_dyson.rasscf.molden.6
           thiophene_dyson.rasscf.molden.10 thiophene_dyson.RasOrb.10 thiophene_dyson.RasOrb.9 thiophene_dyson.RasOrb.4 thiophene_dyson.RasOrb thiophene_dyson.RasOrb.6
           thiophene_dyson.RasOrb.1 thiophene_dyson.RasOrb.8 thiophene_dyson.RasOrb.2 thiophene_dyson.RasOrb.7 thiophene_dyson.RasOrb.3 thiophene_dyson.RasOrb.5
           thiophene_dyson.rasscf.h5 thiophene_dyson.SpdOrb.3 thiophene_dyson.SpdOrb.4 thiophene_dyson.SpdOrb.8 thiophene_dyson.SpdOrb.7 thiophene_dyson.SpdOrb.10
           thiophene_dyson.SpdOrb.9 thiophene_dyson.SpdOrb.5 thiophene_dyson.SpdOrb.2 thiophene_dyson.SpdOrb.1 thiophene_dyson.SpdOrb.6 xmldump
    saved to directory /home/adrian/projects/Kallen/runs/thiophene
--- Module rasscf spent 3 minutes 9 seconds ---

>>> COPY thiophene_dyson.JobIph JOB002

*** symbolic link created: INPORB -> thiophene_dyson.RasOrb
--- Start Module: caspt2 at Wed Sep 23 20:46:37 2026 ---

()()()()()()()()()()()()()()()()()()()()()()()()()()()()()()()()()()()()()()()()()()()()()()()()()()

                                              &CASPT2

                                   only a single process is used
                       available to each process: 2.0 GB of memory, 1 thread?
                                            pid: 2764666
()()()()()()()()()()()()()()()()()()()()()()()()()()()()()()()()()()()()()()()()()()()()()()()()()()


++    Wave function specifications:
      -----------------------------

      Number of closed shell electrons          16
      Number of electrons in active shells       9
      Max number of holes in RAS1 space          0
      Max number of electrons in RAS3 space      0
      Number of inactive orbitals                8
      Number of active orbitals                 10
      Number of secondary orbitals              67
      Spin quantum number                      0.5
      State symmetry                             1
      Number of CSFs                         27720
      Number of CASSCF root(s) available        10
      CASPT2 state passed to geometry opt.      10
      A file JOBMIX will be created
      This is a MULTI-STATE CASSCF reference
      Number of CI roots used                   10
      These are:                                 1   2   3   4   5   6   7   8   9  10
      Off-diagonal elements of Heff are computed
--

++    Orbital specifications:
      -----------------------

      Symmetry species                           1
                                                 a
      Frozen orbitals                            9
      Inactive orbitals                          8
      Active orbitals                           10
      Secondary orbitals                        67
      Deleted orbitals                           0
      Number of basis functions                 94
--

++    CASPT2 specifications:
      ----------------------

      Type of calculation                        XMS-CASPT2
      Fock operator                              state-average
      IPEA shift                                 0.25
      Real shift                                 0.00
      Imaginary shift                            0.10
      The input orbitals will be transformed to quasi-canonical
      The input states will be rotated to diagonalize the Fock operator
--

--------------------------------------------------------------------------------
 Estimated memory requirements:
  POLY3 :                  4965600
  RHS:                      898950
  SIGMA :                   978960
  PRPCTL:                        0
 Available workspace:    255912207

++ CASPT2 computation for group   1

********************************************************************************
 Multi-State initialization phase begins for group   1
--------------------------------------------------------------------------------

  H0 in the original model space basis:
                1               2               3               4               5
   1      -22.23220772      0.00555594      0.00176286     -0.00000025     -0.09099726
   2        0.00555594    -22.17461772      0.00615779      0.00000046      0.00349291
   3        0.00176286      0.00615779    -21.95664141      0.00000250     -0.00162375
   4       -0.00000025      0.00000046      0.00000250    -22.01881185      0.00000005
   5       -0.09099726      0.00349291     -0.00162375      0.00000005    -21.86142729
   6        0.00000723     -0.00000175      0.00000054     -0.00185419     -0.00000489
   7        0.00412024     -0.03231912      0.00414995     -0.00000022     -0.00206136
   8        0.00075055      0.00482425     -0.00646687     -0.00000046      0.02425330
   9       -0.00028459      0.00865027     -0.04809728     -0.00000111     -0.00814034
  10       -0.00000092      0.00000004      0.00000231     -0.00044890     -0.00000277

                6               7               8               9              10
   1        0.00000723      0.00412024      0.00075055     -0.00028459     -0.00000092
   2       -0.00000175     -0.03231912      0.00482425      0.00865027      0.00000004
   3        0.00000054      0.00414995     -0.00646687     -0.04809728      0.00000231
   4       -0.00185419     -0.00000022     -0.00000046     -0.00000111     -0.00044890
   5       -0.00000489     -0.00206136      0.02425330     -0.00814034     -0.00000277
   6      -21.92919237      0.00000190     -0.00000240     -0.00000184     -0.02888628
   7        0.00000190    -21.87297761     -0.00350692     -0.05301901      0.00000320
   8       -0.00000240     -0.00350692    -21.77331723     -0.00416004      0.00000091
   9       -0.00000184     -0.05301901     -0.00416004    -21.77097845      0.00000239
  10       -0.02888628      0.00000320      0.00000091      0.00000239    -21.71384905

  H0 eigenvectors:
                1               2               3               4               5
   1        0.97020610      0.08375147     -0.00083884     -0.00000048     -0.21951602
   2       -0.08385382      0.99042667      0.02328414      0.00000054      0.01149365
   3       -0.00220525     -0.03290618      0.95690266     -0.00004327     -0.00554938
   4        0.00000100     -0.00000215      0.00004238      0.99975578      0.00000221
   5        0.22637629      0.01432324      0.02696245     -0.00000065      0.92150212
   6       -0.00001844      0.00000389     -0.00000713      0.02181450     -0.00007087
   7       -0.01593687      0.10229562      0.11291592      0.00000124     -0.09899831
   8       -0.01220822     -0.01258346      0.03523225      0.00000094     -0.30435170
   9        0.00381439     -0.01140167      0.26282342     -0.00000354      0.00728241
  10        0.00000194     -0.00000005     -0.00001308      0.00353740      0.00000666

                6               7               8               9              10
   1        0.00000095     -0.01720927     -0.05585415      0.00905463     -0.00000115
   2       -0.00000128     -0.09650444      0.01936229      0.04075897      0.00000094
   3        0.00001034     -0.20065670     -0.05095217     -0.20089695      0.00000142
   4       -0.02208969     -0.00000901     -0.00000206     -0.00000481     -0.00065664
   5        0.00007307      0.09509406      0.29090449     -0.07062000     -0.00001354
   6        0.99118534      0.00002434     -0.00002486     -0.00000504     -0.13067417
   7       -0.00003240      0.90966387     -0.07557243     -0.36541948      0.00000524
   8        0.00000288      0.01251513      0.94872782     -0.07470096      0.00001118
   9        0.00000545      0.33680818      0.05906094      0.90210771      0.00003828
  10        0.13062794     -0.00001309     -0.00001189     -0.00003343      0.99142515

********************************************************************************
 Compute H0 matrices for state    1
--------------------------------------------------------------------------------
--------------------------------------------------------------------------------
 H0 matrices have been computed.

********************************************************************************
  CASPT2 EQUATION SOLUTION
--------------------------------------------------------------------------------

  Total nr of CASPT2 parameters:
   Before reduction:      956141
   After  reduction:      956141

 Variance of |WF0>:       1.6539527617

 The contributions to the second order correlation energy in atomic units.
-----------------------------------------------------------------------------------------------------------------------------
  IT.      VJTU        VJTI        ATVX        AIVX        VJAI        BVAT        BJAT        BJAI        TOTAL       RNORM  
-----------------------------------------------------------------------------------------------------------------------------
   1    -0.010312   -0.007154   -0.042844   -0.106198   -0.026790   -0.048456   -0.109875   -0.188077   -0.539706    0.007376
   2    -0.010494   -0.007227   -0.043120   -0.106642   -0.026917   -0.048540   -0.109997   -0.188250   -0.541186    0.000898
   3    -0.010497   -0.007229   -0.043131   -0.106666   -0.026918   -0.048545   -0.110006   -0.188246   -0.541239    0.000127
   4    -0.010498   -0.007229   -0.043128   -0.106659   -0.026916   -0.048544   -0.110004   -0.188243   -0.541221    0.000016
   5    -0.010498   -0.007229   -0.043127   -0.106659   -0.026916   -0.048544   -0.110004   -0.188243   -0.541220    0.000002
-----------------------------------------------------------------------------------------------------------------------------

  FINAL CASPT2 RESULT:

      Reference energy:        -551.1280185460
      E2 (Non-variational):      -0.5412199098
      Shift correction:          -0.0008611121
      E2 (Variational):          -0.5420810219
      Total energy:            -551.6700995679
      Residual norm:              0.0000002834
      Reference weight:           0.83187

      Contributions to the CASPT2 correlation energy
      Active & Virtual Only:         -0.0916711689
      One Inactive Excited:          -0.2271609511
      Two Inactive Excited:          -0.2223877898


++ Denominators, etc.
--------------------------------------------------------------------------------------------------------------
 Report on small energy denominators, large coefficients, and large energy contributions.
CASE  SYMM ACTIVE-MIX  NON-ACTIVE INDICES          DENOMINATOR     RHS VALUE       COEFFICIENT     CONTRIBUTION
VJTU     1  Mu1.0001  In1.016                       0.25965600      0.00000000     -0.00000002     -0.00000000
VJTU     1  Mu1.0001  In1.017                       0.23724674      0.00000027     -0.00000101     -0.00000000
--

   (Skipping property calculation,
    use PROP keyword to activate)
********************************************************************************
 Compute H0 matrices for state    2
--------------------------------------------------------------------------------
--------------------------------------------------------------------------------
 H0 matrices have been computed.

********************************************************************************
  CASPT2 EQUATION SOLUTION
--------------------------------------------------------------------------------

  Total nr of CASPT2 parameters:
   Before reduction:      956141
   After  reduction:      956141

 Variance of |WF0>:       1.6593265464

 The contributions to the second order correlation energy in atomic units.
-----------------------------------------------------------------------------------------------------------------------------
  IT.      VJTU        VJTI        ATVX        AIVX        VJAI        BVAT        BJAT        BJAI        TOTAL       RNORM  
-----------------------------------------------------------------------------------------------------------------------------
   1    -0.012953   -0.006298   -0.039971   -0.104502   -0.026999   -0.047273   -0.114584   -0.188081   -0.540661    0.007471
   2    -0.013157   -0.006368   -0.040242   -0.104940   -0.027133   -0.047361   -0.114712   -0.188254   -0.542168    0.000903
   3    -0.013161   -0.006370   -0.040252   -0.104963   -0.027135   -0.047366   -0.114722   -0.188251   -0.542220    0.000128
   4    -0.013161   -0.006370   -0.040249   -0.104957   -0.027132   -0.047364   -0.114720   -0.188248   -0.542201    0.000016
   5    -0.013161   -0.006370   -0.040249   -0.104956   -0.027132   -0.047364   -0.114720   -0.188248   -0.542200    0.000002
-----------------------------------------------------------------------------------------------------------------------------

  FINAL CASPT2 RESULT:

      Reference energy:        -551.1134299977
      E2 (Non-variational):      -0.5421999854
      Shift correction:          -0.0008560322
      E2 (Variational):          -0.5430560176
      Total energy:            -551.6564860153
      Residual norm:              0.0000002908
      Reference weight:           0.83198

      Contributions to the CASPT2 correlation energy
      Active & Virtual Only:         -0.0876127408
      One Inactive Excited:          -0.2328369798
      Two Inactive Excited:          -0.2217502648


++ Denominators, etc.
--------------------------------------------------------------------------------------------------------------
 Report on small energy denominators, large coefficients, and large energy contributions.
CASE  SYMM ACTIVE-MIX  NON-ACTIVE INDICES          DENOMINATOR     RHS VALUE       COEFFICIENT     CONTRIBUTION
VJTU     1  Mu1.0001  In1.016                       0.18973035      0.00000028     -0.00000118     -0.00000000
VJTU     1  Mu1.0001  In1.017                       0.16732109     -0.00000004      0.00000015     -0.00000000
ATVX     1  Mu1.0117  Se1.032                       1.67170669     -0.04542784      0.02789292     -0.00126711
--

   (Skipping property calculation,
    use PROP keyword to activate)
********************************************************************************
 Compute H0 matrices for state    3
--------------------------------------------------------------------------------
--------------------------------------------------------------------------------
 H0 matrices have been computed.

********************************************************************************
  CASPT2 EQUATION SOLUTION
--------------------------------------------------------------------------------

  Total nr of CASPT2 parameters:
   Before reduction:      956141
   After  reduction:      956141

 Variance of |WF0>:       1.6520669924

 The contributions to the second order correlation energy in atomic units.
-----------------------------------------------------------------------------------------------------------------------------
  IT.      VJTU        VJTI        ATVX        AIVX        VJAI        BVAT        BJAT        BJAI        TOTAL       RNORM  
-----------------------------------------------------------------------------------------------------------------------------
   1    -0.012104   -0.006175   -0.041299   -0.103471   -0.027083   -0.046272   -0.116424   -0.188081   -0.540910    0.007607
   2    -0.012325   -0.006244   -0.041587   -0.103935   -0.027214   -0.046367   -0.116567   -0.188253   -0.542492    0.000995
   3    -0.012330   -0.006245   -0.041593   -0.103956   -0.027213   -0.046371   -0.116575   -0.188246   -0.542529    0.000159
   4    -0.012330   -0.006244   -0.041588   -0.103947   -0.027211   -0.046368   -0.116571   -0.188242   -0.542503    0.000022
   5    -0.012330   -0.006244   -0.041588   -0.103947   -0.027211   -0.046368   -0.116571   -0.188242   -0.542502    0.000003
-----------------------------------------------------------------------------------------------------------------------------

  FINAL CASPT2 RESULT:

      Reference energy:        -550.9994515838
      E2 (Non-variational):      -0.5425028959
      Shift correction:          -0.0009533032
      E2 (Variational):          -0.5434561991
      Total energy:            -551.5429077829
      Residual norm:              0.0000004440
      Reference weight:           0.82823

      Contributions to the CASPT2 correlation energy
      Active & Virtual Only:         -0.0879565633
      One Inactive Excited:          -0.2328490317
      Two Inactive Excited:          -0.2216973009


++ Denominators, etc.
--------------------------------------------------------------------------------------------------------------
 Report on small energy denominators, large coefficients, and large energy contributions.
CASE  SYMM ACTIVE-MIX  NON-ACTIVE INDICES          DENOMINATOR     RHS VALUE       COEFFICIENT     CONTRIBUTION
VJTU     1  Mu1.0001  In1.013                       0.17512486      0.00000029     -0.00000127     -0.00000000
VJTU     1  Mu1.0001  In1.014                       0.12350454      0.00000134     -0.00000673     -0.00000000
VJTU     1  Mu1.0001  In1.015                       0.09419661     -0.00000017      0.00000090     -0.00000000
VJTU     1  Mu1.0001  In1.016                      -0.02197588      0.00000012      0.00000026      0.00000000
VJTU     1  Mu1.0001  In1.017                      -0.04438514      0.00000021      0.00000080      0.00000000
ATVX     1  Mu1.0001  Se1.028                       0.16935759      0.00000012     -0.00000052     -0.00000000
ATVX     1  Mu1.0002  Se1.028                       0.21752045     -0.00000000     -0.00000001      0.00000000
ATVX     1  Mu1.0003  Se1.028                       0.25089497      0.00000008     -0.00000025     -0.00000000
ATVX     1  Mu1.0001  Se1.029                       0.20495000     -0.00000003      0.00000013     -0.00000000
ATVX     1  Mu1.0002  Se1.029                       0.25311286     -0.00000007      0.00000024     -0.00000000
ATVX     1  Mu1.0003  Se1.029                       0.28648738     -0.00000001      0.00000002     -0.00000000
ATVX     1  Mu1.0001  Se1.030                       0.22534275     -0.00000001      0.00000001     -0.00000000
ATVX     1  Mu1.0002  Se1.030                       0.27350561     -0.00000007      0.00000019     -0.00000000
ATVX     1  Mu1.0001  Se1.031                       0.23910798      0.00000009     -0.00000033     -0.00000000
ATVX     1  Mu1.0002  Se1.031                       0.28727084     -0.00000002      0.00000006     -0.00000000
--

   (Skipping property calculation,
    use PROP keyword to activate)
********************************************************************************
 Compute H0 matrices for state    4
--------------------------------------------------------------------------------
--------------------------------------------------------------------------------
 H0 matrices have been computed.

********************************************************************************
  CASPT2 EQUATION SOLUTION
--------------------------------------------------------------------------------

  Total nr of CASPT2 parameters:
   Before reduction:      956141
   After  reduction:      956141

 Variance of |WF0>:       1.6706504886

 The contributions to the second order correlation energy in atomic units.
-----------------------------------------------------------------------------------------------------------------------------
  IT.      VJTU        VJTI        ATVX        AIVX        VJAI        BVAT        BJAT        BJAI        TOTAL       RNORM  
-----------------------------------------------------------------------------------------------------------------------------
   1    -0.022304   -0.006588   -0.039698   -0.107049   -0.031831   -0.047727   -0.114295   -0.188005   -0.557497    0.007542
   2    -0.022650   -0.006677   -0.039965   -0.107477   -0.031972   -0.047802   -0.114414   -0.188167   -0.559125    0.000908
   3    -0.022655   -0.006677   -0.039974   -0.107500   -0.031974   -0.047805   -0.114424   -0.188164   -0.559172    0.000129
   4    -0.022655   -0.006676   -0.039970   -0.107492   -0.031972   -0.047804   -0.114422   -0.188161   -0.559152    0.000017
   5    -0.022655   -0.006676   -0.039970   -0.107492   -0.031972   -0.047804   -0.114422   -0.188161   -0.559151    0.000002
-----------------------------------------------------------------------------------------------------------------------------

  FINAL CASPT2 RESULT:

      Reference energy:        -550.9930095861
      E2 (Non-variational):      -0.5591511666
      Shift correction:          -0.0015910052
      E2 (Variational):          -0.5607421718
      Total energy:            -551.5537517579
      Residual norm:              0.0000003105
      Reference weight:           0.81661

      Contributions to the CASPT2 correlation energy
      Active & Virtual Only:         -0.0877741748
      One Inactive Excited:          -0.2445683593
      Two Inactive Excited:          -0.2268086325


++ Denominators, etc.
--------------------------------------------------------------------------------------------------------------
 Report on small energy denominators, large coefficients, and large energy contributions.
CASE  SYMM ACTIVE-MIX  NON-ACTIVE INDICES          DENOMINATOR     RHS VALUE       COEFFICIENT     CONTRIBUTION
VJTU     1  Mu1.0001  In1.010                       0.64276597      0.01937842     -0.03020239     -0.00058527
VJTU     1  Mu1.0041  In1.011                       1.49075206      0.06025847     -0.03977729     -0.00239692
VJTU     1  Mu1.0001  In1.013                       0.22664570      0.00835621     -0.03078369     -0.00025724
VJTU     1  Mu1.0041  In1.013                       1.26382305      0.03381484     -0.02688810     -0.00090922
VJTU     1  Mu1.0001  In1.014                       0.17502539     -0.00125713      0.00544348     -0.00000684
VJTU     1  Mu1.0001  In1.015                       0.14571746     -0.01812958      0.08613839     -0.00156165
VJTU     1  Mu1.0004  In1.015                       0.61252758      0.01608153     -0.02555685     -0.00041099
VJTU     1  Mu1.0001  In1.016                       0.02954497      0.00015672     -0.00035754     -0.00000006
VJTU     1  Mu1.0001  In1.017                       0.00713571      0.00755701     -0.00544683     -0.00004116
ATVX     1  Mu1.0001  Se1.028                       0.28048348      0.00018769     -0.00055031     -0.00000010
--

   (Skipping property calculation,
    use PROP keyword to activate)
********************************************************************************
 Compute H0 matrices for state    5
--------------------------------------------------------------------------------
--------------------------------------------------------------------------------
 H0 matrices have been computed.

********************************************************************************
  CASPT2 EQUATION SOLUTION
--------------------------------------------------------------------------------

  Total nr of CASPT2 parameters:
   Before reduction:      956141
   After  reduction:      956141

 Variance of |WF0>:       1.6661280117

 The contributions to the second order correlation energy in atomic units.
-----------------------------------------------------------------------------------------------------------------------------
  IT.      VJTU        VJTI        ATVX        AIVX        VJAI        BVAT        BJAT        BJAI        TOTAL       RNORM  
-----------------------------------------------------------------------------------------------------------------------------
   1    -0.014445   -0.006173   -0.043840   -0.104219   -0.027385   -0.045771   -0.117992   -0.188079   -0.547904    0.007792
   2    -0.014708   -0.006239   -0.044150   -0.104682   -0.027517   -0.045874   -0.118147   -0.188251   -0.549570    0.001093
   3    -0.014712   -0.006240   -0.044156   -0.104702   -0.027516   -0.045877   -0.118155   -0.188242   -0.549599    0.000204
   4    -0.014712   -0.006239   -0.044149   -0.104690   -0.027512   -0.045875   -0.118149   -0.188237   -0.549563    0.000036
   5    -0.014712   -0.006239   -0.044149   -0.104690   -0.027512   -0.045875   -0.118149   -0.188238   -0.549563    0.000006
-----------------------------------------------------------------------------------------------------------------------------

  FINAL CASPT2 RESULT:

      Reference energy:        -550.9214423692
      E2 (Non-variational):      -0.5495640982
      Shift correction:          -0.0010157737
      E2 (Variational):          -0.5505798720
      Total energy:            -551.4720222412
      Residual norm:              0.0000009500
      Reference weight:           0.82459

      Contributions to the CASPT2 correlation energy
      Active & Virtual Only:         -0.0900234321
      One Inactive Excited:          -0.2375513403
      Two Inactive Excited:          -0.2219893259


++ Denominators, etc.
--------------------------------------------------------------------------------------------------------------
 Report on small energy denominators, large coefficients, and large energy contributions.
CASE  SYMM ACTIVE-MIX  NON-ACTIVE INDICES          DENOMINATOR     RHS VALUE       COEFFICIENT     CONTRIBUTION
VJTU     1  Mu1.0001  In1.013                       0.13470170      0.00000036     -0.00000171     -0.00000000
VJTU     1  Mu1.0001  In1.014                       0.08308139     -0.00000001      0.00000008     -0.00000000
VJTU     1  Mu1.0001  In1.015                       0.05377345      0.00000004     -0.00000017     -0.00000000
VJTU     1  Mu1.0002  In1.015                       0.29115166     -0.00000008      0.00000027     -0.00000000
VJTU     1  Mu1.0001  In1.016                      -0.06239904      0.00000001      0.00000003      0.00000000
VJTU     1  Mu1.0002  In1.016                       0.17497917      0.00000038     -0.00000179     -0.00000000
VJTU     1  Mu1.0003  In1.016                       0.24161673      0.00000014     -0.00000049     -0.00000000
VJTU     1  Mu1.0001  In1.017                      -0.08480830     -0.00000018     -0.00000090      0.00000000
VJTU     1  Mu1.0002  In1.017                       0.15256991      0.00000001     -0.00000006     -0.00000000
VJTU     1  Mu1.0003  In1.017                       0.21920748     -0.00000016      0.00000071     -0.00000000
ATVX     1  Mu1.0001  Se1.028                       0.06805025     -0.00000008      0.00000040     -0.00000000
ATVX     1  Mu1.0002  Se1.028                       0.10433788     -0.00000003      0.00000015     -0.00000000
ATVX     1  Mu1.0003  Se1.028                       0.16269904      0.00000003     -0.00000015     -0.00000000
ATVX     1  Mu1.0004  Se1.028                       0.17829199     -0.00000009      0.00000042     -0.00000000
ATVX     1  Mu1.0001  Se1.029                       0.10364265      0.00000015     -0.00000073     -0.00000000
ATVX     1  Mu1.0002  Se1.029                       0.13993029     -0.00000000      0.00000001     -0.00000000
ATVX     1  Mu1.0003  Se1.029                       0.19829145     -0.00000011      0.00000046     -0.00000000
ATVX     1  Mu1.0004  Se1.029                       0.21388440      0.00000000     -0.00000000     -0.00000000
ATVX     1  Mu1.0001  Se1.030                       0.12403540     -0.00000006      0.00000028     -0.00000000
ATVX     1  Mu1.0002  Se1.030                       0.16032304      0.00000001     -0.00000006     -0.00000000
ATVX     1  Mu1.0003  Se1.030                       0.21868420     -0.00000003      0.00000010     -0.00000000
ATVX     1  Mu1.0004  Se1.030                       0.23427715      0.00000003     -0.00000009     -0.00000000
ATVX     1  Mu1.0001  Se1.031                       0.13780063     -0.00000008      0.00000040     -0.00000000
ATVX     1  Mu1.0002  Se1.031                       0.17408827      0.00000001     -0.00000005     -0.00000000
ATVX     1  Mu1.0003  Se1.031                       0.23244943      0.00000011     -0.00000038     -0.00000000
ATVX     1  Mu1.0004  Se1.031                       0.24804238     -0.00000002      0.00000005     -0.00000000
ATVX     1  Mu1.0001  Se1.032                       0.24463798      0.00000008     -0.00000030     -0.00000000
ATVX     1  Mu1.0002  Se1.032                       0.28092562      0.00000004     -0.00000010     -0.00000000
ATVX     1  Mu1.0186  Se1.032                       1.67714650     -0.04341052      0.02658486     -0.00115406
ATVX     1  Mu1.0001  Se1.033                       0.28362608     -0.00000036      0.00000116     -0.00000000
ATVX     1  Mu1.0001  Se1.047                       0.64763602      0.02419821     -0.03566375     -0.00086300
--

   (Skipping property calculation,
    use PROP keyword to activate)
********************************************************************************
 Compute H0 matrices for state    6
--------------------------------------------------------------------------------
--------------------------------------------------------------------------------
 H0 matrices have been computed.

********************************************************************************
  CASPT2 EQUATION SOLUTION
--------------------------------------------------------------------------------

  Total nr of CASPT2 parameters:
   Before reduction:      956141
   After  reduction:      956141

 Variance of |WF0>:       1.6760136221

 The contributions to the second order correlation energy in atomic units.
-----------------------------------------------------------------------------------------------------------------------------
  IT.      VJTU        VJTI        ATVX        AIVX        VJAI        BVAT        BJAT        BJAI        TOTAL       RNORM  
-----------------------------------------------------------------------------------------------------------------------------
   1    -0.038291   -0.007476   -0.040650   -0.108035   -0.033735   -0.048273   -0.113140   -0.187904   -0.577505    0.007352
   2    -0.038898   -0.007579   -0.040923   -0.108470   -0.033862   -0.048334   -0.113243   -0.188042   -0.579352    0.000870
   3    -0.038905   -0.007578   -0.040930   -0.108492   -0.033862   -0.048334   -0.113252   -0.188037   -0.579390    0.000115
   4    -0.038904   -0.007577   -0.040926   -0.108485   -0.033860   -0.048333   -0.113250   -0.188034   -0.579370    0.000015
   5    -0.038904   -0.007577   -0.040926   -0.108485   -0.033860   -0.048333   -0.113250   -0.188034   -0.579369    0.000002
-----------------------------------------------------------------------------------------------------------------------------

  FINAL CASPT2 RESULT:

      Reference energy:        -550.9198043877
      E2 (Non-variational):      -0.5793697127
      Shift correction:          -0.0081729783
      E2 (Variational):          -0.5875426909
      Total energy:            -551.5073470787
      Residual norm:              0.0000003941
      Reference weight:           0.77260

      Contributions to the CASPT2 correlation energy
      Active & Virtual Only:         -0.0892590074
      One Inactive Excited:          -0.2606388987
      Two Inactive Excited:          -0.2294718065


++ Denominators, etc.
--------------------------------------------------------------------------------------------------------------
 Report on small energy denominators, large coefficients, and large energy contributions.
CASE  SYMM ACTIVE-MIX  NON-ACTIVE INDICES          DENOMINATOR     RHS VALUE       COEFFICIENT     CONTRIBUTION
VJTU     1  Mu1.0030  In1.010                       1.45176813     -0.04131479      0.02809155     -0.00116060
VJTU     1  Mu1.0002  In1.011                       0.73558413      0.02896626     -0.03777057     -0.00109407
VJTU     1  Mu1.0030  In1.011                       1.26257687      0.05196777     -0.04115091     -0.00213852
VJTU     1  Mu1.0001  In1.012                       0.34967282     -0.03677617      0.09921925     -0.00364890
VJTU     1  Mu1.0001  In1.013                       0.13558735      0.00076589     -0.00400349     -0.00000307
VJTU     1  Mu1.0002  In1.013                       0.50865512      0.02979175     -0.05619275     -0.00167408
VJTU     1  Mu1.0030  In1.013                       1.03564786      0.02719688     -0.02711677     -0.00073749
VJTU     1  Mu1.0001  In1.014                       0.08396703     -0.04705820      0.23976777     -0.01128304
VJTU     1  Mu1.0001  In1.015                       0.05465910     -0.00313069      0.01325784     -0.00004151
VJTU     1  Mu1.0001  In1.016                      -0.06151339     -0.00629466     -0.02810082      0.00017689
VJTU     1  Mu1.0001  In1.017                      -0.08392265      0.00041210      0.00199259      0.00000082
VJTU     1  Mu1.0002  In1.017                       0.28914513      0.00371890     -0.01193522     -0.00004439
ATVX     1  Mu1.0001  Se1.028                       0.16588273     -0.00000245      0.00000904     -0.00000000
ATVX     1  Mu1.0002  Se1.028                       0.20548141     -0.00052211      0.00200484     -0.00000105
ATVX     1  Mu1.0003  Se1.028                       0.26639787     -0.00144219      0.00477105     -0.00000688
ATVX     1  Mu1.0004  Se1.028                       0.29278515     -0.00022550      0.00068259     -0.00000015
ATVX     1  Mu1.0001  Se1.029                       0.20147514      0.00058506     -0.00235200     -0.00000138
ATVX     1  Mu1.0002  Se1.029                       0.24107381     -0.00005843      0.00020542     -0.00000001
ATVX     1  Mu1.0001  Se1.030                       0.22186789     -0.00000059      0.00000201     -0.00000000
ATVX     1  Mu1.0002  Se1.030                       0.26146657      0.00110596     -0.00366545     -0.00000405
ATVX     1  Mu1.0001  Se1.031                       0.23563312      0.00084193     -0.00302235     -0.00000254
ATVX     1  Mu1.0002  Se1.031                       0.27523179     -0.00004129      0.00013171     -0.00000001
--

   (Skipping property calculation,
    use PROP keyword to activate)
********************************************************************************
 Compute H0 matrices for state    7
--------------------------------------------------------------------------------
--------------------------------------------------------------------------------
 H0 matrices have been computed.

********************************************************************************
  CASPT2 EQUATION SOLUTION
--------------------------------------------------------------------------------

  Total nr of CASPT2 parameters:
   Before reduction:      956141
   After  reduction:      956141

 Variance of |WF0>:       1.6433839179

 The contributions to the second order correlation energy in atomic units.
-----------------------------------------------------------------------------------------------------------------------------
  IT.      VJTU        VJTI        ATVX        AIVX        VJAI        BVAT        BJAT        BJAI        TOTAL       RNORM  
-----------------------------------------------------------------------------------------------------------------------------
   1    -0.010352   -0.008326   -0.044815   -0.101241   -0.027568   -0.047700   -0.115291   -0.188066   -0.543360    0.007639
   2    -0.010560   -0.008408   -0.045130   -0.101702   -0.027691   -0.047796   -0.115445   -0.188240   -0.544973    0.001073
   3    -0.010564   -0.008409   -0.045140   -0.101724   -0.027691   -0.047802   -0.115453   -0.188233   -0.545014    0.000199
   4    -0.010565   -0.008407   -0.045133   -0.101712   -0.027687   -0.047799   -0.115447   -0.188228   -0.544978    0.000038
   5    -0.010565   -0.008407   -0.045132   -0.101712   -0.027687   -0.047799   -0.115447   -0.188228   -0.544978    0.000006
   6    -0.010565   -0.008407   -0.045133   -0.101713   -0.027687   -0.047799   -0.115447   -0.188228   -0.544979    0.000001
-----------------------------------------------------------------------------------------------------------------------------

  FINAL CASPT2 RESULT:

      Reference energy:        -550.9163793671
      E2 (Non-variational):      -0.5449793768
      Shift correction:          -0.0010557623
      E2 (Variational):          -0.5460351392
      Total energy:            -551.4624145062
      Residual norm:              0.0000001704
      Reference weight:           0.82356

      Contributions to the CASPT2 correlation energy
      Active & Virtual Only:         -0.0929314234
      One Inactive Excited:          -0.2277248044
      Two Inactive Excited:          -0.2243231490


++ Denominators, etc.
--------------------------------------------------------------------------------------------------------------
 Report on small energy denominators, large coefficients, and large energy contributions.
CASE  SYMM ACTIVE-MIX  NON-ACTIVE INDICES          DENOMINATOR     RHS VALUE       COEFFICIENT     CONTRIBUTION
VJTU     1  Mu1.0001  In1.013                       0.13951534      0.00000015     -0.00000071     -0.00000000
VJTU     1  Mu1.0001  In1.014                       0.08789503     -0.00000019      0.00000092     -0.00000000
VJTU     1  Mu1.0001  In1.015                       0.05858710     -0.00000010      0.00000044     -0.00000000
VJTU     1  Mu1.0001  In1.016                      -0.05758539      0.00000017      0.00000067      0.00000000
VJTU     1  Mu1.0002  In1.016                       0.21030280     -0.00000009      0.00000036     -0.00000000
VJTU     1  Mu1.0001  In1.017                      -0.07999465      0.00000008      0.00000038      0.00000000
VJTU     1  Mu1.0002  In1.017                       0.18789354     -0.00000086      0.00000376     -0.00000000
ATVX     1  Mu1.0001  Se1.028                       0.04253830     -0.00000008      0.00000029     -0.00000000
ATVX     1  Mu1.0002  Se1.028                       0.15151481      0.00000010     -0.00000049     -0.00000000
ATVX     1  Mu1.0003  Se1.028                       0.16391751      0.00000001     -0.00000008     -0.00000000
ATVX     1  Mu1.0001  Se1.029                       0.07813071      0.00000008     -0.00000039     -0.00000000
ATVX     1  Mu1.0002  Se1.029                       0.18710722     -0.00000005      0.00000020     -0.00000000
ATVX     1  Mu1.0003  Se1.029                       0.19950991     -0.00000002      0.00000008     -0.00000000
ATVX     1  Mu1.0001  Se1.030                       0.09852346     -0.00000004      0.00000019     -0.00000000
ATVX     1  Mu1.0002  Se1.030                       0.20749997     -0.00000005      0.00000019     -0.00000000
ATVX     1  Mu1.0003  Se1.030                       0.21990267      0.00000002     -0.00000002     -0.00000000
ATVX     1  Mu1.0001  Se1.031                       0.11228869     -0.00000011      0.00000056     -0.00000000
ATVX     1  Mu1.0002  Se1.031                       0.22126520     -0.00000002      0.00000009     -0.00000000
ATVX     1  Mu1.0003  Se1.031                       0.23366789     -0.00000004      0.00000012     -0.00000000
ATVX     1  Mu1.0001  Se1.032                       0.21912604      0.00000015     -0.00000059     -0.00000000
ATVX     1  Mu1.0009  Se1.032                       0.59204865     -0.01685264      0.03020271     -0.00050900
ATVX     1  Mu1.0001  Se1.033                       0.25811414     -0.00000034      0.00000118     -0.00000000
ATVX     1  Mu1.0009  Se1.034                       0.69027205     -0.01918383      0.02717302     -0.00052128
ATVX     1  Mu1.0001  Se1.047                       0.62212408      0.02209971     -0.03381079     -0.00074721
--

   (Skipping property calculation,
    use PROP keyword to activate)
********************************************************************************
 Compute H0 matrices for state    8
--------------------------------------------------------------------------------
--------------------------------------------------------------------------------
 H0 matrices have been computed.

********************************************************************************
  CASPT2 EQUATION SOLUTION
--------------------------------------------------------------------------------

  Total nr of CASPT2 parameters:
   Before reduction:      956141
   After  reduction:      956141

 Variance of |WF0>:       1.6412595873

 The contributions to the second order correlation energy in atomic units.
-----------------------------------------------------------------------------------------------------------------------------
  IT.      VJTU        VJTI        ATVX        AIVX        VJAI        BVAT        BJAT        BJAI        TOTAL       RNORM  
-----------------------------------------------------------------------------------------------------------------------------
   1    -0.010944   -0.006971   -0.044707   -0.095190   -0.027845   -0.045643   -0.119979   -0.188066   -0.539345    0.007531
   2    -0.011148   -0.007040   -0.045004   -0.095604   -0.027969   -0.045740   -0.120148   -0.188240   -0.540895    0.001080
   3    -0.011151   -0.007041   -0.045014   -0.095625   -0.027968   -0.045746   -0.120156   -0.188233   -0.540935    0.000211
   4    -0.011152   -0.007040   -0.045006   -0.095614   -0.027965   -0.045743   -0.120150   -0.188228   -0.540898    0.000042
   5    -0.011152   -0.007040   -0.045006   -0.095613   -0.027965   -0.045743   -0.120150   -0.188228   -0.540898    0.000007
   6    -0.011152   -0.007040   -0.045006   -0.095614   -0.027965   -0.045743   -0.120150   -0.188228   -0.540899    0.000001
-----------------------------------------------------------------------------------------------------------------------------

  FINAL CASPT2 RESULT:

      Reference energy:        -550.8813483646
      E2 (Non-variational):      -0.5408988873
      Shift correction:          -0.0011122619
      E2 (Variational):          -0.5420111492
      Total energy:            -551.4233595138
      Residual norm:              0.0000002164
      Reference weight:           0.82429

      Contributions to the CASPT2 correlation energy
      Active & Virtual Only:         -0.0907492606
      One Inactive Excited:          -0.2269163272
      Two Inactive Excited:          -0.2232332995


++ Denominators, etc.
--------------------------------------------------------------------------------------------------------------
 Report on small energy denominators, large coefficients, and large energy contributions.
CASE  SYMM ACTIVE-MIX  NON-ACTIVE INDICES          DENOMINATOR     RHS VALUE       COEFFICIENT     CONTRIBUTION
VJTU     1  Mu1.0001  In1.011                       0.28181245      0.00000034     -0.00000102     -0.00000000
VJTU     1  Mu1.0001  In1.012                       0.26896891      0.00000016     -0.00000051     -0.00000000
VJTU     1  Mu1.0001  In1.013                       0.05488344     -0.00000006      0.00000023     -0.00000000
VJTU     1  Mu1.0001  In1.014                       0.00326313      0.00000014     -0.00000005     -0.00000000
VJTU     1  Mu1.0002  In1.014                       0.28175330      0.00000030     -0.00000107     -0.00000000
VJTU     1  Mu1.0001  In1.015                      -0.02604480     -0.00000000     -0.00000000      0.00000000
VJTU     1  Mu1.0002  In1.015                       0.25244536     -0.00000015      0.00000052     -0.00000000
VJTU     1  Mu1.0001  In1.016                      -0.14221729      0.00000001      0.00000004      0.00000000
VJTU     1  Mu1.0002  In1.016                       0.13627287      0.00000019     -0.00000098     -0.00000000
VJTU     1  Mu1.0003  In1.016                       0.21175207     -0.00000001      0.00000006     -0.00000000
VJTU     1  Mu1.0004  In1.016                       0.22054274      0.00000009     -0.00000036     -0.00000000
VJTU     1  Mu1.0001  In1.017                      -0.16462655      0.00000025      0.00000110      0.00000000
VJTU     1  Mu1.0002  In1.017                       0.11386362      0.00000008     -0.00000040     -0.00000000
VJTU     1  Mu1.0003  In1.017                       0.18934281      0.00000063     -0.00000273     -0.00000000
VJTU     1  Mu1.0004  In1.017                       0.19813348      0.00000006     -0.00000018     -0.00000000
VJTU     1  Mu1.0005  In1.017                       0.28244490     -0.00000003      0.00000019     -0.00000000
ATVX     1  Mu1.0001  Se1.028                      -0.05033454      0.00000017      0.00000069      0.00000000
ATVX     1  Mu1.0002  Se1.028                       0.00175132     -0.00000017      0.00000003     -0.00000000
ATVX     1  Mu1.0003  Se1.028                       0.08111057     -0.00000005      0.00000025     -0.00000000
ATVX     1  Mu1.0004  Se1.028                       0.15844673      0.00000002     -0.00000009     -0.00000000
ATVX     1  Mu1.0005  Se1.028                       0.25304564     -0.00094896      0.00306606     -0.00000291
ATVX     1  Mu1.0006  Se1.028                       0.27458518      0.00000001     -0.00000003     -0.00000000
ATVX     1  Mu1.0001  Se1.029                      -0.01474214     -0.00000007     -0.00000009      0.00000000
ATVX     1  Mu1.0002  Se1.029                       0.03734372      0.00000022     -0.00000074     -0.00000000
ATVX     1  Mu1.0003  Se1.029                       0.11670297      0.00000001     -0.00000006     -0.00000000
ATVX     1  Mu1.0004  Se1.029                       0.19403913      0.00000001     -0.00000003     -0.00000000
ATVX     1  Mu1.0005  Se1.029                       0.28863805     -0.00022649      0.00071028     -0.00000016
ATVX     1  Mu1.0001  Se1.030                       0.00565062     -0.00000020      0.00000011     -0.00000000
ATVX     1  Mu1.0002  Se1.030                       0.05773647     -0.00000005      0.00000024     -0.00000000
ATVX     1  Mu1.0003  Se1.030                       0.13709572      0.00000002     -0.00000008     -0.00000000
ATVX     1  Mu1.0004  Se1.030                       0.21443188      0.00000005     -0.00000016     -0.00000000
ATVX     1  Mu1.0001  Se1.031                       0.01941584     -0.00000002      0.00000004     -0.00000000
ATVX     1  Mu1.0002  Se1.031                       0.07150170     -0.00000015      0.00000075     -0.00000000
ATVX     1  Mu1.0003  Se1.031                       0.15086095     -0.00000015      0.00000064     -0.00000000
ATVX     1  Mu1.0004  Se1.031                       0.22819711     -0.00000005      0.00000015     -0.00000000
ATVX     1  Mu1.0001  Se1.032                       0.12625319      0.00000051     -0.00000251     -0.00000000
ATVX     1  Mu1.0002  Se1.032                       0.17833905      0.00000040     -0.00000175     -0.00000000
ATVX     1  Mu1.0003  Se1.032                       0.25769830      0.00000015     -0.00000049     -0.00000000
ATVX     1  Mu1.0012  Se1.032                       0.56850615     -0.01399207      0.02624491     -0.00036722
ATVX     1  Mu1.0001  Se1.033                       0.16524130      0.00000004     -0.00000019     -0.00000000
ATVX     1  Mu1.0002  Se1.033                       0.21732715     -0.00000024      0.00000094     -0.00000000
ATVX     1  Mu1.0003  Se1.033                       0.29668640      0.00000005     -0.00000018     -0.00000000
ATVX     1  Mu1.0001  Se1.034                       0.22447660      0.00000024     -0.00000088     -0.00000000
ATVX     1  Mu1.0002  Se1.034                       0.27656245      0.00000029     -0.00000093     -0.00000000
ATVX     1  Mu1.0001  Se1.035                       0.26410324     -0.00000008      0.00000023     -0.00000000
ATVX     1  Mu1.0001  Se1.036                       0.28870059      0.00000011     -0.00000032     -0.00000000
ATVX     1  Mu1.0002  Se1.041                       0.46150464     -0.01436169      0.02937038     -0.00042181
ATVX     1  Mu1.0003  Se1.041                       0.54086389     -0.01486547      0.02643028     -0.00039290
ATVX     1  Mu1.0002  Se1.045                       0.54371201     -0.01486683      0.02611547     -0.00038825
ATVX     1  Mu1.0002  Se1.047                       0.58133709      0.02785573     -0.04543691     -0.00126568
ATVX     1  Mu1.0001  Se1.048                       0.55782858     -0.02988281      0.05166569     -0.00154392
--

   (Skipping property calculation,
    use PROP keyword to activate)
********************************************************************************
 Compute H0 matrices for state    9
--------------------------------------------------------------------------------
--------------------------------------------------------------------------------
 H0 matrices have been computed.

********************************************************************************
  CASPT2 EQUATION SOLUTION
--------------------------------------------------------------------------------

  Total nr of CASPT2 parameters:
   Before reduction:      956141
   After  reduction:      956141

 Variance of |WF0>:       1.6706719482

 The contributions to the second order correlation energy in atomic units.
-----------------------------------------------------------------------------------------------------------------------------
  IT.      VJTU        VJTI        ATVX        AIVX        VJAI        BVAT        BJAT        BJAI        TOTAL       RNORM  
-----------------------------------------------------------------------------------------------------------------------------
   1    -0.014181   -0.006587   -0.044917   -0.104648   -0.027830   -0.046857   -0.121305   -0.188079   -0.554404    0.007964
   2    -0.014444   -0.006652   -0.045244   -0.105110   -0.027963   -0.046967   -0.121474   -0.188252   -0.556106    0.001157
   3    -0.014448   -0.006653   -0.045248   -0.105129   -0.027960   -0.046971   -0.121481   -0.188240   -0.556130    0.000269
   4    -0.014447   -0.006652   -0.045239   -0.105117   -0.027956   -0.046967   -0.121474   -0.188234   -0.556085    0.000051
   5    -0.014447   -0.006652   -0.045239   -0.105116   -0.027956   -0.046967   -0.121474   -0.188235   -0.556085    0.000012
   6    -0.014446   -0.006652   -0.045240   -0.105117   -0.027956   -0.046967   -0.121474   -0.188235   -0.556087    0.000002
-----------------------------------------------------------------------------------------------------------------------------

  FINAL CASPT2 RESULT:

      Reference energy:        -550.8524263829
      E2 (Non-variational):      -0.5560871074
      Shift correction:          -0.0011400668
      E2 (Variational):          -0.5572271742
      Total energy:            -551.4096535572
      Residual norm:              0.0000004446
      Reference weight:           0.81880

      Contributions to the CASPT2 correlation energy
      Active & Virtual Only:         -0.0922066390
      One Inactive Excited:          -0.2410375555
      Two Inactive Excited:          -0.2228429129


++ Denominators, etc.
--------------------------------------------------------------------------------------------------------------
 Report on small energy denominators, large coefficients, and large energy contributions.
CASE  SYMM ACTIVE-MIX  NON-ACTIVE INDICES          DENOMINATOR     RHS VALUE       COEFFICIENT     CONTRIBUTION
VJTU     1  Mu1.0001  In1.011                       0.23850701     -0.00000008      0.00000030     -0.00000000
VJTU     1  Mu1.0001  In1.012                       0.22566347      0.00000027     -0.00000098     -0.00000000
VJTU     1  Mu1.0001  In1.013                       0.01157800      0.00000007     -0.00000007     -0.00000000
VJTU     1  Mu1.0001  In1.014                      -0.04004231     -0.00000013     -0.00000042      0.00000000
VJTU     1  Mu1.0002  In1.014                       0.27061444      0.00000014     -0.00000047     -0.00000000
VJTU     1  Mu1.0003  In1.014                       0.27856414     -0.00000056      0.00000189     -0.00000000
VJTU     1  Mu1.0001  In1.015                      -0.06935024     -0.00000005     -0.00000022      0.00000000
VJTU     1  Mu1.0002  In1.015                       0.24130650      0.00000010     -0.00000034     -0.00000000
VJTU     1  Mu1.0003  In1.015                       0.24925621      0.00000021     -0.00000077     -0.00000000
VJTU     1  Mu1.0001  In1.016                      -0.18552273      0.00000006      0.00000025      0.00000000
VJTU     1  Mu1.0002  In1.016                       0.12513401     -0.00000004      0.00000019     -0.00000000
VJTU     1  Mu1.0003  In1.016                       0.13308372     -0.00000038      0.00000198     -0.00000000
VJTU     1  Mu1.0004  In1.016                       0.22461185     -0.00000011      0.00000041     -0.00000000
VJTU     1  Mu1.0005  In1.016                       0.27082877     -0.00000011      0.00000043     -0.00000000
VJTU     1  Mu1.0001  In1.017                      -0.20793199     -0.00000006     -0.00000024      0.00000000
VJTU     1  Mu1.0002  In1.017                       0.10272476     -0.00000025      0.00000139     -0.00000000
VJTU     1  Mu1.0003  In1.017                       0.11067446      0.00000018     -0.00000100     -0.00000000
VJTU     1  Mu1.0004  In1.017                       0.20220260      0.00000021     -0.00000102     -0.00000000
VJTU     1  Mu1.0005  In1.017                       0.24841951     -0.00000006      0.00000027     -0.00000000
VJTU     1  Mu1.0006  In1.017                       0.28387718     -0.00000025      0.00000137     -0.00000000
ATVX     1  Mu1.0001  Se1.028                      -0.02129190      0.00000019      0.00000039      0.00000000
ATVX     1  Mu1.0002  Se1.028                       0.02694848      0.00000004     -0.00000011     -0.00000000
ATVX     1  Mu1.0003  Se1.028                       0.03352009      0.00000010     -0.00000029     -0.00000000
ATVX     1  Mu1.0004  Se1.028                       0.05785000     -0.00000003      0.00000013     -0.00000000
ATVX     1  Mu1.0005  Se1.028                       0.23392841      0.00011477     -0.00043371     -0.00000005
ATVX     1  Mu1.0006  Se1.028                       0.24498858      0.00000004     -0.00000018     -0.00000000
ATVX     1  Mu1.0007  Se1.028                       0.28055799     -0.00220563      0.00635736     -0.00001402
ATVX     1  Mu1.0008  Se1.028                       0.28265276      0.00000095     -0.00000272     -0.00000000
ATVX     1  Mu1.0001  Se1.029                       0.01430050     -0.00000019      0.00000027     -0.00000000
ATVX     1  Mu1.0002  Se1.029                       0.06254089     -0.00000003      0.00000012     -0.00000000
ATVX     1  Mu1.0003  Se1.029                       0.06911249     -0.00000027      0.00000127     -0.00000000
ATVX     1  Mu1.0004  Se1.029                       0.09344241     -0.00000005      0.00000025     -0.00000000
ATVX     1  Mu1.0005  Se1.029                       0.26952082      0.00150617     -0.00626496     -0.00000944
ATVX     1  Mu1.0006  Se1.029                       0.28058099      0.00000009     -0.00000043     -0.00000000
ATVX     1  Mu1.0001  Se1.030                       0.03469326     -0.00000016      0.00000050     -0.00000000
ATVX     1  Mu1.0002  Se1.030                       0.08293364      0.00000001     -0.00000006     -0.00000000
ATVX     1  Mu1.0003  Se1.030                       0.08950525      0.00000004     -0.00000018     -0.00000000
ATVX     1  Mu1.0004  Se1.030                       0.11383516     -0.00000004      0.00000014     -0.00000000
ATVX     1  Mu1.0005  Se1.030                       0.28991357     -0.00009520      0.00032397     -0.00000003
ATVX     1  Mu1.0001  Se1.031                       0.04845848     -0.00000009      0.00000034     -0.00000000
ATVX     1  Mu1.0002  Se1.031                       0.09669887      0.00000006     -0.00000032     -0.00000000
ATVX     1  Mu1.0003  Se1.031                       0.10327047      0.00000011     -0.00000058     -0.00000000
ATVX     1  Mu1.0004  Se1.031                       0.12760039     -0.00000000      0.00000003     -0.00000000
ATVX     1  Mu1.0001  Se1.032                       0.15529583      0.00000026     -0.00000121     -0.00000000
ATVX     1  Mu1.0002  Se1.032                       0.20353622     -0.00000013      0.00000052     -0.00000000
ATVX     1  Mu1.0003  Se1.032                       0.21010782     -0.00000020      0.00000079     -0.00000000
ATVX     1  Mu1.0004  Se1.032                       0.23443774      0.00000012     -0.00000042     -0.00000000
ATVX     1  Mu1.0001  Se1.033                       0.19428394      0.00000020     -0.00000084     -0.00000000
ATVX     1  Mu1.0002  Se1.033                       0.24252432      0.00000017     -0.00000059     -0.00000000
ATVX     1  Mu1.0003  Se1.033                       0.24909593      0.00000022     -0.00000077     -0.00000000
ATVX     1  Mu1.0004  Se1.033                       0.27342584      0.00000006     -0.00000017     -0.00000000
ATVX     1  Mu1.0001  Se1.034                       0.25351924      0.00000021     -0.00000068     -0.00000000
ATVX     1  Mu1.0001  Se1.035                       0.29314588     -0.00000002      0.00000002     -0.00000000
ATVX     1  Mu1.0003  Se1.045                       0.57548079      0.01619201     -0.02706846     -0.00043829
ATVX     1  Mu1.0003  Se1.047                       0.61310587     -0.02216857      0.03432022     -0.00076083
ATVX     1  Mu1.0001  Se1.048                       0.58687122     -0.02767607      0.04554840     -0.00126060
--

   (Skipping property calculation,
    use PROP keyword to activate)
********************************************************************************
 Compute H0 matrices for state   10
--------------------------------------------------------------------------------
--------------------------------------------------------------------------------
 H0 matrices have been computed.

********************************************************************************
  CASPT2 EQUATION SOLUTION
--------------------------------------------------------------------------------

  Total nr of CASPT2 parameters:
   Before reduction:      956141
   After  reduction:      956141

 Variance of |WF0>:       1.6543383521

 The contributions to the second order correlation energy in atomic units.
-----------------------------------------------------------------------------------------------------------------------------
  IT.      VJTU        VJTI        ATVX        AIVX        VJAI        BVAT        BJAT        BJAI        TOTAL       RNORM  
-----------------------------------------------------------------------------------------------------------------------------
   1    -0.022520   -0.006079   -0.039472   -0.101323   -0.032312   -0.045128   -0.117363   -0.188001   -0.552198    0.007735
   2    -0.022922   -0.006162   -0.039760   -0.101757   -0.032446   -0.045212   -0.117508   -0.188162   -0.553929    0.000962
   3    -0.022928   -0.006162   -0.039770   -0.101777   -0.032446   -0.045215   -0.117515   -0.188156   -0.553969    0.000138
   4    -0.022929   -0.006161   -0.039765   -0.101769   -0.032444   -0.045214   -0.117512   -0.188153   -0.553947    0.000019
   5    -0.022929   -0.006161   -0.039765   -0.101769   -0.032444   -0.045213   -0.117512   -0.188153   -0.553946    0.000003
-----------------------------------------------------------------------------------------------------------------------------

  FINAL CASPT2 RESULT:

      Reference energy:        -550.8447772971
      E2 (Non-variational):      -0.5539462750
      Shift correction:          -0.0018088483
      E2 (Variational):          -0.5557551233
      Total energy:            -551.4005324204
      Residual norm:              0.0000003740
      Reference weight:           0.81474

      Contributions to the CASPT2 correlation energy
      Active & Virtual Only:         -0.0849782342
      One Inactive Excited:          -0.2422094952
      Two Inactive Excited:          -0.2267585457


++ Denominators, etc.
--------------------------------------------------------------------------------------------------------------
 Report on small energy denominators, large coefficients, and large energy contributions.
CASE  SYMM ACTIVE-MIX  NON-ACTIVE INDICES          DENOMINATOR     RHS VALUE       COEFFICIENT     CONTRIBUTION
VJTU     1  Mu1.0002  In1.010                       0.65057339      0.02704584     -0.04190697     -0.00113341
VJTU     1  Mu1.0001  In1.011                       0.23229617      0.00040804     -0.00159940     -0.00000065
VJTU     1  Mu1.0002  In1.011                       0.46138214     -0.01460238      0.03315454     -0.00048414
VJTU     1  Mu1.0001  In1.012                       0.21945263      0.00913942     -0.03472844     -0.00031740
VJTU     1  Mu1.0001  In1.013                       0.00536716      0.00000472     -0.00001274     -0.00000000
VJTU     1  Mu1.0002  In1.013                       0.23445313      0.00766571     -0.02707287     -0.00020753
VJTU     1  Mu1.0001  In1.014                      -0.04625315      0.00290722      0.01086477      0.00003159
VJTU     1  Mu1.0002  In1.014                       0.18283282     -0.00046083      0.00165122     -0.00000076
VJTU     1  Mu1.0001  In1.015                      -0.07556109     -0.00005675     -0.00032892      0.00000002
VJTU     1  Mu1.0002  In1.015                       0.15352488     -0.01743405      0.08358217     -0.00145718
VJTU     1  Mu1.0003  In1.015                       0.29204849     -0.00049122      0.00162809     -0.00000080
VJTU     1  Mu1.0001  In1.016                      -0.19173358      0.00246183      0.00990586      0.00002439
VJTU     1  Mu1.0002  In1.016                       0.03735239      0.00058489     -0.00183327     -0.00000107
VJTU     1  Mu1.0003  In1.016                       0.17587600     -0.00642686      0.02827889     -0.00018174
VJTU     1  Mu1.0004  In1.016                       0.25126527      0.00000022     -0.00000077     -0.00000000
VJTU     1  Mu1.0005  In1.016                       0.26606219     -0.00454246      0.01427064     -0.00006482
VJTU     1  Mu1.0006  In1.016                       0.29491584     -0.00022982      0.00065012     -0.00000015
VJTU     1  Mu1.0001  In1.017                      -0.21414283     -0.00006157     -0.00023261      0.00000001
VJTU     1  Mu1.0002  In1.017                       0.01494314      0.01073254     -0.01627786     -0.00017470
VJTU     1  Mu1.0003  In1.017                       0.15346674      0.00011400     -0.00064026     -0.00000007
VJTU     1  Mu1.0004  In1.017                       0.22885601      0.00000028     -0.00000117     -0.00000000
VJTU     1  Mu1.0005  In1.017                       0.24365294     -0.00017570      0.00063278     -0.00000011
VJTU     1  Mu1.0006  In1.017                       0.27250658      0.00054018     -0.00165210     -0.00000089
ATVX     1  Mu1.0001  Se1.028                      -0.02273248      0.00002801      0.00005732      0.00000000
ATVX     1  Mu1.0002  Se1.028                       0.00565568      0.00015703     -0.00009574     -0.00000002
ATVX     1  Mu1.0003  Se1.028                       0.08105251     -0.00000000     -0.00000004      0.00000000
ATVX     1  Mu1.0004  Se1.028                       0.21545495      0.00052489     -0.00197235     -0.00000104
ATVX     1  Mu1.0005  Se1.028                       0.22752851     -0.00000002      0.00000012     -0.00000000
ATVX     1  Mu1.0006  Se1.028                       0.24853699      0.00005287     -0.00020422     -0.00000001
ATVX     1  Mu1.0007  Se1.028                       0.25951592     -0.00000023      0.00000071     -0.00000000
ATVX     1  Mu1.0001  Se1.029                       0.01285993     -0.00089361      0.00113060     -0.00000101
ATVX     1  Mu1.0002  Se1.029                       0.04124809     -0.00004582      0.00015754     -0.00000001
ATVX     1  Mu1.0003  Se1.029                       0.11664492     -0.00000006      0.00000025     -0.00000000
ATVX     1  Mu1.0004  Se1.029                       0.25104735      0.00000365     -0.00001120     -0.00000000
ATVX     1  Mu1.0005  Se1.029                       0.26312092     -0.00000000      0.00000001     -0.00000000
ATVX     1  Mu1.0006  Se1.029                       0.28412939      0.00014008     -0.00043354     -0.00000006
ATVX     1  Mu1.0007  Se1.029                       0.29510832     -0.00000005      0.00000022     -0.00000000
ATVX     1  Mu1.0001  Se1.030                       0.03325268      0.00000619     -0.00002377     -0.00000000
ATVX     1  Mu1.0002  Se1.030                       0.06164084      0.00057335     -0.00244362     -0.00000140
ATVX     1  Mu1.0003  Se1.030                       0.13703767     -0.00000000      0.00000001     -0.00000000
ATVX     1  Mu1.0004  Se1.030                       0.27144011      0.00010550     -0.00039505     -0.00000004
ATVX     1  Mu1.0005  Se1.030                       0.28351367      0.00000003     -0.00000008     -0.00000000
ATVX     1  Mu1.0001  Se1.031                       0.04701791     -0.00020815      0.00077104     -0.00000016
ATVX     1  Mu1.0002  Se1.031                       0.07540607     -0.00008425      0.00040353     -0.00000003
ATVX     1  Mu1.0003  Se1.031                       0.15080290      0.00000000     -0.00000002     -0.00000000
ATVX     1  Mu1.0004  Se1.031                       0.28520533      0.00000056     -0.00000570     -0.00000000
ATVX     1  Mu1.0005  Se1.031                       0.29727890      0.00000001     -0.00000003     -0.00000000
ATVX     1  Mu1.0001  Se1.032                       0.15385526     -0.00008426      0.00040190     -0.00000003
ATVX     1  Mu1.0002  Se1.032                       0.18224342     -0.00040140      0.00159138     -0.00000064
ATVX     1  Mu1.0003  Se1.032                       0.25764025      0.00000018     -0.00000063     -0.00000000
ATVX     1  Mu1.0001  Se1.033                       0.19284336      0.00079309     -0.00327550     -0.00000260
ATVX     1  Mu1.0002  Se1.033                       0.22123152      0.00000454     -0.00002569     -0.00000000
ATVX     1  Mu1.0003  Se1.033                       0.29662835      0.00000013     -0.00000043     -0.00000000
ATVX     1  Mu1.0001  Se1.034                       0.25207866      0.00001019     -0.00002642     -0.00000000
ATVX     1  Mu1.0002  Se1.034                       0.28046682      0.00442344     -0.01392267     -0.00006159
ATVX     1  Mu1.0001  Se1.035                       0.29170530      0.00022497     -0.00068974     -0.00000016
--

   (Skipping property calculation,
    use PROP keyword to activate)
--

  Total CASPT2 energies:

  State-specific CASPT2 energies obtained using
  rotated states do not have a well-defined physical
  meaning, however they can be extracted from the
  diagonal of the effective Hamiltonian.

++ Multi-State CASPT2 section:
********************************************************************************
  MULTI-STATE CASPT2 SECTION
--------------------------------------------------------------------------------

  Output diagonal energies have been shifted. Add   -551.00000000000000     

  Effective Hamiltonian matrix (Symmetric):

                1               2               3               4               5
   1        -0.65931559
   2        -0.00006756     -0.65429284
   3         0.00062745     -0.00561932     -0.53155125
   4        -0.00000001      0.00000015     -0.00000005     -0.55371507
   5         0.03547548      0.00009858     -0.00038018     -0.00000017     -0.47823716
   6        -0.00000021     -0.00000010     -0.00000013     -0.00032827     -0.00000001
   7        -0.00019775      0.01556038      0.01583990     -0.00000011      0.00022208
   8         0.00953680     -0.00131133      0.00446813      0.00000003     -0.01095601
   9        -0.00037912     -0.00795729      0.02159881     -0.00000041      0.00067895
  10         0.00000025     -0.00000014     -0.00000030      0.00000416      0.00000032

                6               7               8               9              10
   6        -0.50610256
   7        -0.00000003     -0.46044257
   8         0.00000003      0.00122492     -0.42801482
   9         0.00000007      0.01174538     -0.00053549     -0.42508895
  10         0.00669144      0.00000013     -0.00000018     -0.00000011     -0.40181363

       Total XMS-CASPT2 energies:
::    XMS-CASPT2 Root  1     Total energy:   -551.66656729
::    XMS-CASPT2 Root  2     Total energy:   -551.65618376
::    XMS-CASPT2 Root  3     Total energy:   -551.55371735
::    XMS-CASPT2 Root  4     Total energy:   -551.53788027
::    XMS-CASPT2 Root  5     Total energy:   -551.50652787
::    XMS-CASPT2 Root  6     Total energy:   -551.47330720
::    XMS-CASPT2 Root  7     Total energy:   -551.46166269
::    XMS-CASPT2 Root  8     Total energy:   -551.42551739
::    XMS-CASPT2 Root  9     Total energy:   -551.41582458
::    XMS-CASPT2 Root 10     Total energy:   -551.40138604

       Eigenvectors:
           -0.98107063      0.00121149      0.00000056     -0.00273965     -0.00000100
            0.00074700      0.99454050      0.00000138      0.05592926     -0.00000026
            0.00408923      0.04958354     -0.00000126     -0.96938337     -0.00000327
            0.00000020     -0.00000137      0.99997586     -0.00000198     -0.00694799
            0.18759962     -0.00038891      0.00000200      0.00002709      0.00000215
           -0.00000133      0.00000065      0.00694088     -0.00000356      0.99794043
           -0.00167123     -0.08514141      0.00000068      0.16016779      0.00000211
            0.04776805      0.00521231     -0.00000003      0.03938986      0.00000007
           -0.00222166      0.03395330      0.00000341      0.17307516     -0.00000047
            0.00000076      0.00000064     -0.00033315     -0.00000189     -0.06377007

            0.19332562      0.00362883      0.01006528      0.00147134      0.00000140
           -0.00303866      0.08661516     -0.00225199     -0.01562272     -0.00000021
            0.00192297      0.09674857      0.02497193      0.21870769     -0.00000419
           -0.00000197      0.00000047      0.00000076     -0.00000305     -0.00011016
            0.96172870      0.03091637     -0.19728117     -0.00290617      0.00000602
           -0.00000212     -0.00000198      0.00000098      0.00000106      0.06377084
           -0.02618651      0.93067418      0.01213079      0.31639707     -0.00000080
            0.19230371     -0.03969776      0.97552758      0.07699867     -0.00000913
           -0.00487035     -0.33828714     -0.09246051      0.91971537     -0.00000836
           -0.00000423     -0.00000209      0.00000938      0.00000953      0.99796456

       In terms of the input states:
           -0.99562210      0.08599493     -0.00000023     -0.00055598     -0.00000049
            0.08625341      0.99576923      0.00000192      0.02541275     -0.00000179
            0.00335865      0.02471708     -0.00004528     -0.99835606      0.00000707
           -0.00000024     -0.00000083      0.99957854     -0.00004545     -0.02894862
           -0.03520282      0.00651987      0.00000162     -0.01146397      0.00007570
            0.00000214      0.00000168      0.02873720      0.00000590      0.99732546
           -0.00671706      0.01710393      0.00000018     -0.02421949     -0.00003118
            0.00047945     -0.00932108      0.00000001     -0.00838624      0.00000153
           -0.00105562      0.00395513     -0.00000054     -0.04301993      0.00000247
           -0.00000060     -0.00000006      0.00411370      0.00000197      0.06711107

           -0.03413967     -0.01295494     -0.00267100     -0.00084440     -0.00000062
           -0.00207007     -0.01628134      0.00918870     -0.00209372      0.00000006
           -0.00738860     -0.02721325     -0.00852194     -0.04236951      0.00000035
            0.00000035     -0.00000218     -0.00000031     -0.00000122     -0.00217412
            0.98380348      0.13400333      0.11259305     -0.00913540     -0.00000524
           -0.00007873      0.00002106     -0.00001012     -0.00000055     -0.06720187
           -0.13495829      0.98988375     -0.00694172     -0.03072421      0.00000507
           -0.11247797     -0.00787949      0.99339700      0.01707560      0.00000130
            0.00642540      0.03062187     -0.01651741      0.99843914      0.00002914
            0.00000049     -0.00000379     -0.00000086     -0.00002910      0.99773703

--

  THE ORIGINAL CI ARRAYS ARE NOW MIXED AS LINEAR
  COMBINATIONS, GIVEN BY THE EIGENVECTORS.
  A NEW JOBIPH FILE NAMED 'JOBMIX' IS PREPARED.
********************************************************************************

++ Mixed CI coefficients:
  The CI coefficients for the MIXED state nr.   1
--------------------------------------------------------------------------------
 CI COEFFICIENTS LARGER THAN  5.00E-02
  Occupation of active orbitals, and spin coupling
  of open shells. (u,d: Spin up or down).
  SGUGA info is (Midvert:IsyUp:UpperWalk/LowerWalk)
        Conf  SGUGA info        Occupation     Coefficient         Weight
           1  ( 1:1:   1/   1)   2222u00000      -0.926779       0.858920
           9  ( 2:1:   4/   1)   22220000u0      -0.051419       0.002644
          11  ( 2:1:   1/   2)   222udu0000      -0.088183       0.007776
          21  ( 2:1:   1/   4)   2u22du0000      -0.129872       0.016867
          34  ( 2:1:   4/   6)   22202000u0       0.098330       0.009669
          44  ( 2:1:   4/   8)   2u2d2000u0      -0.064043       0.004102
          81  ( 3:1:   1/   1)   222uud0000       0.117121       0.013717
         140  ( 4:1:  10/   1)   222u0d00u0       0.084659       0.007167
         231  ( 4:1:   1/   5)   2220u20000      -0.069061       0.004769
         246  ( 4:1:  16/   5)   2220u00020      -0.073994       0.005475
         296  ( 4:1:  16/   7)   2u2du00020       0.058809       0.003458
         339  ( 4:1:   9/   9)   2202u00200      -0.057406       0.003295
         388  ( 4:1:   8/  11)   u2d2u0ud00      -0.061032       0.003725
         406  ( 4:1:   1/  12)   2022u20000      -0.050088       0.002509
         464  ( 4:1:   9/  14)   0222u00200      -0.053036       0.002813

  The CI coefficients for the MIXED state nr.   2
--------------------------------------------------------------------------------
 CI COEFFICIENTS LARGER THAN  5.00E-02
  Occupation of active orbitals, and spin coupling
  of open shells. (u,d: Spin up or down).
  SGUGA info is (Midvert:IsyUp:UpperWalk/LowerWalk)
        Conf  SGUGA info        Occupation     Coefficient         Weight
           2  ( 1:1:   1/   2)   222u200000      -0.918933       0.844438
           4  ( 1:1:   1/   4)   2u22200000      -0.115747       0.013397
          14  ( 2:1:   4/   2)   222ud000u0       0.133279       0.017763
          24  ( 2:1:   4/   4)   2u22d000u0      -0.060792       0.003696
          41  ( 2:1:   1/   8)   2u2d2u0000       0.114929       0.013209
         106  ( 3:1:   1/   6)   2u2u2d0000       0.074468       0.005545
         131  ( 4:1:   1/   1)   222u020000       0.131028       0.017168
         146  ( 4:1:  16/   1)   222u000020       0.084327       0.007111
         243  ( 4:1:  13/   5)   2220uu00d0      -0.067002       0.004489
         515  ( 4:1:  10/  16)   2u2udd00u0      -0.069300       0.004802
         518  ( 4:1:  13/  16)   2u2udu00d0      -0.090931       0.008268
         714  ( 4:1:   9/  24)   220u200200      -0.055959       0.003131
         763  ( 4:1:   8/  26)   u2du20ud00      -0.059985       0.003598
         781  ( 4:1:   1/  27)   202u220000      -0.052383       0.002744
         839  ( 4:1:   9/  29)   022u200200      -0.059866       0.003584

  The CI coefficients for the MIXED state nr.   3
--------------------------------------------------------------------------------
 CI COEFFICIENTS LARGER THAN  5.00E-02
  Occupation of active orbitals, and spin coupling
  of open shells. (u,d: Spin up or down).
  SGUGA info is (Midvert:IsyUp:UpperWalk/LowerWalk)
        Conf  SGUGA info        Occupation     Coefficient         Weight
           3  ( 1:1:   1/   3)   22u2200000       0.929467       0.863908
          26  ( 2:1:   1/   5)   u222du0000       0.063286       0.004005
          36  ( 2:1:   1/   7)   22ud2u0000      -0.089984       0.008097
          52  ( 2:1:   2/  10)   220220u000      -0.059674       0.003561
          96  ( 3:1:   1/   4)   u222ud0000       0.053561       0.002869
         101  ( 3:1:   1/   5)   22uu2d0000      -0.063286       0.004005
         123  ( 3:1:   3/   9)   u2u2200d00       0.067728       0.004587
         156  ( 4:1:   1/   2)   22u2020000      -0.152878       0.023372
         171  ( 4:1:  16/   2)   22u2000020      -0.057117       0.003262
         268  ( 4:1:  13/   6)   22uduu00d0       0.065691       0.004315
         368  ( 4:1:  13/  10)   2ud2uu00d0      -0.056132       0.003151
         490  ( 4:1:  10/  15)   22uudd00u0       0.060851       0.003703
         493  ( 4:1:  13/  15)   22uudu00d0       0.072699       0.005285
         568  ( 4:1:  13/  18)   2uu2du00d0       0.075804       0.005746
         631  ( 4:1:   1/  21)   22u0220000      -0.058540       0.003427
         646  ( 4:1:  16/  21)   22u0200020      -0.060388       0.003647
        1039  ( 4:1:   9/  37)   02u2200200       0.062200       0.003869
        3134  ( 6:1:   4/   1)   22uuud00d0      -0.061366       0.003766

  The CI coefficients for the MIXED state nr.   4
--------------------------------------------------------------------------------
 CI COEFFICIENTS LARGER THAN  5.00E-02
  Occupation of active orbitals, and spin coupling
  of open shells. (u,d: Spin up or down).
  SGUGA info is (Midvert:IsyUp:UpperWalk/LowerWalk)
        Conf  SGUGA info        Occupation     Coefficient         Weight
           2  ( 1:1:   1/   2)   222u200000      -0.073511       0.005404
           4  ( 1:1:   1/   4)   2u22200000       0.768410       0.590455
           6  ( 2:1:   1/   1)   22220u0000       0.362618       0.131492
          14  ( 2:1:   4/   2)   222ud000u0       0.225671       0.050927
          18  ( 2:1:   3/   3)   22u2d00u00       0.052653       0.002772
          24  ( 2:1:   4/   4)   2u22d000u0       0.058529       0.003426
          31  ( 2:1:   1/   6)   22202u0000      -0.302426       0.091461
          41  ( 2:1:   1/   8)   2u2d2u0000       0.065135       0.004243
         106  ( 3:1:   1/   6)   2u2u2d0000       0.077800       0.006053
         131  ( 4:1:   1/   1)   222u020000      -0.078613       0.006180
         146  ( 4:1:  16/   1)   222u000020       0.076459       0.005846
         181  ( 4:1:   1/   3)   2u22020000      -0.116104       0.013480
         196  ( 4:1:  16/   3)   2u22000020      -0.060611       0.003674
         243  ( 4:1:  13/   5)   2220uu00d0       0.086932       0.007557
         290  ( 4:1:  10/   7)   2u2dud00u0       0.051738       0.002677
         418  ( 4:1:  13/  12)   2022uu00d0      -0.062030       0.003848
         518  ( 4:1:  13/  16)   2u2udu00d0       0.052478       0.002754
         656  ( 4:1:   1/  22)   2u20220000      -0.055461       0.003076
         671  ( 4:1:  16/  22)   2u20200020      -0.061412       0.003771
        3144  ( 6:1:   4/   2)   2u2uud00d0      -0.073021       0.005332

  The CI coefficients for the MIXED state nr.   5
--------------------------------------------------------------------------------
 CI COEFFICIENTS LARGER THAN  5.00E-02
  Occupation of active orbitals, and spin coupling
  of open shells. (u,d: Spin up or down).
  SGUGA info is (Midvert:IsyUp:UpperWalk/LowerWalk)
        Conf  SGUGA info        Occupation     Coefficient         Weight
           5  ( 1:1:   1/   5)   u222200000      -0.923372       0.852615
           8  ( 2:1:   3/   1)   2222000u00      -0.050506       0.002551
          16  ( 2:1:   1/   3)   22u2du0000      -0.111298       0.012387
          29  ( 2:1:   4/   5)   u222d000u0      -0.063795       0.004070
          33  ( 2:1:   3/   6)   2220200u00       0.062945       0.003962
          46  ( 2:1:   1/   9)   u22d2u0000       0.057673       0.003326
          86  ( 3:1:   1/   2)   22u2ud0000      -0.079279       0.006285
         111  ( 3:1:   1/   7)   u22u2d0000       0.052055       0.002710
         206  ( 4:1:   1/   4)   u222020000       0.141516       0.020027
         318  ( 4:1:  13/   8)   u22duu00d0      -0.066767       0.004458
         443  ( 4:1:  13/  13)   ud22uu00d0       0.050211       0.002521
         540  ( 4:1:  10/  17)   u22udd00u0      -0.056559       0.003199
         543  ( 4:1:  13/  17)   u22udu00d0      -0.069251       0.004796
         618  ( 4:1:  13/  20)   uu22du00d0       0.069719       0.004861
         681  ( 4:1:   1/  23)   u220220000       0.068553       0.004699
         696  ( 4:1:  16/  23)   u220200020       0.064789       0.004198
         921  ( 4:1:  16/  32)   uu2d200020      -0.050615       0.002562
         964  ( 4:1:   9/  34)   u202200200       0.056772       0.003223
        3154  ( 6:1:   4/   3)   u22uud00d0       0.060882       0.003707

  The CI coefficients for the MIXED state nr.   6
--------------------------------------------------------------------------------
 CI COEFFICIENTS LARGER THAN  5.00E-02
  Occupation of active orbitals, and spin coupling
  of open shells. (u,d: Spin up or down).
  SGUGA info is (Midvert:IsyUp:UpperWalk/LowerWalk)
        Conf  SGUGA info        Occupation     Coefficient         Weight
           1  ( 1:1:   1/   1)   2222u00000       0.178896       0.032004
           9  ( 2:1:   4/   1)   22220000u0      -0.121640       0.014796
          11  ( 2:1:   1/   2)   222udu0000      -0.788154       0.621187
          21  ( 2:1:   1/   4)   2u22du0000      -0.231451       0.053570
          34  ( 2:1:   4/   6)   22202000u0       0.210843       0.044455
          44  ( 2:1:   4/   8)   2u2d2000u0      -0.079945       0.006391
          81  ( 3:1:   1/   1)   222uud0000       0.288579       0.083278
          87  ( 3:1:   2/   2)   22u2u0d000      -0.062613       0.003920
          91  ( 3:1:   1/   3)   2u22ud0000       0.075352       0.005678
          98  ( 3:1:   3/   4)   u222u00d00      -0.094523       0.008935
         109  ( 3:1:   4/   6)   2u2u2000d0      -0.082537       0.006812
         140  ( 4:1:  10/   1)   222u0d00u0       0.069776       0.004869
         143  ( 4:1:  13/   1)   222u0u00d0      -0.093848       0.008807
         231  ( 4:1:   1/   5)   2220u20000       0.080322       0.006452
         246  ( 4:1:  16/   5)   2220u00020      -0.064777       0.004196
         281  ( 4:1:   1/   7)   2u2du20000      -0.157606       0.024840
        1139  ( 5:1:   9/   1)   22200200u0      -0.060447       0.003654
        1588  ( 5:1:  18/  12)   2u20du0020       0.061721       0.003809
        1736  ( 5:1:   6/  16)   u2duduud00      -0.052520       0.002758
        1857  ( 5:1:   7/  19)   022udu0200      -0.050317       0.002532

  The CI coefficients for the MIXED state nr.   7
--------------------------------------------------------------------------------
 CI COEFFICIENTS LARGER THAN  5.00E-02
  Occupation of active orbitals, and spin coupling
  of open shells. (u,d: Spin up or down).
  SGUGA info is (Midvert:IsyUp:UpperWalk/LowerWalk)
        Conf  SGUGA info        Occupation     Coefficient         Weight
           4  ( 1:1:   1/   4)   2u22200000      -0.257100       0.066101
           6  ( 2:1:   1/   1)   22220u0000       0.791368       0.626264
          14  ( 2:1:   4/   2)   222ud000u0      -0.276753       0.076592
          24  ( 2:1:   4/   4)   2u22d000u0       0.054477       0.002968
          31  ( 2:1:   1/   6)   22202u0000       0.130379       0.016999
          41  ( 2:1:   1/   8)   2u2d2u0000       0.102483       0.010503
          66  ( 2:1:   1/  13)   20222u0000      -0.187174       0.035034
          88  ( 3:1:   3/   2)   22u2u00d00       0.111266       0.012380
          94  ( 3:1:   4/   3)   2u22u000d0       0.163911       0.026867
          97  ( 3:1:   2/   4)   u222u0d000       0.090004       0.008101
         131  ( 4:1:   1/   1)   222u020000      -0.113991       0.012994
         146  ( 4:1:  16/   1)   222u000020       0.063438       0.004024
         158  ( 4:1:   3/   2)   22u20ud000      -0.056754       0.003221
         212  ( 4:1:   7/   4)   u2220u0d00      -0.073843       0.005453
         240  ( 4:1:  10/   5)   2220ud00u0      -0.050173       0.002517
         293  ( 4:1:  13/   7)   2u2duu00d0      -0.089915       0.008085
         656  ( 4:1:   1/  22)   2u20220000       0.065647       0.004309
        1148  ( 5:1:  18/   1)   22200u0020       0.097682       0.009542

  The CI coefficients for the MIXED state nr.   8
--------------------------------------------------------------------------------
 CI COEFFICIENTS LARGER THAN  5.00E-02
  Occupation of active orbitals, and spin coupling
  of open shells. (u,d: Spin up or down).
  SGUGA info is (Midvert:IsyUp:UpperWalk/LowerWalk)
        Conf  SGUGA info        Occupation     Coefficient         Weight
           9  ( 2:1:   4/   1)   22220000u0      -0.546205       0.298340
          11  ( 2:1:   1/   2)   222udu0000       0.290245       0.084242
          34  ( 2:1:   4/   6)   22202000u0      -0.108499       0.011772
          38  ( 2:1:   3/   7)   22ud200u00      -0.052433       0.002749
          44  ( 2:1:   4/   8)   2u2d2000u0      -0.085748       0.007353
          69  ( 2:1:   4/  13)   20222000u0       0.165841       0.027503
          81  ( 3:1:   1/   1)   222uud0000       0.556205       0.309364
          91  ( 3:1:   1/   3)   2u22ud0000      -0.198161       0.039268
         103  ( 3:1:   3/   5)   22uu200d00       0.084800       0.007191
         109  ( 3:1:   4/   6)   2u2u2000d0       0.111131       0.012350
         112  ( 3:1:   2/   7)   u22u20d000       0.067846       0.004603
         140  ( 4:1:  10/   1)   222u0d00u0      -0.051477       0.002650
         143  ( 4:1:  13/   1)   222u0u00d0      -0.171074       0.029266
         190  ( 4:1:  10/   3)   2u220d00u0       0.124000       0.015376
         231  ( 4:1:   1/   5)   2220u20000       0.170344       0.029017
         246  ( 4:1:  16/   5)   2220u00020      -0.110194       0.012143
         506  ( 4:1:   1/  16)   2u2ud20000      -0.139493       0.019458
         665  ( 4:1:  10/  22)   2u202d00u0      -0.067203       0.004516
        1139  ( 5:1:   9/   1)   22200200u0       0.092979       0.008645

  The CI coefficients for the MIXED state nr.   9
--------------------------------------------------------------------------------
 CI COEFFICIENTS LARGER THAN  5.00E-02
  Occupation of active orbitals, and spin coupling
  of open shells. (u,d: Spin up or down).
  SGUGA info is (Midvert:IsyUp:UpperWalk/LowerWalk)
        Conf  SGUGA info        Occupation     Coefficient         Weight
           2  ( 1:1:   1/   2)   222u200000       0.060511       0.003662
           4  ( 1:1:   1/   4)   2u22200000      -0.304993       0.093021
           6  ( 2:1:   1/   1)   22220u0000       0.102665       0.010540
          18  ( 2:1:   3/   3)   22u2d00u00      -0.081407       0.006627
          24  ( 2:1:   4/   4)   2u22d000u0       0.101730       0.010349
          31  ( 2:1:   1/   6)   22202u0000      -0.662620       0.439065
          66  ( 2:1:   1/  13)   20222u0000       0.213553       0.045605
          84  ( 3:1:   4/   1)   222uu000d0      -0.427219       0.182516
          88  ( 3:1:   3/   2)   22u2u00d00       0.094493       0.008929
          94  ( 3:1:   4/   3)   2u22u000d0      -0.117541       0.013816
          97  ( 3:1:   2/   4)   u222u0d000       0.051153       0.002617
         113  ( 3:1:   3/   7)   u22u200d00      -0.077752       0.006045
         131  ( 4:1:   1/   1)   222u020000       0.102494       0.010505
         146  ( 4:1:  16/   1)   222u000020      -0.088042       0.007751
         181  ( 4:1:   1/   3)   2u22020000       0.127029       0.016136
         240  ( 4:1:  10/   5)   2220ud00u0       0.089571       0.008023
         243  ( 4:1:  13/   5)   2220uu00d0       0.151619       0.022988
         515  ( 4:1:  10/  16)   2u2udd00u0      -0.090908       0.008264
         518  ( 4:1:  13/  16)   2u2udu00d0       0.095960       0.009208
         656  ( 4:1:   1/  22)   2u20220000      -0.072616       0.005273
         671  ( 4:1:  16/  22)   2u20200020       0.068575       0.004702
         687  ( 4:1:   7/  23)   u2202u0d00      -0.059307       0.003517
        1148  ( 5:1:  18/   1)   22200u0020      -0.067758       0.004591

  The CI coefficients for the MIXED state nr.  10
--------------------------------------------------------------------------------
 CI COEFFICIENTS LARGER THAN  5.00E-02
  Occupation of active orbitals, and spin coupling
  of open shells. (u,d: Spin up or down).
  SGUGA info is (Midvert:IsyUp:UpperWalk/LowerWalk)
        Conf  SGUGA info        Occupation     Coefficient         Weight
           5  ( 1:1:   1/   5)   u222200000      -0.059829       0.003579
          16  ( 2:1:   1/   3)   22u2du0000       0.796592       0.634558
          39  ( 2:1:   4/   7)   22ud2000u0      -0.168044       0.028239
          46  ( 2:1:   1/   9)   u22d2u0000       0.067931       0.004615
          59  ( 2:1:   4/  11)   2ud22000u0       0.140486       0.019736
          71  ( 2:1:   1/  14)   ud222u0000      -0.079009       0.006242
          86  ( 3:1:   1/   2)   22u2ud0000      -0.432043       0.186661
         104  ( 3:1:   4/   5)   22uu2000d0       0.100739       0.010148
         119  ( 3:1:   4/   8)   2uu22000d0       0.083384       0.006953
         165  ( 4:1:  10/   2)   22u20d00u0      -0.096198       0.009254
         168  ( 4:1:  13/   2)   22u20u00d0       0.056831       0.003230
         256  ( 4:1:   1/   6)   22udu20000       0.050170       0.002517
         333  ( 4:1:   3/   9)   2202uud000       0.063949       0.004089
         356  ( 4:1:   1/  10)   2ud2u20000       0.072564       0.005266
         640  ( 4:1:  10/  21)   22u02d00u0       0.050001       0.002500
        1179  ( 5:1:   9/   2)   22ud0200u0       0.063195       0.003994
        1339  ( 5:1:   9/   6)   2ud20200u0      -0.065423       0.004280
        1548  ( 5:1:  18/  11)   22u0du0020      -0.066501       0.004422
        1908  ( 5:1:  18/  20)   2uuddu0020      -0.055577       0.003089
        2177  ( 5:1:   7/  27)   02u2du0200       0.054863       0.003010

--

--- Stop Module: caspt2 at Wed Sep 23 20:53:18 2026 /rc=_RC_ALL_IS_WELL_ ---
*** files: xmldump
    saved to directory /home/adrian/projects/Kallen/runs/thiophene
--- Module caspt2 spent 6 minutes 41 seconds ---

*** symbolic link created: INPORB -> thiophene_dyson.RasOrb
--- Start Module: rassi at Wed Sep 23 20:53:18 2026 ---

()()()()()()()()()()()()()()()()()()()()()()()()()()()()()()()()()()()()()()()()()()()()()()()()()()

                                               &RASSI

                                   only a single process is used
                       available to each process: 2.0 GB of memory, 1 thread?
                                            pid: 2767453
()()()()()()()()()()()()()()()()()()()()()()()()()()()()()()()()()()()()()()()()()()()()()()()()()()


      ********************************************************************************
      *                                                                              *
      *                             General data section                             *
      *                                                                              *
      ********************************************************************************

   Specific data for JOBIPH file JOB001
   -------------------------------------

   Header from SEWARD:
                                                                               
        Integrals generated by Gateway/Seward, Wed Sep 23 20:42:12 2026        

   CASSCF title (first line only):
       thiophene neutral CAS(10,10)                                            

  STATE IRREP:                1
  SPIN MULTIPLICITY:          1
  ACTIVE ELECTRONS:          10
  MAX RAS1 HOLES:             0
  MAX RAS3 ELECTRONS:         0
  NR OF CONFIG:           19404

   Specific data for JOBIPH file JOB002
   -------------------------------------

   Header from SEWARD:
                                                                               
        Integrals generated by Gateway/Seward, Wed Sep 23 20:42:12 2026        

   CASSCF title (first line only):
       thiophene cation CAS(9,10), 10 roots                                    

  STATE IRREP:                1
  SPIN MULTIPLICITY:          2
  ACTIVE ELECTRONS:           9
  MAX RAS1 HOLES:             0
  MAX RAS3 ELECTRONS:         0
  NR OF CONFIG:           27720

   The following data are common to all the states:
   ------------------------------------------------
   (note: frozen counts as inactive, deleted as secondary)

      Nr of irreps: 1

                 Total     No./Irrep 
      Irrep                  1
                             a

      INACTIVE      17      17
      ACTIVE        10      10
      SECONDARY     67      67
      BASIS         94      94

      RAS1           0       0
      RAS2          10      10
      RAS3           0       0

        MATRIX ELEMENTS WILL BE COMPUTED FOR THE FOLLOWING ONE-ELECTRON OPERATORS, UNLESS ZERO BY SYMMETRY.
   (Herm=Hermitian, Anti=Antihermitian, Sing=Singlet operator, Trip=Triplet operator)
     MLTPL  0   1 (HERMSING)     MLTPL  1   1 (HERMSING)     MLTPL  1   2 (HERMSING)
     MLTPL  1   3 (HERMSING)     MLTPL  2   1 (HERMSING)     MLTPL  2   2 (HERMSING)
     MLTPL  2   3 (HERMSING)     MLTPL  2   4 (HERMSING)     MLTPL  2   5 (HERMSING)
     MLTPL  2   6 (HERMSING)     VELOCITY   1 (ANTISING)     VELOCITY   2 (ANTISING)
     VELOCITY   3 (ANTISING)     ANGMOM     1 (ANTISING)     ANGMOM     2 (ANTISING)
     ANGMOM     3 (ANTISING)     MLTPV  2   1 (ANTISING)     MLTPV  2   2 (ANTISING)
     MLTPV  2   3 (ANTISING)     MLTPV  2   4 (ANTISING)     MLTPV  2   5 (ANTISING)
     MLTPV  2   6 (ANTISING)

       EIGENSTATES OF A SPIN-FREE HAMILTONIAN WILL BE COMPUTED BASED ON:

  A Hamiltonian matrix computed by RASSI.

  Nr of states:                   11

   State:        1   2   3   4   5   6   7   8   9  10  11
  JobIph:        1   2   2   2   2   2   2   2   2   2   2
 Root nr:        1   1   2   3   4   5   6   7   8   9  10

  HAMILTONIAN MATRIX FOR THE ORIGINAL STATES:

  Diagonal, with energies
   -551.43118957   -551.12801855   -551.11343000   -550.99945158   -550.99300959
   -550.92144237   -550.91980439   -550.91637937   -550.88134836   -550.85242638
   -550.84477730

      OVERLAP MATRIX FOR THE ORIGINAL STATES:

  Diagonal, with elements
      1.00000000      1.00000000      1.00000000      1.00000000      1.00000000
      1.00000000      1.00000000      1.00000000      1.00000000      1.00000000
      1.00000000

::    RASSI State    1     Total energy:    -551.43118957090542
::    RASSI State    2     Total energy:    -551.12801854606607
::    RASSI State    3     Total energy:    -551.11342999778651
::    RASSI State    4     Total energy:    -550.99945158382855
::    RASSI State    5     Total energy:    -550.99300958615629
::    RASSI State    6     Total energy:    -550.92144236921683
::    RASSI State    7     Total energy:    -550.91980438778432
::    RASSI State    8     Total energy:    -550.91637936713585
::    RASSI State    9     Total energy:    -550.88134836464906
::    RASSI State   10     Total energy:    -550.85242638298496
::    RASSI State   11     Total energy:    -550.84477729713444



      ****************************************************************************************************
      *                                                                                                  *
      *                                         Spin-free section                                        *
      *                                                                                                  *
      *                 Note: index according to input order, order according to energy.                 *
      *                                                                                                  *
      ****************************************************************************************************



  SPIN-FREE ENERGIES:
  (Shifted by EMIN (a.u.) =       -551.4311895709)

 SF State       Relative EMIN(au)   Rel lowest level(eV)    D:o, cm**(-1)

     1             0.0000000000        0.0000000000              0.0000
     2             0.3031710248        8.2497038555          66538.3489
     3             0.3177595731        8.6466784775          69740.1652
     4             0.4317379871       11.7481891234          94755.5356
     5             0.4381799847       11.9234848103          96169.3906
     6             0.5097472017       13.8709279930         111876.5792
     7             0.5113851831       13.9154997384         112236.0746
     8             0.5148102038       14.0086992981         112987.7797
     9             0.5498412063       14.9619414374         120676.1961
    10             0.5787631879       15.7489486515         127023.8373
    11             0.5864122738       15.9570908810         128702.6176

++ Dipole transition strengths (spin-free states):
   -----------------------------------------------
     for osc. strength at least  1.00000000E-05

      From   To        Osc. strength     Einstein coefficients Ax, Ay, Az (sec-1)    Total A (sec-1)
     -----------------------------------------------------------------------------------------------
         2    3       7.73759505E-04  4.98415149E+03  2.99849315E+02  7.03906478E+00  5.29103987E+03
         2    4       1.00839663E-02  5.33355147E+06  7.13688601E+03  1.48240911E+04  5.35551245E+06
         2    5       1.09119465E-05  1.98687302E+01  3.33147946E+01  6.33736730E+03  6.39055082E+03
         2    6       1.54163111E-01  1.68363416E+06  2.08436362E+08  1.25412811E+06  2.11374124E+08
         2    7       1.19279439E-03  4.98923123E+03  8.48415949E+03  1.64801376E+06  1.66148715E+06
         2    8       7.49906448E-02  1.07594194E+08  8.39382291E+02  3.26996473E+05  1.07922030E+08
         2    9       1.59215449E-03  2.33780856E+04  3.07083236E+06  1.84331546E+04  3.11264360E+06
         2   10       1.03216705E-01  2.43955214E+08  7.48099335E+06  4.44324154E+05  2.51880531E+08
         2   11       2.34961018E-02  1.84844769E+05  3.16625029E+05  6.00632482E+07  6.05647180E+07
         3    4       2.30279811E-02  2.37899262E+05  9.31227432E+06  6.17866880E+04  9.61196027E+06
         3    5       2.86627210E-03  4.05924146E+03  6.99184433E+03  1.32440162E+06  1.33545271E+06
         3    6       4.32514379E-03  2.93333080E+06  2.18873043E+06  1.55168158E+02  5.12221640E+06
         3    7       2.97110870E-05  1.11786966E+02  1.83171550E+02  3.54944913E+04  3.57894498E+04
         3    8       2.69700669E-03  7.54304802E+05  2.58326759E+06  2.71447864E+04  3.36471718E+06
         3    9       5.52374787E-02  9.20767199E+07  3.35797887E+06  1.58341340E+05  9.55930401E+07
         3   10       5.03723979E-02  2.32876426E+05  1.09403941E+08  6.17741025E+05  1.10254558E+08
         3   11       1.20954087E-04  8.56216824E+02  1.43494348E+03  2.78196560E+05  2.80487721E+05
         4    5       2.67673643E-05  1.08238819E-01  1.84846253E-01  3.53978248E+01  3.56909099E+01
         4    6       4.27079535E-03  8.31197307E+05  1.58502619E+03  2.26569570E+03  8.35048029E+05
         4    8       4.89862219E-03  6.21778019E+03  1.07361650E+06  6.33228143E+03  1.08616656E+06
         4    9       1.15918592E-02  4.88526793E+06  3.02968204E+05  6.78658642E+03  5.19502272E+06
         4   10       5.10521776E-04  4.16470685E+04  3.12071802E+05  8.56623934E+02  3.54575494E+05
         5    7       7.51191300E-04  1.24963155E+05  3.80182590E+03  5.78717696E+02  1.29343699E+05
         5   11       4.09087192E-04  2.85288038E+05  2.86317257E+03  6.58901235E+02  2.88810112E+05
         6    8       5.96040445E-05  4.86465408E+01  3.26193052E-01  1.18373159E-01  4.90911070E+01
         6    9       8.40723898E-04  5.40134121E+02  4.26181969E+04  2.65001169E+02  4.34233321E+04
         6   10       9.54293886E-03  1.38179793E+06  7.66475656E+04  2.02376799E+03  1.46046926E+06
         6   11       7.02144127E-04  3.99736669E+02  6.89887964E+02  1.31506932E+05  1.32596557E+05
         7   11       5.98669169E-04  3.67338039E+03  1.03888786E+05  7.14278626E+02  1.08276445E+05
         8    9       1.27326159E-03  4.94479500E+04  6.46075110E+02  1.09435334E+02  5.02034604E+04
         8   10       3.69345544E-03  7.84825862E+04  4.03085283E+05  3.79368796E+03  4.85361558E+05
         8   11       1.25225305E-05  6.16501607E+00  1.04293737E+01  2.04619143E+03  2.06278582E+03
         9   10       7.94169446E-04  2.11750985E+04  1.16168455E+02  5.29462815E+01  2.13442132E+04
         9   11       1.45381738E-05  1.86333379E+00  3.24067039E+00  6.19631252E+02  6.24735256E+02
     -----------------------------------------------------------------------------------------------
--

++ Velocity transition strengths (spin-free states):
   -------------------------------------------------
     for osc. strength at least  1.00000000E-05

      From   To        Osc. strength     Einstein coefficients Ax, Ay, Az (sec-1)    Total A (sec-1)
     -----------------------------------------------------------------------------------------------
         2    3       2.10084536E-03  1.56389568E+02  1.41225535E+04  8.68340599E+01  1.43657771E+04
         2    4       5.96368714E-03  3.14297547E+06  1.63899066E+04  7.90034383E+03  3.16726572E+06
         2    6       1.18325978E-01  2.21126053E+05  1.61119084E+08  8.97369298E+05  1.62237579E+08
         2    7       9.68279379E-03  4.08415940E+04  7.00110525E+04  1.33766667E+07  1.34875194E+07
         2    8       6.18863195E-02  8.87702039E+07  3.51400477E+04  2.57728682E+05  8.90630727E+07
         2    9       6.18847878E-04  9.01426026E+02  1.20284894E+06  6.09006617E+03  1.20984044E+06
         2   10       7.99089337E-02  1.85364047E+08  9.35517155E+06  2.83176671E+05  1.95002395E+08
         2   11       2.99171932E-02  2.35227190E+05  4.03077666E+05  7.64777371E+07  7.71160419E+07
         3    4       1.73314406E-02  8.13856870E+04  7.10897444E+06  4.38441081E+04  7.23420423E+06
         3    5       2.39644302E-03  3.39379367E+03  5.84672879E+03  1.10730955E+06  1.11655007E+06
         3    6       3.72292460E-03  2.22173413E+06  2.18667095E+06  6.10283385E+02  4.40901536E+06
         3    7       1.14643413E-04  4.24362945E+02  7.15999763E+02  1.36957065E+05  1.38097427E+05
         3    8       7.10505520E-04  3.32397745E+05  5.46686230E+05  7.32470002E+03  8.86408675E+05
         3    9       4.82501821E-02  7.99477034E+07  3.42330252E+06  1.29937716E+05  8.35009436E+07
         3   10       4.65009221E-02  1.17007081E+03  1.01248763E+08  5.30780706E+05  1.01780714E+08
         3   11       2.05816693E-04  1.45615008E+03  2.45208604E+03  4.73372494E+05  4.77280730E+05
         4    5       6.07255110E-03  2.46263690E+01  4.23085497E+01  8.03004735E+03  8.09698227E+03
         4    6       4.26784963E-03  8.07790163E+05  2.29881395E+04  3.69376377E+03  8.34472066E+05
         4    7       4.09364870E-05  2.60983127E+01  4.31263324E+01  8.27454751E+03  8.34377216E+03
         4    8       3.97956006E-03  2.28947757E+03  8.75831717E+05  4.26264371E+03  8.82383839E+05
         4    9       8.72959753E-03  3.70658100E+06  2.00199962E+05  5.48684035E+03  3.91226780E+06
         4   10       1.98075252E-04  5.45641780E+02  1.36373866E+05  6.50785462E+02  1.37570293E+05
         4   11       1.51975712E-05  3.56954954E+01  6.01779013E+01  1.15862372E+04  1.16821106E+04
         5    7       5.67433987E-04  6.33070703E+04  3.36547783E+04  7.41640156E+02  9.77034888E+04
         5    8       1.00907476E-03  5.78206585E+02  9.98139279E+02  1.88809370E+05  1.90385716E+05
         5    9       4.23208297E-05  5.07048547E+01  8.91755567E+01  1.68140269E+04  1.69539074E+04
         5   11       4.18220755E-04  2.94360498E+05  1.04663984E+01  8.87322231E+02  2.95258286E+05
         6    7       6.23538364E-02  1.63408283E+01  2.80724992E+01  5.33075428E+03  5.37516761E+03
         6    8       2.71161866E-02  4.68614141E+03  1.76131828E+04  3.41202620E+01  2.23334444E+04
         6    9       1.61941608E-05  3.25469298E+02  5.03941118E+02  7.01688697E+00  8.36427303E+02
         6   10       3.97067446E-03  6.04645499E+05  9.76535850E+02  2.05743259E+03  6.07679467E+05
         6   11       1.31712417E-03  7.59556784E+02  1.30276271E+03  2.46670274E+05  2.48732593E+05
         7    8       3.44249642E-03  3.92804472E+00  6.83555527E+00  1.28674656E+03  1.29751016E+03
         7    9       7.30712078E-04  1.05469915E+02  1.81496953E+02  3.44335283E+04  3.47204951E+04
         7   10       1.59706676E-04  7.19280992E+01  1.22369304E+02  2.31011066E+04  2.32954040E+04
         7   11       1.17272429E-05  2.59000788E+01  2.08173358E+03  1.33777937E+01  2.12101146E+03
         8    9       1.44416557E-04  2.91916015E+03  2.72920541E+03  4.58381682E+01  5.69420373E+03
         8   10       2.69417234E-03  5.09397640E+04  3.00369948E+05  2.73481388E+03  3.54044526E+05
         8   11       4.29774241E-04  2.15292476E+02  3.72457375E+02  7.02072232E+04  7.07949731E+04
         9   10       9.83278423E-04  1.44527683E+02  2.61284958E+04  1.53709964E+02  2.64267335E+04
         9   11       1.02992082E-03  1.34728850E+02  2.31895276E+02  4.38911937E+04  4.42578179E+04
        10   11       5.33543888E-03  3.04580632E+01  5.24888019E+01  9.94703397E+03  1.00299808E+04
     -----------------------------------------------------------------------------------------------
--

++ Length and velocity gauge comparison (spin-free states):
   --------------------------------------------------------

 --------------------------------------------------
 A comparison between the dipole oscillator strengths in 
 length and velocity gauge will be performed

     All dipole oscillator differences above the tolerance of   1.00000000E-01  will be printed 

 Due to basis set deficiency these oscillator may be problematic 

 The tolerance is defined as ABS(1-O_l/O_v) 
 O_l : dipole oscillator strength in length gauge
 O_p : dipole oscillator strength in velocity gauge
 --------------------------------------------------

  Problematic transitions have been found

      From   To       Difference (%) Osc. st. (len.) Osc. st. (vel.)
     ---------------------------------------------------------------
         2    3            63.169136  7.73759505E-04  2.10084536E-03
         2    4            69.089458  1.00839663E-02  5.96368714E-03
         2    5      ---------------  1.09119465E-05 below threshold
         2    6            30.286784  1.54163111E-01  1.18325978E-01
         2    7            87.681299  1.19279439E-03  9.68279379E-03
         2    8            21.174834  7.49906448E-02  6.18863195E-02
         2    9           157.277200  1.59215449E-03  6.18847878E-04
         2   10            29.167917  1.03216705E-01  7.99089337E-02
         2   11            21.462880  2.34961018E-02  2.99171932E-02
         3    4            32.868246  2.30279811E-02  1.73314406E-02
         3    5            19.605268  2.86627210E-03  2.39644302E-03
         3    6            16.175971  4.32514379E-03  3.72292460E-03
         3    7            74.083913  2.97110870E-05  1.14643413E-04
         3    8           279.589830  2.69700669E-03  7.10505520E-04
         3    9            14.481389  5.52374787E-02  4.82501821E-02
         3   11            41.232130  1.20954087E-04  2.05816693E-04
         4    5            99.559207  2.67673643E-05  6.07255110E-03
         4    7      --------------- below threshold  4.09364870E-05
         4    8            23.094566  4.89862219E-03  3.97956006E-03
         4    9            32.788014  1.15918592E-02  8.72959753E-03
         4   10           157.741323  5.10521776E-04  1.98075252E-04
         4   11      --------------- below threshold  1.51975712E-05
         5    7            32.383910  7.51191300E-04  5.67433987E-04
         5    8      --------------- below threshold  1.00907476E-03
         5    9      --------------- below threshold  4.23208297E-05
         6    7      --------------- below threshold  6.23538364E-02
         6    8            99.780190  5.96040445E-05  2.71161866E-02
         6    9          5091.524952  8.40723898E-04  1.61941608E-05
         6   10           140.335463  9.54293886E-03  3.97067446E-03
         6   11            46.691121  7.02144127E-04  1.31712417E-03
         7    8      --------------- below threshold  3.44249642E-03
         7    9      --------------- below threshold  7.30712078E-04
         7   10      --------------- below threshold  1.59706676E-04
         7   11          5004.943896  5.98669169E-04  1.17272429E-05
         8    9           781.659013  1.27326159E-03  1.44416557E-04
         8   10            37.090541  3.69345544E-03  2.69417234E-03
         8   11            97.086254  1.25225305E-05  4.29774241E-04
         9   10            19.232495  7.94169446E-04  9.83278423E-04
         9   11            98.588418  1.45381738E-05  1.02992082E-03
        10   11      --------------- below threshold  5.33543888E-03
     ---------------------------------------------------------------

 Number of problematic transitions =                    40

--

 Electric-dipole - electric-octupole not included
 Electric-dipole - magnetic-quadrupole not included

++ Dyson amplitudes Biorth. corrected(spin-free states):
   -----------------------------------------------
     for Dyson intensities at least  1.00000000E-05

        From      To        BE (eV)           Dyson intensity    
     -----------------------------------------------------------------------------------------------
           1       2          8.250           8.52010E-01
           1       3          8.647           8.87826E-01
           1       4         11.748           5.89300E-01
           1       5         11.923           9.01202E-01
           1       6         13.871           3.75867E-02
           1       7         13.915           8.74924E-01
           1       8         14.009           9.44658E-02
           1       9         14.962           2.43502E-03
           1      10         15.749           1.31286E-01
           1      11         15.957           1.50477E-02
--



      ****************************************************************************************************
      *                                                                                                  *
      *                                    Special properties section                                    *
      *                                                                                                  *
      ****************************************************************************************************


++ I/O STATISTICS
 
  I. General I/O information
  - - - - - - - - - - - - - - - - - - - - - - - - - - - - - - - - - - - - - - - - - - -
  Unit  Name          Flsize      Write/Read            MBytes           Write/Read
                      (MBytes)       Calls              In/Out           Time, sec.
  - - - - - - - - - - - - - - - - - - - - - - - - - - - - - - - - - - - - - - - - - - -
   1  RUNFILE           0.60 .     266/    5508 .      1.9/     39.8 .       0/       0
   2  ANNI              0.00 .       0/       0 .      0.0/      0.0 .       0/       0
   3  ONEINT            2.38 .       0/    8794 .      0.0/   3447.4 .       0/       0
   4  JOB001            1.60 .       0/      39 .      0.0/      1.7 .       0/       0
   5  JOB002            5.04 .       0/      93 .      0.0/      7.6 .       0/       0
   6  ORDINT          162.03 .       2/    1814 .      0.1/    453.1 .       0/       0
  - - - - - - - - - - - - - - - - - - - - - - - - - - - - - - - - - - - - - - - - - - -
   *  TOTAL           171.66 .     268/   16248 .      1.9/   3949.6 .       0/       0
  - - - - - - - - - - - - - - - - - - - - - - - - - - - - - - - - - - - - - - - - - - -
 
  II. I/O Access Patterns
  - - - - - - - - - - - - - - - - - - - -
  Unit  Name               % of random
                         Write/Read calls
  - - - - - - - - - - - - - - - - - - - -
   1  RUNFILE             28.6/  11.2
   2  ANNI                 0.0/   0.0
   3  ONEINT               0.0/  42.1
   4  JOB001               0.0/  82.1
   5  JOB002               0.0/  63.4
   6  ORDINT             100.0/   0.2
  - - - - - - - - - - - - - - - - - - - -
--
--- Stop Module: rassi at Wed Sep 23 20:53:45 2026 /rc=_RC_ALL_IS_WELL_ ---
*** files: thiophene_dyson.DysOrb.SF.1 thiophene_dyson.dys.molden.SF.1 thiophene_dyson.rassi.h5 xmldump
    saved to directory /home/adrian/projects/Kallen/runs/thiophene
--- Module rassi spent 26 seconds ---

.##################.
.# Happy landing! #.
.##################.

    Timing: Wall=693.13 User=677.54 System=14.80
