   This run of MOLCAS is using the pymolcas driver

                             OPE
                             OPE          NMOL  CASOP  ENMOLC A   SO
                 OPE        NMOLC        AS  OP EN  MO LC     AS  OP
                OPENM       OL CA        SO  PE NM  OL CA     SOP EN
                OP EN      MO   LC       AS  OP ENMOL  CASO   PENMOL
                OP  EN     MO   LC       AS  OP EN     MO     LC ASO
               OP   E  NMOL  C  AS       OP  EN MO     LC     AS  OP
               OP  E   NMO   LC AS        OPEN  MO     LCASOP EN   M
               O  PEN   MO  LCA  SO
            OPE   NMO   L   CAS    OP
        OPENMOL  CASOP     ENMOL   CASOPE
     OPENMOLCA   SOPENMOLCASOPEN   MOLCASOPE
    OPENMOLCAS   OP           EN   MOL    CAS
    OPENMOLCAS       OP  ENM        O     LCA
    OPENMOLCAS    OPEN  MOLCASO     P  E  NMO
    OPENMOLCAS     OP               E  N  MOL
    OPENMOLCA   SO           PENM   O  L  CAS    OPEN    MO    LCAS
    OPENMOLCA   SOP           ENM   O  L  CAS   OP  EN  MOLC  AS   O
    OPENMOLCA   SOPE           NM      O  LCA   S      OP  EN MO
    OPENMOLC                AS         O  PEN   M      OL  CA  SOPE
    OPENMO        LCASOPE  NMOL        C  ASO   P      ENMOLC     AS
    OPE     NMO      LCA  SO     P     E   NM   OL  CA SO  PE N   MO
          OPENMOLCA            SOPE   NMO        LCAS  O    P  ENMO
     OPENMOLCASOPENMOLCASOPENMOLCASOPENMOLCA
        OPENMOLCASOPENMOLCASOPENMOLCASOPE
            OPENMOLCASOPENMOLCASOPENM
               OPENMOLCASOPENMOLCA        version: 25.06
                   OPENMOLCASO
                       OPE                tag: 11-g68f4bcacc

 OpenMolcas is free software; you can redistribute it and/or modify it
 under the terms of the GNU Lesser General Public License version 2.1.
 OpenMolcas is distributed in the hope that it will be useful, but it
 is provided "as is" and without any express or implied warranties.
 For more details see the full text of the license in the file
 LICENSE or in <http://www.gnu.org/licenses/>.

                 Copyright (C) The OpenMolcas Authors
           For the author list and the recommended citation,
                   consult the file CONTRIBUTORS.md

           *************************************************
           * pymolcas version py2.29                       *
           *   build c0481229b6f3f65ed2c83878be511d3d      *
           *   (after the EMIL interpreter by V. Veryazov) *
           *************************************************

configuration info
------------------
Host name: Tarhuna (Linux)
C Compiler ID: GNU
C flags: -std=gnu99
Fortran Compiler ID: GNU
Fortran flags: -cpp -fdefault-integer-8 -fmax-stack-var-size=1048576
Definitions: _MOLCAS_;_I8_;_LINUX_
Parallel: OFF (GA=OFF)


   -------------------------------------------------------------------------------------
  |
  |           Project: pyrazine_dyson
  |    Submitted from: /home/adrian/projects/Kallen/runs/pyrazine
  |      Scratch area: /home/adrian/projects/Kallen/runs/pyrazine/scratch_pyrazine_dyson
  |   Save outputs to: /home/adrian/projects/Kallen/runs/pyrazine
  |            Molcas: /home/adrian/programs/molcas/otherversions/OM_latest
  |
  | Scratch area is empty
  |
  |    MOLCAS_DRIVER = /home/adrian/programs/molcas/otherversions/OM_latest/pymolcas
  |    MOLCAS_NPROCS = 1
  |    MOLCAS_SOURCE = /home/adrian/programs/molcas/dev/openmolcas.latest
  | MOLCAS_STRUCTURE = 0
  |
   -------------------------------------------------------------------------------------

++ ---------   Input file   ---------

&GATEWAY
  coord = pyrazine_opt.Opt.xyz
  basis = cc-pVDZ
  group = c1

&SEWARD

&SCF

&RASSCF
  Title    = pyrazine neutral CAS(10,10)
  Spin     = 1
  Charge   = 0
  nActEl   = 10 0 0
  Inactive = 16
  Ras2     = 10
  CIRoot   = 1 1 1

>>> COPY $Project.rasscf.molden pyrazine_neutral.rasscf.molden

>>> COPY $Project.JobIph JOB001

&CASPT2
  Title      = CASPT2 on the neutral reference
  Multistate = 1 1
  Imaginary  = 0.1

&RASSCF
  Title    = pyrazine cation CAS(9,10), 8 roots
  Spin     = 2
  Charge   = 1
  nActEl   = 9 0 0
  Inactive = 16
  Ras2     = 10
  CIRoot   = 8 8 1

>>> COPY $Project.JobIph JOB002

&CASPT2
  Title      = XMS-CASPT2 on the cation doublets
  XMultistate = 8 1 2 3 4 5 6 7 8
  Imaginary  = 0.1

&RASSI
  NrOfJobIphs = 2  1 8
  1
  1 2 3 4 5 6 7 8
  DYSOn
  DYSExport
  1 0

-- ----------------------------------

--- Start Module: gateway at Wed Sep 23 20:58:10 2026 ---

()()()()()()()()()()()()()()()()()()()()()()()()()()()()()()()()()()()()()()()()()()()()()()()()()()

                                              &GATEWAY

                                   only a single process is used
                       available to each process: 2.0 GB of memory, 1 thread?
                                            pid: 2770228
()()()()()()()()()()()()()()()()()()()()()()()()()()()()()()()()()()()()()()()()()()()()()()()()()()


++    Symmetry information:
      ---------------------

                    Character Table for C1 

                             E  
                    a        1  x, y, xy, Rz, z, xz, Ry, yz, Rx, I
--


++    Basis set information:
      ----------------------


      Basis set label: N.CC-PVDZ.........

      Electronic valence basis set:
      ------------------
      Associated Effective Charge   7.000000 au
      Associated Actual Charge      7.000000 au
      Nuclear Model: Point charge

      Shell  nPrim  nBasis  Cartesian Spherical Contaminant
         s       9       3        X                  
         p       4       2        X                  
         d       1       1                 X         


      Basis set label: C.CC-PVDZ.........

      Electronic valence basis set:
      ------------------
      Associated Effective Charge   6.000000 au
      Associated Actual Charge      6.000000 au
      Nuclear Model: Point charge

      Shell  nPrim  nBasis  Cartesian Spherical Contaminant
         s       9       3        X                  
         p       4       2        X                  
         d       1       1                 X         


      Basis set label: N.CC-PVDZ.........

      Electronic valence basis set:
      ------------------
      Associated Effective Charge   7.000000 au
      Associated Actual Charge      7.000000 au
      Nuclear Model: Point charge

      Shell  nPrim  nBasis  Cartesian Spherical Contaminant
         s       9       3        X                  
         p       4       2        X                  
         d       1       1                 X         


      Basis set label: C.CC-PVDZ.........

      Electronic valence basis set:
      ------------------
      Associated Effective Charge   6.000000 au
      Associated Actual Charge      6.000000 au
      Nuclear Model: Point charge

      Shell  nPrim  nBasis  Cartesian Spherical Contaminant
         s       9       3        X                  
         p       4       2        X                  
         d       1       1                 X         


      Basis set label: H.CC-PVDZ.........

      Electronic valence basis set:
      ------------------
      Associated Effective Charge   1.000000 au
      Associated Actual Charge      1.000000 au
      Nuclear Model: Point charge

      Shell  nPrim  nBasis  Cartesian Spherical Contaminant
         s       4       2        X                  
         p       1       1        X                  
--


++    Molecular structure info:
      -------------------------

                    ************************************************ 
                    **** Cartesian Coordinates / bohr, angstrom **** 
                    ************************************************ 

     Center  Label                x              y              z                     x              y              z
        1      N1              -0.047484       2.669250       0.101020             -0.025127       1.412506       0.053457
        2      C2              -2.163366       1.281472       0.074415             -1.144804       0.678126       0.039379
        3      C3              -2.116385      -1.359457      -0.025488             -1.119943      -0.719394      -0.013488
        4      N4               0.047484      -2.669248      -0.101019              0.025127      -1.412505      -0.053457
        5      C5               2.163366      -1.281472      -0.074421              1.144804      -0.678126      -0.039382
        6      C6               2.116386       1.359456       0.025512              1.119943       0.719393       0.013501
        7      H7              -3.960120       2.306620       0.134680             -2.095605       1.220611       0.071269
        8      H8              -3.875513      -2.449393      -0.045264             -2.050833      -1.296163      -0.023953
        9      H9               3.960119      -2.306621      -0.134675              2.095605      -1.220611      -0.071267
       10      H10              3.875514       2.449393       0.045240              2.050834       1.296163       0.023940

                    *************************************** 
                    *    InterNuclear Distances / bohr    * 
                    *************************************** 

               1 N1            2 C2            3 C3            4 N4            5 C5            6 C6    
    1 N1       0.000000
    2 C2       2.530533        0.000000
    3 C3       4.530655        2.643235        0.000000
    4 N4       5.343164        4.530654        2.530531        0.000000
    5 C5       4.530655        5.031048        4.280741        2.530531        0.000000
    6 C6       2.530533        4.280742        5.031048        4.530654        2.643235        0.000000
    7 H7       3.929549        2.069513        4.106717        6.393411        7.100366        6.150851
    8 H8       6.393412        4.106717        2.069512        3.929548        6.150849        7.100366
    9 H9       6.393412        7.100366        6.150849        3.929548        2.069512        4.106717
   10 H10      3.929549        6.150851        7.100366        6.393411        4.106717        2.069513

               7 H7            8 H8            9 H9           10 H10   
    7 H7       0.000000
    8 H8       4.760168        0.000000
    9 H9       9.169772        7.837442        0.000000
   10 H10      7.837445        9.169772        4.760168        0.000000

                    ******************************************* 
                    *    InterNuclear Distances / angstrom    * 
                    ******************************************* 

               1 N1            2 C2            3 C3            4 N4            5 C5            6 C6    
    1 N1       0.000000
    2 C2       1.339100        0.000000
    3 C3       2.397520        1.398740        0.000000
    4 N4       2.827481        2.397519        1.339099        0.000000
    5 C5       2.397520        2.662316        2.265271        1.339099        0.000000
    6 C6       1.339100        2.265271        2.662316        2.397519        1.398740        0.000000
    7 H7       2.079428        1.095139        2.173181        3.383247        3.757352        3.254890
    8 H8       3.383248        2.173181        1.095139        2.079427        3.254889        3.757352
    9 H9       3.383248        3.757352        3.254889        2.079427        1.095139        2.173181
   10 H10      2.079428        3.254890        3.757352        3.383247        2.173181        1.095139

               7 H7            8 H8            9 H9           10 H10   
    7 H7       0.000000
    8 H8       2.518972        0.000000
    9 H9       4.852434        4.147396        0.000000
   10 H10      4.147397        4.852434        2.518972        0.000000

                    ************************************** 
                    *    Valence Bond Angles / degree    * 
                    ************************************** 
                          Atom centers                 Phi
                      2 C2       1 N1       6 C6       115.52
                      1 N1       2 C2       3 C3       122.24
                      1 N1       2 C2       7 H7       117.00
                      3 C3       2 C2       7 H7       120.76
                      2 C2       3 C3       4 N4       122.24
                      2 C2       3 C3       8 H8       120.76
                      4 N4       3 C3       8 H8       117.00
                      3 C3       4 N4       5 C5       115.52
                      4 N4       5 C5       6 C6       122.24
                      4 N4       5 C5       9 H9       117.00
                      6 C6       5 C5       9 H9       120.76
                      1 N1       6 C6       5 C5       122.24
                      1 N1       6 C6      10 H10      117.00
                      5 C5       6 C6      10 H10      120.76

           ***************************************************************
           *              Valence Dihedral Angles / degree               *
           ***************************************************************
                    Atom centers                       Phi1     Phi2     Theta 
           6 C6       1 N1       2 C2       7 H7        115.52   117.00  -180.00
           2 C2       1 N1       6 C6       5 C5        115.52   122.24    -0.00
           2 C2       1 N1       6 C6      10 H10       115.52   117.00  -180.00
           3 C3       2 C2       1 N1       6 C6        122.24   115.52     0.00
           1 N1       2 C2       3 C3       4 N4        122.24   122.24    -0.00
           1 N1       2 C2       3 C3       8 H8        122.24   120.76  -180.00
           7 H7       2 C2       3 C3       8 H8        120.76   120.76     0.00
           4 N4       3 C3       2 C2       7 H7        122.24   120.76   180.00
           2 C2       3 C3       4 N4       5 C5        122.24   115.52     0.00
           5 C5       4 N4       3 C3       8 H8        115.52   117.00   180.00
           3 C3       4 N4       5 C5       6 C6        115.52   122.24    -0.00
           3 C3       4 N4       5 C5       9 H9        115.52   117.00   180.00
           4 N4       5 C5       6 C6      10 H10       122.24   120.76   180.00
           9 H9       5 C5       6 C6      10 H10       120.76   120.76     0.00
           1 N1       6 C6       5 C5       4 N4        122.24   122.24     0.00
           1 N1       6 C6       5 C5       9 H9        122.24   120.76  -180.00
--


            Nuclear Potential Energy            208.13201030 au

--- Stop Module: gateway at Wed Sep 23 20:58:10 2026 /rc=_RC_ALL_IS_WELL_ ---
*** files: xmldump
    saved to directory /home/adrian/projects/Kallen/runs/pyrazine

--- Start Module: seward at Wed Sep 23 20:58:10 2026 ---

()()()()()()()()()()()()()()()()()()()()()()()()()()()()()()()()()()()()()()()()()()()()()()()()()()

                                              &SEWARD

                                   only a single process is used
                       available to each process: 2.0 GB of memory, 1 thread?
                                            pid: 2770231
()()()()()()()()()()()()()()()()()()()()()()()()()()()()()()()()()()()()()()()()()()()()()()()()()()

               SEWARD will generate:
                  Multipole Moment integrals up to order  2
                  Kinetic Energy integrals
                  Nuclear Attraction integrals (point charge)
                  One-Electron Hamiltonian integrals
                  Velocity integrals
                  Orbital angular momentum around (  0.0000   0.0000   0.0000 )
                  Velocity quadrupole around (  0.0000   0.0000   0.0000 )
                  Two-Electron Repulsion integrals

                   Integrals are discarded if absolute value <: 1.00E-14
                   Integral cutoff threshold is set to       <: 1.00E-16

            Nuclear Potential Energy            208.13201030 au


      Basis set specifications :
      Symmetry species         a  
      Basis functions          104


      Input file to MOLDEN was generated!

--- Stop Module: seward at Wed Sep 23 20:58:13 2026 /rc=_RC_ALL_IS_WELL_ ---
*** files: pyrazine_dyson.GssOrb pyrazine_dyson.guessorb.h5 pyrazine_dyson.guessorb.molden xmldump
    saved to directory /home/adrian/projects/Kallen/runs/pyrazine
--- Module seward spent 2 seconds ---

*** symbolic link created: INPORB -> pyrazine_dyson.GssOrb
--- Start Module: scf at Wed Sep 23 20:58:13 2026 ---

()()()()()()()()()()()()()()()()()()()()()()()()()()()()()()()()()()()()()()()()()()()()()()()()()()

                                                &SCF

                                   only a single process is used
                       available to each process: 2.0 GB of memory, 1 thread?
                                            pid: 2770260
()()()()()()()()()()()()()()()()()()()()()()()()()()()()()()()()()()()()()()()()()()()()()()()()()()

++    Input section:
      --------------

      Header of the integral files:
      
       Integrals generated by Gateway/Seward, Wed Sep 23 20:58:10 2026


      Cartesian coordinates in angstrom:
      -----------------------------------------------------
      No.  Label        X            Y            Z        
      -----------------------------------------------------
       1   N1        -0.02512721   1.41250629   0.05345726
       2   C2        -1.14480414   0.67812570   0.03937897
       3   C3        -1.11994296  -0.71939354  -0.01348757
       4   N4         0.02512721  -1.41250539  -0.05345693
       5   C5         1.14480376  -0.67812573  -0.03938212
       6   C6         1.11994346   0.71939295   0.01350053
       7   H7        -2.09560518   1.22061056   0.07126938
       8   H8        -2.05083315  -1.29616302  -0.02395274
       9   H9         2.09560455  -1.22061101  -0.07126679
      10   H10        2.05083367   1.29616319   0.02394003
      -----------------------------------------------------
      Nuclear repulsion energy =  208.13201030
--

++    Orbital specifications:
      -----------------------

      Symmetry species               1
                                     a
      Frozen orbitals                0
      Occupied orbitals             21
      Secondary orbitals            83
      Deleted orbitals               0
      Total number of orbitals     104
      Number of basis functions    104
--

      Molecular charge                           0.000

++    Optimization specifications:
      ----------------------------

      SCF Algorithm: Conventional
      Minimized density differences are used
      Number of density matrices in core                 5
      Maximum number of NDDO SCF iterations            400
      Maximum number of HF SCF iterations              400
      Threshold for SCF energy change             1.00E-09
      Threshold for density matrix                1.00E-04
      Threshold for Fock matrix                   1.50E-04
      Threshold for linear dependence             1.00E-09
      Threshold at which DIIS is turned on        1.50E-01
      Maximum depth in the DIIS procedure                5
      Maximum depth in the BFGS Hessian update          30
      Threshold at which QNR/C2DIIS is turned on  7.50E-02
      Threshold for Norm(delta) (QNR/C2DIIS)      1.00E-03
      All orbitals punched on: SCFORB
--

      Input vectors read from INPORB
      Orbital file label: *Guess orbitals


++ Convergence information
                                   SCF        iterations: Energy and convergence statistics

Iter     Tot. SCF        One-elec.       Two-elec.     Energy      Max Dij or  Max Fij      DNorm      TNorm      AccCon     Time
         Energy          Energy          Energy        Change      Delta Norm                                                in Sec.
   1  -261.998334336  -762.059591483   291.929246844   0.00E+00    3.44E-01*   1.70E-01*    9.56E+00   1.70E+02   None         0.
   2  -262.558050391  -768.537106186   297.847045493  -5.60E-01*   2.73E-01*   9.26E-02*    4.35E+00   1.72E+02   EDIIS        0.
   3  -262.647452173  -766.898957783   296.119495308  -8.94E-02*   1.10E-01*   5.23E-02*    1.75E+00   1.72E+02   EDIIS        0.
   4  -262.692107861  -767.111143256   296.287025092  -4.47E-02*   8.33E-03*   1.66E-02*    4.04E-01   1.72E+02   c2DIIS       0.
   5  -262.701721741  -767.275599362   296.441867318  -9.61E-03*   5.62E-03*   2.46E-03*    9.30E-02   1.72E+02   QNRc2DIIS    0.
   6  -262.701798662  -767.192116635   296.358307670  -7.69E-05*   2.69E-03*   7.75E-04*    1.39E-02   1.72E+02   QNRc2DIIS    0.
   7  -262.701812513  -767.216977657   296.383154842  -1.39E-05*   4.79E-04    1.47E-04     3.53E-03   1.72E+02   QNRc2DIIS    0.
   8  -262.701812946  -767.223950478   296.390127229  -4.33E-07*   1.68E-04    7.82E-05     7.93E-04   1.72E+02   QNRc2DIIS    0.
   9  -262.701813048  -767.221719855   296.387896504  -1.02E-07*   9.11E-05    2.61E-05     1.21E-04   1.72E+02   QNRc2DIIS    0.
  10  -262.701813058  -767.221529306   296.387705945  -1.00E-08*   2.03E-05    4.05E-06     1.01E-04   1.72E+02   QNRc2DIIS    0.
  11  -262.701813059  -767.221552585   296.387729224  -4.28E-10    1.29E-06    3.76E-07     1.40E-04   1.72E+02   QNRc2DIIS    0.

       Convergence after  11 Iterations
--

 *****************************************************************************************************************************
 *                                                                                                                           *
 *                                             SCF/KS-DFT Program, Final results                                             *
 *                                                                                                                           *
 *                                                                                                                           *
 *                                                                                                                           *
 *                                                       Final Results                                                       *
 *                                                                                                                           *
 *****************************************************************************************************************************

::    Total SCF energy                               -262.7018130589
      One-electron energy                            -767.2215525846
      Two-electron energy                             296.3877292236
      Nuclear repulsion energy                        208.1320103021
      Kinetic energy (interpolated)                   262.2392914233
      Virial theorem                                    1.0017637389
      Total spin, S(S+1)                                0.0000000000
      Total spin, S                                     0.0000000000
      Max non-diagonal density matrix element           0.0000015278
      Max non-diagonal Fock matrix element              0.0000001189


      All orbitals with orbital energies smaller than  E(LUMO)+0.5 are printed

++    Molecular orbitals:
      -------------------

      Title: SCF orbitals

      Molecular orbitals for symmetry species 1: a  

          Orbital            1         2         3         4         5         6         7         8         9        10    
          Energy          -15.5964  -15.5964  -11.2907  -11.2906  -11.2895  -11.2895   -1.3056   -1.2187   -1.0507   -0.8992
          Occ. No.          2.0000    2.0000    2.0000    2.0000    2.0000    2.0000    2.0000    2.0000    2.0000    2.0000

        1 N1     1s        -0.7112    0.7049   -0.0000   -0.0000    0.0001   -0.0000   -0.0095    0.0120   -0.0000    0.0010
        2 N1     2s        -0.0050    0.0038    0.0000    0.0009    0.0016   -0.0000    0.4538   -0.5435    0.0000   -0.3631
        3 N1     *s         0.0092   -0.0057   -0.0000   -0.0023   -0.0049    0.0000   -0.0620    0.0527   -0.0000    0.0244
        4 N1     2px       -0.0000    0.0000    0.0002    0.0000    0.0000    0.0003    0.0022   -0.0019    0.1982    0.0004
        5 N1     *px        0.0001   -0.0000   -0.0011   -0.0000   -0.0000   -0.0020   -0.0004    0.0003   -0.0326    0.0001
        6 N1     2py        0.0023   -0.0022    0.0000   -0.0001   -0.0000    0.0000   -0.1234    0.1079    0.0036   -0.0242
        7 N1     *py       -0.0037    0.0028   -0.0000    0.0011    0.0016   -0.0000    0.0250   -0.0179   -0.0006   -0.0030
        8 N1     2pz        0.0001   -0.0001   -0.0000   -0.0000   -0.0000   -0.0000   -0.0047    0.0041   -0.0023   -0.0009
        9 N1     *pz       -0.0001    0.0001    0.0000    0.0000    0.0001    0.0000    0.0009   -0.0007    0.0004   -0.0001
       10 N1     *d2-      -0.0000    0.0000    0.0001   -0.0000   -0.0000    0.0002    0.0001   -0.0002   -0.0181   -0.0002
       11 N1     *d1-      -0.0000    0.0000   -0.0000   -0.0000   -0.0000   -0.0000    0.0006   -0.0005    0.0002    0.0001
       12 N1     *d0        0.0002   -0.0002   -0.0000    0.0003    0.0004   -0.0000   -0.0100    0.0098    0.0000    0.0011
       13 N1     *d1+       0.0000   -0.0000    0.0000    0.0000    0.0000    0.0000   -0.0002    0.0003   -0.0007    0.0001
       14 N1     *d2+      -0.0001    0.0001   -0.0000   -0.0001   -0.0001   -0.0000    0.0014   -0.0042    0.0007   -0.0055
       15 C2     1s        -0.0001    0.0000   -0.5006    0.5005    0.5006   -0.5010   -0.0091    0.0084    0.0126   -0.0060
       16 C2     2s        -0.0003   -0.0001   -0.0040    0.0036    0.0042   -0.0048    0.3058   -0.2186   -0.4424    0.2872
       17 C2     *s        -0.0038    0.0014    0.0025   -0.0023   -0.0021    0.0067   -0.1192    0.0834    0.1271   -0.0602
       18 C2     2px       -0.0001   -0.0001   -0.0004    0.0004    0.0004   -0.0003    0.1159   -0.1189   -0.0063   -0.1616
       19 C2     *px       -0.0027    0.0008    0.0005    0.0005    0.0019    0.0000   -0.0487    0.0550   -0.0098    0.0483
       20 C2     2py        0.0001    0.0001   -0.0002    0.0004    0.0002   -0.0002   -0.0041   -0.1076    0.0813   -0.2402
       21 C2     *py        0.0007    0.0001   -0.0006   -0.0003   -0.0001   -0.0030   -0.0047    0.0446   -0.0062    0.0724
       22 C2     2pz        0.0000    0.0000   -0.0000    0.0000    0.0000   -0.0000   -0.0016   -0.0026    0.0031   -0.0071
       23 C2     *pz        0.0001   -0.0000   -0.0000   -0.0000   -0.0000   -0.0001    0.0004    0.0010   -0.0001    0.0021
       24 C2     *d2-       0.0005   -0.0003   -0.0001    0.0001    0.0001   -0.0000    0.0091   -0.0185   -0.0045   -0.0086
       25 C2     *d1-      -0.0000    0.0000   -0.0000    0.0000    0.0000   -0.0000    0.0004    0.0004   -0.0010    0.0009
       26 C2     *d0       -0.0001    0.0001    0.0001   -0.0003   -0.0007    0.0005   -0.0096    0.0066    0.0089   -0.0027
       27 C2     *d1+       0.0000   -0.0000    0.0000   -0.0000   -0.0000    0.0000    0.0001   -0.0004   -0.0001   -0.0002
       28 C2     *d2+       0.0002   -0.0001    0.0000    0.0002    0.0000    0.0001    0.0025   -0.0148    0.0119   -0.0162
       29 C3     1s         0.0001    0.0000   -0.5005    0.5005   -0.5007    0.5011   -0.0091   -0.0084    0.0126   -0.0060
       30 C3     2s         0.0003   -0.0001   -0.0040    0.0036   -0.0042    0.0048    0.3058    0.2186   -0.4424    0.2872
       31 C3     *s         0.0038    0.0014    0.0025   -0.0023    0.0021   -0.0067   -0.1192   -0.0834    0.1271   -0.0602
       32 C3     2px        0.0001   -0.0001   -0.0004    0.0004   -0.0004    0.0003    0.1157    0.1227   -0.0034   -0.1700
       33 C3     *px        0.0027    0.0009    0.0005    0.0005   -0.0019    0.0001   -0.0488   -0.0565   -0.0100    0.0509
       34 C3     2py        0.0001   -0.0001    0.0002   -0.0004    0.0002   -0.0002    0.0084   -0.1032   -0.0815    0.2341
       35 C3     *py        0.0008   -0.0001    0.0006    0.0003   -0.0002   -0.0030    0.0029    0.0425    0.0058   -0.0706
       36 C3     2pz        0.0000   -0.0000    0.0000   -0.0000    0.0000   -0.0000   -0.0011   -0.0054   -0.0030    0.0109
       37 C3     *pz       -0.0000   -0.0000    0.0000    0.0000    0.0000   -0.0001    0.0007    0.0023    0.0003   -0.0033
       38 C3     *d2-       0.0005    0.0003    0.0001   -0.0001    0.0001   -0.0000   -0.0089   -0.0174    0.0053    0.0074
       39 C3     *d1-      -0.0000   -0.0000   -0.0000    0.0000   -0.0000    0.0000    0.0006    0.0000   -0.0011    0.0007
       40 C3     *d0        0.0001    0.0001    0.0001   -0.0003    0.0007   -0.0005   -0.0095   -0.0066    0.0089   -0.0027
       41 C3     *d1+       0.0000    0.0000    0.0000   -0.0000    0.0000   -0.0000   -0.0006   -0.0010    0.0002    0.0004
       42 C3     *d2+      -0.0002   -0.0001    0.0000    0.0002   -0.0000   -0.0001    0.0032    0.0161    0.0115   -0.0168
       43 N4     1s         0.7052    0.7109   -0.0000   -0.0000   -0.0001    0.0000   -0.0095   -0.0120    0.0000    0.0010
       44 N4     2s         0.0050    0.0039    0.0000    0.0009   -0.0016    0.0000    0.4538    0.5435    0.0000   -0.3631
       45 N4     *s        -0.0091   -0.0058   -0.0000   -0.0023    0.0049   -0.0000   -0.0620   -0.0527   -0.0000    0.0244
       46 N4     2px       -0.0000   -0.0000    0.0002   -0.0000    0.0000   -0.0003   -0.0022   -0.0019    0.1982   -0.0004
       47 N4     *px        0.0001    0.0000   -0.0011    0.0000   -0.0000    0.0020    0.0004    0.0003   -0.0326   -0.0001
       48 N4     2py        0.0023    0.0022    0.0000    0.0001   -0.0000   -0.0000    0.1234    0.1079    0.0036    0.0242
       49 N4     *py       -0.0036   -0.0028   -0.0000   -0.0011    0.0016    0.0000   -0.0250   -0.0179   -0.0006    0.0030
       50 N4     2pz        0.0001    0.0001   -0.0000    0.0000   -0.0000    0.0000    0.0047    0.0041   -0.0023    0.0009
       51 N4     *pz       -0.0001   -0.0001    0.0000   -0.0000    0.0001   -0.0000   -0.0009   -0.0007    0.0004    0.0001
       52 N4     *d2-       0.0000    0.0000   -0.0001   -0.0000    0.0000    0.0002    0.0001    0.0002    0.0181   -0.0002
       53 N4     *d1-       0.0000    0.0000    0.0000   -0.0000    0.0000   -0.0000    0.0006    0.0005   -0.0002    0.0001
       54 N4     *d0       -0.0002   -0.0002    0.0000    0.0003   -0.0004   -0.0000   -0.0100   -0.0098   -0.0000    0.0011
       55 N4     *d1+      -0.0000   -0.0000   -0.0000    0.0000   -0.0000    0.0000   -0.0002   -0.0003    0.0007    0.0001
       56 N4     *d2+       0.0001    0.0001    0.0000   -0.0001    0.0001   -0.0000    0.0014    0.0042   -0.0007   -0.0055
       57 C5     1s         0.0001    0.0000    0.5006    0.5004   -0.5009   -0.5008   -0.0091   -0.0084   -0.0126   -0.0060
       58 C5     2s         0.0003   -0.0001    0.0040    0.0036   -0.0042   -0.0048    0.3058    0.2186    0.4424    0.2872
       59 C5     *s         0.0038    0.0014   -0.0025   -0.0023    0.0021    0.0067   -0.1192   -0.0834   -0.1271   -0.0602
       60 C5     2px       -0.0001    0.0001   -0.0004   -0.0004    0.0004    0.0003   -0.1159   -0.1189   -0.0063    0.1616
       61 C5     *px       -0.0027   -0.0009    0.0005   -0.0005    0.0019   -0.0000    0.0487    0.0550   -0.0098   -0.0483
       62 C5     2py        0.0001   -0.0001   -0.0002   -0.0004    0.0002    0.0002    0.0041   -0.1076    0.0813    0.2402
       63 C5     *py        0.0007   -0.0001   -0.0006    0.0003   -0.0001    0.0030    0.0047    0.0446   -0.0062   -0.0724
       64 C5     2pz        0.0000   -0.0000   -0.0000   -0.0000    0.0000    0.0000    0.0016   -0.0026    0.0031    0.0071
       65 C5     *pz        0.0001    0.0000   -0.0000    0.0000   -0.0000    0.0001   -0.0004    0.0010   -0.0001   -0.0021
       66 C5     *d2-      -0.0005   -0.0003    0.0001    0.0001   -0.0001   -0.0000    0.0091    0.0185    0.0045   -0.0086
       67 C5     *d1-       0.0000    0.0000    0.0000    0.0000   -0.0000   -0.0000    0.0004   -0.0004    0.0010    0.0009
       68 C5     *d0        0.0001    0.0001   -0.0001   -0.0003    0.0007    0.0005   -0.0096   -0.0066   -0.0089   -0.0027
       69 C5     *d1+      -0.0000   -0.0000   -0.0000   -0.0000    0.0000    0.0000    0.0001    0.0004    0.0001   -0.0002
       70 C5     *d2+      -0.0002   -0.0001   -0.0000    0.0002   -0.0000    0.0001    0.0025    0.0148   -0.0119   -0.0162
       71 C6     1s        -0.0001    0.0000    0.5006    0.5005    0.5009    0.5008   -0.0091    0.0084   -0.0126   -0.0060
       72 C6     2s        -0.0003   -0.0001    0.0040    0.0036    0.0042    0.0048    0.3058   -0.2186    0.4424    0.2872
       73 C6     *s        -0.0038    0.0014   -0.0025   -0.0023   -0.0021   -0.0067   -0.1192    0.0834   -0.1271   -0.0602
       74 C6     2px        0.0001    0.0001   -0.0004   -0.0004   -0.0004   -0.0003   -0.1157    0.1227   -0.0034    0.1700
       75 C6     *px        0.0027   -0.0008    0.0005   -0.0005   -0.0019   -0.0001    0.0488   -0.0565   -0.0100   -0.0509
       76 C6     2py        0.0001    0.0001    0.0002    0.0004    0.0002    0.0002   -0.0084   -0.1032   -0.0815   -0.2341
       77 C6     *py        0.0008    0.0001    0.0006   -0.0003   -0.0002    0.0030   -0.0029    0.0425    0.0058    0.0706
       78 C6     2pz        0.0000    0.0000    0.0000    0.0000    0.0000    0.0000    0.0011   -0.0054   -0.0030   -0.0109
       79 C6     *pz       -0.0000    0.0000    0.0000   -0.0000    0.0000    0.0001   -0.0007    0.0023    0.0003    0.0033
       80 C6     *d2-      -0.0005    0.0003   -0.0001   -0.0001   -0.0001   -0.0000   -0.0089    0.0174   -0.0053    0.0074
       81 C6     *d1-       0.0000   -0.0000    0.0000    0.0000    0.0000    0.0000    0.0006   -0.0000    0.0011    0.0007
       82 C6     *d0       -0.0001    0.0001   -0.0001   -0.0003   -0.0007   -0.0005   -0.0095    0.0066   -0.0089   -0.0027
       83 C6     *d1+      -0.0000    0.0000   -0.0000   -0.0000   -0.0000   -0.0000   -0.0006    0.0010   -0.0002    0.0004
       84 C6     *d2+       0.0002   -0.0001   -0.0000    0.0002    0.0000   -0.0001    0.0032   -0.0161   -0.0115   -0.0168
       85 H7     1s         0.0000   -0.0002    0.0005   -0.0002   -0.0001    0.0004    0.0508   -0.0501   -0.1500    0.1425
       86 H7     *s        -0.0007    0.0003   -0.0006    0.0010    0.0011   -0.0002   -0.0260    0.0260    0.0610   -0.0635
       87 H7     *px        0.0002   -0.0001    0.0002   -0.0002   -0.0003    0.0003    0.0060   -0.0072   -0.0104    0.0072
       88 H7     *py        0.0001   -0.0001   -0.0000    0.0000    0.0002   -0.0000   -0.0018   -0.0004    0.0077   -0.0085
       89 H7     *pz        0.0000   -0.0000   -0.0000    0.0000    0.0000   -0.0000   -0.0001    0.0001    0.0004   -0.0004
       90 H8     1s        -0.0000   -0.0002    0.0005   -0.0002    0.0001   -0.0004    0.0508    0.0501   -0.1500    0.1425
       91 H8     *s         0.0007    0.0003   -0.0006    0.0010   -0.0011    0.0002   -0.0260   -0.0260    0.0610   -0.0635
       92 H8     *px       -0.0002   -0.0001    0.0002   -0.0002    0.0003   -0.0003    0.0060    0.0072   -0.0101    0.0069
       93 H8     *py        0.0001    0.0001    0.0000   -0.0000    0.0002   -0.0000    0.0020   -0.0001   -0.0081    0.0088
       94 H8     *pz        0.0000    0.0000   -0.0000    0.0000    0.0000    0.0000    0.0000   -0.0001   -0.0002    0.0002
       95 H9     1s        -0.0000   -0.0002   -0.0005   -0.0002    0.0001    0.0004    0.0508    0.0501    0.1500    0.1425
       96 H9     *s         0.0007    0.0003    0.0006    0.0010   -0.0011   -0.0002   -0.0260   -0.0260   -0.0610   -0.0635
       97 H9     *px        0.0002    0.0001    0.0002    0.0002   -0.0003   -0.0003   -0.0060   -0.0072   -0.0104   -0.0072
       98 H9     *py        0.0001    0.0001   -0.0000   -0.0000    0.0002    0.0000    0.0018   -0.0004    0.0077    0.0085
       99 H9     *pz        0.0000    0.0000   -0.0000   -0.0000    0.0000    0.0000    0.0001    0.0001    0.0004    0.0004
      100 H10    1s         0.0000   -0.0002   -0.0005   -0.0002   -0.0001   -0.0004    0.0508   -0.0501    0.1500    0.1425
      101 H10    *s        -0.0007    0.0003    0.0006    0.0010    0.0011    0.0002   -0.0260    0.0260   -0.0610   -0.0635
      102 H10    *px       -0.0002    0.0001    0.0002    0.0002    0.0003    0.0003   -0.0060    0.0072   -0.0101   -0.0069
      103 H10    *py        0.0001   -0.0001    0.0000    0.0000    0.0002    0.0000   -0.0020   -0.0001   -0.0081   -0.0088
      104 H10    *pz        0.0000   -0.0000   -0.0000   -0.0000    0.0000   -0.0000   -0.0000   -0.0001   -0.0002   -0.0002

          Orbital           11        12        13        14        15        16        17        18        19        20    
          Energy           -0.8850   -0.7215   -0.7000   -0.6716   -0.6050   -0.5705   -0.5461   -0.4985   -0.4322   -0.4086
          Occ. No.          2.0000    2.0000    2.0000    2.0000    2.0000    2.0000    2.0000    2.0000    2.0000    2.0000

        1 N1     1s        -0.0000    0.0001    0.0000    0.0008    0.0000   -0.0000    0.0000    0.0051   -0.0000   -0.0015
        2 N1     2s         0.0000    0.1417   -0.0000   -0.1679    0.0000    0.0000    0.0000    0.2659   -0.0000   -0.1940
        3 N1     *s        -0.0000    0.0257   -0.0000    0.0011    0.0000    0.0000   -0.0000   -0.0090   -0.0000   -0.0430
        4 N1     2px        0.3490   -0.0045   -0.4175   -0.0016   -0.1148    0.0044   -0.3480   -0.0102   -0.0060    0.0089
        5 N1     *px       -0.0582    0.0004    0.0620    0.0003    0.0303   -0.0001    0.0512   -0.0005   -0.0003    0.0011
        6 N1     2py        0.0064    0.2517   -0.0076    0.0903   -0.0021   -0.0134   -0.0063    0.5760    0.0186   -0.5018
        7 N1     *py       -0.0011   -0.0211    0.0011   -0.0182    0.0006    0.0003    0.0009    0.0284    0.0008   -0.0624
        8 N1     2pz       -0.0040    0.0095    0.0048    0.0034    0.0013    0.3574    0.0040    0.0218   -0.4953   -0.0189
        9 N1     *pz        0.0007   -0.0008   -0.0007   -0.0007   -0.0003   -0.0070   -0.0006    0.0011   -0.0226   -0.0024
       10 N1     *d2-      -0.0201    0.0006    0.0179    0.0004    0.0156   -0.0003    0.0194    0.0003    0.0003   -0.0000
       11 N1     *d1-       0.0002   -0.0009   -0.0002   -0.0004   -0.0002   -0.0209   -0.0002   -0.0012    0.0222    0.0008
       12 N1     *d0        0.0000    0.0044   -0.0000   -0.0007   -0.0000   -0.0014   -0.0000    0.0131    0.0015   -0.0128
       13 N1     *d1+      -0.0008   -0.0001    0.0007   -0.0001    0.0006    0.0004    0.0007    0.0002   -0.0004   -0.0003
       14 N1     *d2+       0.0007    0.0170   -0.0006    0.0123   -0.0006   -0.0008   -0.0007    0.0100    0.0008   -0.0003
       15 C2     1s         0.0078   -0.0034    0.0015   -0.0027    0.0029   -0.0000    0.0037   -0.0002    0.0000    0.0028
       16 C2     2s        -0.3463    0.0137   -0.0209    0.2169    0.0824   -0.0000   -0.0239   -0.1733    0.0000    0.0150
       17 C2     *s         0.0337    0.0214   -0.0117   -0.0196   -0.0076   -0.0000   -0.0156    0.0202   -0.0000   -0.0555
       18 C2     2px       -0.0372   -0.2328    0.2039   -0.2574    0.2982    0.0037    0.3405   -0.1079   -0.0028    0.0423
       19 C2     *px       -0.0049    0.0571   -0.0558    0.0568   -0.0493   -0.0003   -0.0631    0.0905   -0.0002   -0.0413
       20 C2     2py       -0.1782    0.2243    0.3554    0.1006   -0.2563   -0.0116    0.0144   -0.0181    0.0087    0.3125
       21 C2     *py        0.0987   -0.0580   -0.1047   -0.0239    0.0635    0.0010   -0.0012    0.0492    0.0007   -0.0786
       22 C2     2pz       -0.0063    0.0113    0.0109    0.0069   -0.0132    0.3097   -0.0036    0.0006   -0.2302    0.0112
       23 C2     *pz        0.0038   -0.0029   -0.0033   -0.0016    0.0030   -0.0272    0.0007    0.0008   -0.0175   -0.0025
       24 C2     *d2-      -0.0121    0.0062    0.0109   -0.0204    0.0032   -0.0008    0.0341    0.0075    0.0007   -0.0098
       25 C2     *d1-      -0.0001   -0.0002   -0.0004    0.0001    0.0005   -0.0054    0.0001    0.0008   -0.0196   -0.0009
       26 C2     *d0        0.0058    0.0039   -0.0018    0.0033   -0.0011   -0.0007   -0.0029    0.0014   -0.0008   -0.0017
       27 C2     *d1+      -0.0003    0.0003    0.0003   -0.0007    0.0003    0.0189    0.0013    0.0006   -0.0238   -0.0008
       28 C2     *d2+      -0.0047   -0.0026    0.0091   -0.0006   -0.0136    0.0000   -0.0076   -0.0253   -0.0010    0.0290
       29 C3     1s        -0.0078   -0.0034    0.0015    0.0027    0.0029   -0.0000   -0.0037    0.0002    0.0000    0.0028
       30 C3     2s         0.3462    0.0137   -0.0209   -0.2169    0.0824   -0.0000    0.0239    0.1733    0.0000    0.0150
       31 C3     *s        -0.0337    0.0214   -0.0117    0.0196   -0.0076    0.0000    0.0156   -0.0202   -0.0000   -0.0555
       32 C3     2px        0.0435   -0.2246    0.2164    0.2536    0.2889    0.0037   -0.3408    0.1084    0.0028    0.0534
       33 C3     *px        0.0014    0.0550   -0.0595   -0.0559   -0.0470   -0.0003    0.0631   -0.0922    0.0002   -0.0441
       34 C3     2py       -0.1768   -0.2327   -0.3477    0.1099    0.2670   -0.0117    0.0020   -0.0142   -0.0087   -0.3107
       35 C3     *py        0.0988    0.0600    0.1026   -0.0260   -0.0653    0.0010    0.0011    0.0459   -0.0007    0.0770
       36 C3     2pz       -0.0072   -0.0060   -0.0157    0.0011    0.0066    0.3097    0.0042   -0.0019    0.2302   -0.0124
       37 C3     *pz        0.0037    0.0016    0.0046   -0.0003   -0.0019   -0.0272   -0.0007    0.0028    0.0175    0.0034
       38 C3     *d2-      -0.0117   -0.0064   -0.0102   -0.0203   -0.0041   -0.0006    0.0345    0.0093   -0.0011    0.0118
       39 C3     *d1-       0.0003   -0.0001   -0.0001    0.0004    0.0006    0.0061   -0.0008   -0.0009   -0.0187   -0.0011
       40 C3     *d0       -0.0058    0.0039   -0.0017   -0.0032   -0.0011    0.0000    0.0028   -0.0015   -0.0017   -0.0017
       41 C3     *d1+      -0.0006   -0.0001   -0.0005   -0.0009   -0.0000    0.0187    0.0013    0.0000    0.0245    0.0001
       42 C3     *d2+       0.0056   -0.0022    0.0098    0.0021   -0.0133    0.0005    0.0052    0.0247   -0.0004    0.0282
       43 N4     1s        -0.0000    0.0001   -0.0000   -0.0008   -0.0000    0.0000   -0.0000   -0.0051   -0.0000   -0.0015
       44 N4     2s         0.0000    0.1417    0.0000    0.1679   -0.0000   -0.0000   -0.0000   -0.2659   -0.0000   -0.1940
       45 N4     *s        -0.0000    0.0257    0.0000   -0.0011    0.0000   -0.0000   -0.0000    0.0090   -0.0000   -0.0430
       46 N4     2px       -0.3490    0.0045   -0.4175   -0.0016   -0.1148    0.0043    0.3480   -0.0102    0.0060   -0.0089
       47 N4     *px        0.0582   -0.0004    0.0620    0.0003    0.0303   -0.0001   -0.0512   -0.0005    0.0003   -0.0011
       48 N4     2py       -0.0064   -0.2517   -0.0076    0.0903   -0.0021   -0.0134    0.0063    0.5760   -0.0186    0.5018
       49 N4     *py        0.0011    0.0211    0.0011   -0.0182    0.0006    0.0003   -0.0009    0.0284   -0.0008    0.0624
       50 N4     2pz        0.0040   -0.0095    0.0048    0.0034    0.0013    0.3574   -0.0040    0.0218    0.4953    0.0190
       51 N4     *pz       -0.0007    0.0008   -0.0007   -0.0007   -0.0003   -0.0070    0.0006    0.0011    0.0226    0.0024
       52 N4     *d2-      -0.0201    0.0006   -0.0179   -0.0004   -0.0156    0.0003    0.0194   -0.0003    0.0003   -0.0000
       53 N4     *d1-       0.0002   -0.0009    0.0002    0.0004    0.0002    0.0209   -0.0002    0.0012    0.0222    0.0008
       54 N4     *d0        0.0000    0.0044    0.0000    0.0007    0.0000    0.0014   -0.0000   -0.0131    0.0015   -0.0128
       55 N4     *d1+      -0.0008   -0.0001   -0.0007    0.0001   -0.0006   -0.0004    0.0007   -0.0002   -0.0004   -0.0003
       56 N4     *d2+       0.0007    0.0170    0.0006   -0.0123    0.0006    0.0008   -0.0007   -0.0100    0.0008   -0.0003
       57 C5     1s         0.0078   -0.0034   -0.0015    0.0027   -0.0029    0.0000    0.0037    0.0002    0.0000    0.0028
       58 C5     2s        -0.3463    0.0137    0.0209   -0.2169   -0.0824    0.0000   -0.0239    0.1733   -0.0000    0.0150
       59 C5     *s         0.0337    0.0214    0.0117    0.0196    0.0076    0.0000   -0.0156   -0.0202   -0.0000   -0.0555
       60 C5     2px        0.0372    0.2328    0.2039   -0.2574    0.2982    0.0037   -0.3405   -0.1079    0.0028   -0.0423
       61 C5     *px        0.0049   -0.0571   -0.0558    0.0568   -0.0493   -0.0003    0.0631    0.0905    0.0002    0.0413
       62 C5     2py        0.1782   -0.2243    0.3554    0.1006   -0.2563   -0.0116   -0.0144   -0.0181   -0.0087   -0.3125
       63 C5     *py       -0.0987    0.0580   -0.1047   -0.0239    0.0635    0.0010    0.0012    0.0492   -0.0007    0.0786
       64 C5     2pz        0.0063   -0.0113    0.0109    0.0069   -0.0132    0.3097    0.0036    0.0006    0.2302   -0.0112
       65 C5     *pz       -0.0038    0.0029   -0.0033   -0.0016    0.0030   -0.0272   -0.0007    0.0008    0.0175    0.0025
       66 C5     *d2-      -0.0121    0.0062   -0.0109    0.0204   -0.0032    0.0008    0.0341   -0.0075    0.0007   -0.0098
       67 C5     *d1-      -0.0001   -0.0002    0.0004   -0.0001   -0.0005    0.0054    0.0001   -0.0008   -0.0196   -0.0009
       68 C5     *d0        0.0058    0.0039    0.0018   -0.0033    0.0011    0.0007   -0.0029   -0.0014   -0.0008   -0.0017
       69 C5     *d1+      -0.0003    0.0003   -0.0003    0.0007   -0.0003   -0.0189    0.0013   -0.0006   -0.0238   -0.0008
       70 C5     *d2+      -0.0047   -0.0026   -0.0091    0.0006    0.0136   -0.0000   -0.0076    0.0253   -0.0010    0.0290
       71 C6     1s        -0.0078   -0.0034   -0.0015   -0.0027   -0.0029    0.0000   -0.0037   -0.0002    0.0000    0.0028
       72 C6     2s         0.3463    0.0137    0.0209    0.2169   -0.0824    0.0000    0.0239   -0.1733    0.0000    0.0150
       73 C6     *s        -0.0337    0.0214    0.0117   -0.0196    0.0076   -0.0000    0.0156    0.0202   -0.0000   -0.0555
       74 C6     2px       -0.0435    0.2246    0.2164    0.2536    0.2888    0.0037    0.3408    0.1084   -0.0028   -0.0534
       75 C6     *px       -0.0014   -0.0550   -0.0595   -0.0559   -0.0470   -0.0003   -0.0631   -0.0922   -0.0002    0.0441
       76 C6     2py        0.1768    0.2327   -0.3477    0.1099    0.2670   -0.0117   -0.0020   -0.0142    0.0087    0.3107
       77 C6     *py       -0.0988   -0.0600    0.1026   -0.0260   -0.0653    0.0010   -0.0011    0.0459    0.0007   -0.0770
       78 C6     2pz        0.0072    0.0060   -0.0157    0.0011    0.0066    0.3097   -0.0042   -0.0019   -0.2302    0.0124
       79 C6     *pz       -0.0037   -0.0016    0.0046   -0.0003   -0.0019   -0.0272    0.0007    0.0028   -0.0175   -0.0034
       80 C6     *d2-      -0.0117   -0.0064    0.0102    0.0203    0.0041    0.0006    0.0345   -0.0093   -0.0011    0.0118
       81 C6     *d1-       0.0003   -0.0001    0.0001   -0.0004   -0.0006   -0.0061   -0.0008    0.0009   -0.0187   -0.0011
       82 C6     *d0       -0.0058    0.0039    0.0017    0.0032    0.0011   -0.0000    0.0028    0.0015   -0.0017   -0.0017
       83 C6     *d1+      -0.0006   -0.0001    0.0005    0.0009    0.0000   -0.0187    0.0013   -0.0000    0.0245    0.0001
       84 C6     *d2+       0.0056   -0.0022   -0.0098   -0.0021    0.0133   -0.0005    0.0052   -0.0247   -0.0004    0.0282
       85 H7     1s        -0.1975    0.2665   -0.0156    0.3659   -0.3290    0.0000   -0.3350   -0.0339    0.0000    0.1947
       86 H7     *s         0.0703   -0.0963    0.0090   -0.1237    0.1019   -0.0000    0.0857    0.0255   -0.0000   -0.0397
       87 H7     *px       -0.0128    0.0125    0.0006    0.0141   -0.0122    0.0001   -0.0080   -0.0020   -0.0001    0.0067
       88 H7     *py        0.0051   -0.0072    0.0042   -0.0112    0.0048   -0.0002    0.0087   -0.0030    0.0002    0.0038
       89 H7     *pz        0.0003   -0.0004    0.0002   -0.0006    0.0003    0.0066    0.0004   -0.0001   -0.0050    0.0001
       90 H8     1s         0.1975    0.2665   -0.0156   -0.3659   -0.3290    0.0000    0.3350    0.0339    0.0000    0.1947
       91 H8     *s        -0.0703   -0.0963    0.0090    0.1237    0.1019   -0.0000   -0.0857   -0.0255   -0.0000   -0.0397
       92 H8     *px        0.0126    0.0123    0.0008   -0.0137   -0.0121    0.0001    0.0077    0.0021    0.0001    0.0068
       93 H8     *py        0.0055    0.0076   -0.0042   -0.0117   -0.0052   -0.0002    0.0090   -0.0029   -0.0002   -0.0035
       94 H8     *pz        0.0001    0.0001   -0.0002   -0.0003   -0.0000    0.0066    0.0002   -0.0001    0.0050   -0.0002
       95 H9     1s        -0.1975    0.2665    0.0156   -0.3659    0.3290   -0.0000   -0.3350    0.0339    0.0000    0.1947
       96 H9     *s         0.0703   -0.0963   -0.0090    0.1237   -0.1019    0.0000    0.0857   -0.0255   -0.0000   -0.0397
       97 H9     *px        0.0128   -0.0125    0.0006    0.0141   -0.0122    0.0001    0.0080   -0.0020    0.0001   -0.0067
       98 H9     *py       -0.0051    0.0072    0.0042   -0.0112    0.0048   -0.0002   -0.0087   -0.0030   -0.0002   -0.0038
       99 H9     *pz       -0.0003    0.0004    0.0002   -0.0006    0.0003    0.0066   -0.0004   -0.0001    0.0050   -0.0001
      100 H10    1s         0.1975    0.2665    0.0156    0.3659    0.3290   -0.0000    0.3350   -0.0339    0.0000    0.1947
      101 H10    *s        -0.0703   -0.0963   -0.0090   -0.1237   -0.1019    0.0000   -0.0857    0.0255   -0.0000   -0.0397
      102 H10    *px       -0.0126   -0.0123    0.0008   -0.0137   -0.0121    0.0001   -0.0077    0.0021   -0.0001   -0.0068
      103 H10    *py       -0.0055   -0.0076   -0.0042   -0.0117   -0.0052   -0.0002   -0.0090   -0.0029    0.0002    0.0035
      104 H10    *pz       -0.0001   -0.0001   -0.0002   -0.0003   -0.0000    0.0066   -0.0002   -0.0001   -0.0050    0.0002

          Orbital           21        22        23        24        25        26        27        28        29        30    
          Energy           -0.3567    0.0920    0.1198    0.1942    0.2079    0.2398    0.2453    0.3280    0.3307    0.4319
          Occ. No.          2.0000    0.0000    0.0000    0.0000    0.0000    0.0000    0.0000    0.0000    0.0000    0.0000

        1 N1     1s         0.0000    0.0000    0.0000   -0.0004   -0.0000   -0.0247    0.0000   -0.0000   -0.0561   -0.0000
        2 N1     2s         0.0000   -0.0000    0.0000   -0.0027   -0.0000   -0.1123    0.0000    0.0001    0.1773    0.0000
        3 N1     *s         0.0000   -0.0000   -0.0000    0.0117    0.0000    0.5199   -0.0000    0.0012    1.6227    0.0000
        4 N1     2px       -0.0000   -0.0059    0.0000   -0.0007    0.0102   -0.0016   -0.0730   -0.0049    0.0027    0.3461
        5 N1     *px        0.0000   -0.0029    0.0000   -0.0020   -0.1104    0.0038    0.1274   -0.0043    0.0075    1.0185
        6 N1     2py        0.0000    0.0184   -0.0000    0.0393    0.0002    0.0891   -0.0013    0.0152   -0.1534    0.0063
        7 N1     *py        0.0000    0.0090    0.0000    0.1125   -0.0020   -0.2115    0.0023    0.0131   -0.4219    0.0186
        8 N1     2pz        0.0000   -0.4901    0.0000    0.0015   -0.0001    0.0034    0.0008   -0.4064   -0.0055   -0.0040
        9 N1     *pz        0.0000   -0.2393    0.0000    0.0043    0.0013   -0.0080   -0.0015   -0.3578   -0.0157   -0.0116
       10 N1     *d2-      -0.0009    0.0001   -0.0011   -0.0004    0.0055    0.0004   -0.0118    0.0000    0.0002   -0.0276
       11 N1     *d1-       0.0004    0.0047    0.0006    0.0002   -0.0001   -0.0000    0.0001    0.0015    0.0010    0.0003
       12 N1     *d0       -0.0005    0.0003   -0.0006    0.0043   -0.0000   -0.0061    0.0000    0.0001   -0.0173    0.0000
       13 N1     *d1+       0.0230   -0.0001    0.0301    0.0002    0.0002   -0.0002   -0.0004   -0.0000   -0.0004   -0.0011
       14 N1     *d2+       0.0003    0.0002    0.0004   -0.0117   -0.0002    0.0110    0.0004    0.0001    0.0040    0.0010
       15 C2     1s         0.0000   -0.0000   -0.0000    0.0231    0.0160   -0.0150    0.0076    0.0000    0.0279   -0.0186
       16 C2     2s         0.0000   -0.0000   -0.0000   -0.0944   -0.0488    0.1337   -0.1667    0.0000    0.0079    0.0332
       17 C2     *s         0.0000    0.0000    0.0000   -0.6938   -0.7584    0.3396   -0.4277   -0.0007   -0.8337    1.3083
       18 C2     2px       -0.0052    0.0031   -0.0052    0.1383    0.1969   -0.1324    0.1316    0.0042   -0.1023    0.0864
       19 C2     *px       -0.0003    0.0015   -0.0036    0.2743    0.4002   -0.7564    0.9708    0.0055   -0.5010    0.6911
       20 C2     2py        0.0161   -0.0095    0.0161   -0.1271   -0.0943    0.0788   -0.0295   -0.0132   -0.0651   -0.0495
       21 C2     *py        0.0009   -0.0045    0.0113   -0.2002   -0.3133    0.3870   -0.2105   -0.0185   -0.4553    0.8679
       22 C2     2pz       -0.4292    0.2526   -0.4283   -0.0065   -0.0059    0.0046   -0.0027    0.3501   -0.0015   -0.0029
       23 C2     *pz       -0.0244    0.1206   -0.3013   -0.0108   -0.0166    0.0237   -0.0197    0.4823   -0.0114    0.0243
       24 C2     *d2-       0.0004    0.0005   -0.0002   -0.0001    0.0019   -0.0151    0.0161    0.0008    0.0123   -0.0229
       25 C2     *d1-       0.0187   -0.0318   -0.0243   -0.0005   -0.0003   -0.0004    0.0009    0.0067    0.0001    0.0012
       26 C2     *d0        0.0013   -0.0016   -0.0015    0.0068    0.0074    0.0081   -0.0084    0.0009   -0.0050   -0.0154
       27 C2     *d1+      -0.0042   -0.0242   -0.0035    0.0001    0.0003   -0.0004    0.0006   -0.0201    0.0004   -0.0012
       28 C2     *d2+       0.0007   -0.0015   -0.0010    0.0010   -0.0045    0.0006   -0.0147    0.0000    0.0010    0.0022
       29 C3     1s        -0.0000   -0.0000   -0.0000    0.0231    0.0160    0.0150   -0.0076    0.0000    0.0279   -0.0186
       30 C3     2s        -0.0000    0.0000    0.0000   -0.0944   -0.0488   -0.1337    0.1667    0.0000    0.0079    0.0332
       31 C3     *s         0.0000    0.0000    0.0000   -0.6938   -0.7584   -0.3396    0.4277   -0.0006   -0.8337    1.3083
       32 C3     2px       -0.0052    0.0031    0.0052    0.1337    0.1935    0.1295   -0.1305   -0.0043   -0.1046    0.0846
       33 C3     *px       -0.0003    0.0014    0.0036    0.2670    0.3888    0.7421   -0.9627   -0.0062   -0.5169    0.7215
       34 C3     2py        0.0162   -0.0095   -0.0161    0.1321    0.1014    0.0836   -0.0343    0.0132    0.0613    0.0527
       35 C3     *py        0.0009   -0.0045   -0.0114    0.2101    0.3276    0.4143   -0.2457    0.0185    0.4368   -0.8422
       36 C3     2pz       -0.4292    0.2526    0.4283    0.0034    0.0015    0.0016    0.0003   -0.3501    0.0038    0.0010
       37 C3     *pz       -0.0244    0.1206    0.3013    0.0047    0.0076    0.0066    0.0024   -0.4823    0.0231   -0.0405
       38 C3     *d2-      -0.0001    0.0013   -0.0005    0.0001   -0.0023   -0.0151    0.0171   -0.0007   -0.0122    0.0231
       39 C3     *d1-      -0.0188    0.0309   -0.0242   -0.0005   -0.0003    0.0007   -0.0013    0.0075    0.0004    0.0007
       40 C3     *d0       -0.0012    0.0025   -0.0017    0.0068    0.0074   -0.0080    0.0084    0.0001   -0.0050   -0.0154
       41 C3     *d1+      -0.0035   -0.0253    0.0044    0.0001    0.0001   -0.0007    0.0007    0.0198   -0.0006    0.0005
       42 C3     *d2+      -0.0008    0.0009   -0.0009    0.0010   -0.0044    0.0005    0.0135    0.0005    0.0018    0.0006
       43 N4     1s         0.0000   -0.0000   -0.0000   -0.0004    0.0000    0.0247   -0.0000   -0.0000   -0.0561    0.0000
       44 N4     2s         0.0000    0.0000   -0.0000   -0.0027    0.0000    0.1123   -0.0000    0.0001    0.1773   -0.0000
       45 N4     *s         0.0000    0.0000    0.0000    0.0117   -0.0000   -0.5199    0.0000    0.0012    1.6227   -0.0000
       46 N4     2px        0.0000   -0.0059    0.0000    0.0007    0.0102   -0.0016    0.0730    0.0049   -0.0027    0.3461
       47 N4     *px        0.0000   -0.0029    0.0000    0.0020   -0.1104    0.0038   -0.1274    0.0043   -0.0075    1.0185
       48 N4     2py       -0.0000    0.0184   -0.0000   -0.0393    0.0002    0.0891    0.0013   -0.0152    0.1534    0.0063
       49 N4     *py       -0.0000    0.0090    0.0000   -0.1125   -0.0020   -0.2115   -0.0023   -0.0131    0.4219    0.0186
       50 N4     2pz       -0.0000   -0.4901   -0.0000   -0.0015   -0.0001    0.0034   -0.0008    0.4064    0.0055   -0.0040
       51 N4     *pz       -0.0000   -0.2393    0.0000   -0.0043    0.0013   -0.0080    0.0015    0.3578    0.0157   -0.0116
       52 N4     *d2-      -0.0009   -0.0001    0.0011   -0.0004   -0.0055   -0.0004   -0.0118    0.0000    0.0002    0.0276
       53 N4     *d1-       0.0004   -0.0047   -0.0006    0.0002    0.0001    0.0000    0.0001    0.0015    0.0010   -0.0003
       54 N4     *d0       -0.0005   -0.0003    0.0006    0.0043    0.0000    0.0061    0.0000    0.0001   -0.0173   -0.0000
       55 N4     *d1+       0.0230    0.0001   -0.0301    0.0002   -0.0002    0.0002   -0.0004   -0.0000   -0.0004    0.0011
       56 N4     *d2+       0.0003   -0.0002   -0.0004   -0.0117    0.0002   -0.0110    0.0004    0.0001    0.0040   -0.0010
       57 C5     1s        -0.0000    0.0000   -0.0000    0.0231   -0.0160    0.0150    0.0076    0.0000    0.0279    0.0186
       58 C5     2s        -0.0000   -0.0000    0.0000   -0.0944    0.0488   -0.1337   -0.1667    0.0000    0.0079   -0.0332
       59 C5     *s         0.0000   -0.0000    0.0000   -0.6938    0.7584   -0.3396   -0.4277   -0.0007   -0.8337   -1.3083
       60 C5     2px        0.0052    0.0031   -0.0052   -0.1383    0.1969   -0.1324   -0.1316   -0.0042    0.1023    0.0864
       61 C5     *px        0.0003    0.0014   -0.0036   -0.2743    0.4002   -0.7564   -0.9708   -0.0055    0.5010    0.6911
       62 C5     2py       -0.0161   -0.0095    0.0161    0.1271   -0.0943    0.0788    0.0295    0.0132    0.0651   -0.0495
       63 C5     *py       -0.0009   -0.0045    0.0113    0.2002   -0.3133    0.3870    0.2105    0.0185    0.4553    0.8679
       64 C5     2pz        0.4292    0.2526   -0.4283    0.0065   -0.0059    0.0046    0.0027   -0.3501    0.0015   -0.0029
       65 C5     *pz        0.0244    0.1206   -0.3013    0.0108   -0.0166    0.0237    0.0197   -0.4823    0.0114    0.0243
       66 C5     *d2-       0.0004   -0.0005    0.0002   -0.0001   -0.0019    0.0151    0.0161    0.0008    0.0123    0.0229
       67 C5     *d1-       0.0187    0.0318    0.0243   -0.0005    0.0003    0.0004    0.0009    0.0067    0.0001   -0.0012
       68 C5     *d0        0.0013    0.0016    0.0015    0.0068   -0.0074   -0.0081   -0.0084    0.0009   -0.0050    0.0154
       69 C5     *d1+      -0.0042    0.0242    0.0035    0.0001   -0.0003    0.0004    0.0006   -0.0201    0.0004    0.0012
       70 C5     *d2+       0.0007    0.0015    0.0010    0.0010    0.0045   -0.0006   -0.0147    0.0000    0.0010   -0.0022
       71 C6     1s        -0.0000    0.0000   -0.0000    0.0231   -0.0160   -0.0150   -0.0076    0.0000    0.0279    0.0186
       72 C6     2s        -0.0000    0.0000   -0.0000   -0.0944    0.0488    0.1337    0.1667    0.0000    0.0079   -0.0332
       73 C6     *s         0.0000   -0.0000    0.0000   -0.6938    0.7584    0.3396    0.4277   -0.0006   -0.8337   -1.3083
       74 C6     2px        0.0052    0.0031    0.0052   -0.1337    0.1935    0.1295    0.1305    0.0043    0.1046    0.0846
       75 C6     *px        0.0003    0.0015    0.0036   -0.2670    0.3888    0.7421    0.9627    0.0062    0.5169    0.7215
       76 C6     2py       -0.0162   -0.0095   -0.0161   -0.1321    0.1014    0.0836    0.0343   -0.0132   -0.0613    0.0527
       77 C6     *py       -0.0009   -0.0045   -0.0113   -0.2101    0.3276    0.4143    0.2457   -0.0185   -0.4368   -0.8421
       78 C6     2pz        0.4292    0.2526    0.4283   -0.0034    0.0015    0.0016   -0.0003    0.3501   -0.0038    0.0010
       79 C6     *pz        0.0244    0.1206    0.3013   -0.0047    0.0076    0.0066   -0.0024    0.4823   -0.0231   -0.0404
       80 C6     *d2-      -0.0001   -0.0013    0.0005    0.0001    0.0023    0.0151    0.0171   -0.0007   -0.0122   -0.0231
       81 C6     *d1-      -0.0188   -0.0309    0.0242   -0.0005    0.0003   -0.0007   -0.0013    0.0075    0.0004   -0.0007
       82 C6     *d0       -0.0012   -0.0025    0.0017    0.0068   -0.0074    0.0080    0.0084    0.0001   -0.0050    0.0154
       83 C6     *d1+      -0.0035    0.0253   -0.0044    0.0001   -0.0001    0.0007    0.0007    0.0198   -0.0006   -0.0005
       84 C6     *d2+      -0.0008   -0.0009    0.0009    0.0010    0.0044   -0.0005    0.0135    0.0005    0.0018   -0.0006
       85 H7     1s        -0.0000   -0.0000    0.0000    0.0223    0.0167   -0.0464    0.0223   -0.0000   -0.0224    0.1645
       86 H7     *s         0.0000   -0.0000    0.0000    1.0020    1.1415   -1.3228    1.3828    0.0001    0.0305   -0.1354
       87 H7     *px       -0.0001    0.0001   -0.0002    0.0093    0.0154   -0.0102    0.0122    0.0003   -0.0026   -0.0096
       88 H7     *py        0.0004   -0.0004    0.0006   -0.0077   -0.0073    0.0048   -0.0087   -0.0008   -0.0172    0.0220
       89 H7     *pz       -0.0099    0.0094   -0.0149   -0.0004   -0.0005    0.0003   -0.0005    0.0222   -0.0006    0.0009
       90 H8     1s        -0.0000   -0.0000   -0.0000    0.0223    0.0167    0.0464   -0.0223    0.0000   -0.0224    0.1645
       91 H8     *s         0.0000   -0.0000   -0.0000    1.0020    1.1415    1.3228   -1.3828   -0.0000    0.0305   -0.1354
       92 H8     *px       -0.0001    0.0001    0.0002    0.0091    0.0151    0.0100   -0.0118   -0.0003   -0.0032   -0.0088
       93 H8     *py        0.0004   -0.0004   -0.0006    0.0080    0.0078    0.0051   -0.0091    0.0008    0.0171   -0.0224
       94 H8     *pz       -0.0099    0.0094    0.0149    0.0002    0.0001    0.0001   -0.0002   -0.0222    0.0007   -0.0007
       95 H9     1s        -0.0000    0.0000   -0.0000    0.0223   -0.0167    0.0464    0.0223   -0.0000   -0.0224   -0.1645
       96 H9     *s         0.0000    0.0000   -0.0000    1.0020   -1.1415    1.3228    1.3828    0.0001    0.0305    0.1354
       97 H9     *px        0.0001    0.0001   -0.0002   -0.0093    0.0154   -0.0102   -0.0122   -0.0003    0.0026   -0.0096
       98 H9     *py       -0.0004   -0.0004    0.0006    0.0077   -0.0073    0.0048    0.0087    0.0008    0.0172    0.0220
       99 H9     *pz        0.0099    0.0094   -0.0149    0.0004   -0.0005    0.0003    0.0005   -0.0222    0.0006    0.0009
      100 H10    1s        -0.0000    0.0000    0.0000    0.0223   -0.0167   -0.0464   -0.0223   -0.0000   -0.0224   -0.1645
      101 H10    *s         0.0000    0.0000    0.0000    1.0020   -1.1415   -1.3228   -1.3828    0.0000    0.0305    0.1354
      102 H10    *px        0.0001    0.0001    0.0002   -0.0091    0.0151    0.0100    0.0118    0.0003    0.0032   -0.0088
      103 H10    *py       -0.0004   -0.0004   -0.0006   -0.0080    0.0078    0.0051    0.0091   -0.0008   -0.0171   -0.0224
      104 H10    *pz        0.0099    0.0094    0.0149   -0.0002    0.0001    0.0001    0.0002    0.0222   -0.0007   -0.0007

          Orbital           31        32        33    
          Energy            0.4566    0.4604    0.5741
          Occ. No.          0.0000    0.0000    0.0000

        1 N1     1s         0.0694    0.0000   -0.0428
        2 N1     2s        -0.1363   -0.0000   -0.0525
        3 N1     *s        -2.4151   -0.0000    1.4979
        4 N1     2px        0.0009   -0.0443    0.0022
        5 N1     *px       -0.0075    0.4487    0.0164
        6 N1     2py       -0.0531   -0.0008   -0.1240
        7 N1     *py        0.4244    0.0082   -0.9242
        8 N1     2pz       -0.0020    0.0005   -0.0047
        9 N1     *pz        0.0161   -0.0051   -0.0350
       10 N1     *d2-       0.0001   -0.0498    0.0010
       11 N1     *d1-      -0.0014    0.0005    0.0024
       12 N1     *d0        0.0197    0.0000   -0.0537
       13 N1     *d1+       0.0004   -0.0019   -0.0014
       14 N1     *d2+       0.0021    0.0018    0.0278
       15 C2     1s        -0.0117    0.0365    0.1008
       16 C2     2s         0.0532   -0.1555    0.0923
       17 C2     *s        -0.1598   -2.0884   -3.3017
       18 C2     2px        0.0834   -0.1562    0.1570
       19 C2     *px        1.1628   -0.0581   -1.3831
       20 C2     2py        0.1214    0.1590    0.3707
       21 C2     *py        1.1776    2.3736    1.7079
       22 C2     2pz        0.0035    0.0079    0.0121
       23 C2     *pz        0.0302    0.0900    0.0810
       24 C2     *d2-       0.0254    0.0153   -0.0237
       25 C2     *d1-      -0.0017   -0.0001    0.0020
       26 C2     *d0        0.0112   -0.0018   -0.0016
       27 C2     *d1+       0.0010    0.0005   -0.0004
       28 C2     *d2+       0.0166    0.0008   -0.0415
       29 C3     1s         0.0117   -0.0365   -0.1008
       30 C3     2s        -0.0532    0.1555   -0.0923
       31 C3     *s         0.1598    2.0884    3.3017
       32 C3     2px       -0.0877    0.1505   -0.1701
       33 C3     *px       -1.2040   -0.0263    1.3214
       34 C3     2py        0.1183    0.1646    0.3648
       35 C3     *py        1.1345    2.3742    1.7571
       36 C3     2pz        0.0055    0.0044    0.0158
       37 C3     *pz        0.0573    0.0896    0.0500
       38 C3     *d2-       0.0242    0.0152   -0.0207
       39 C3     *d1-       0.0011   -0.0002   -0.0015
       40 C3     *d0       -0.0113    0.0018    0.0017
       41 C3     *d1+       0.0009    0.0006   -0.0013
       42 C3     *d2+      -0.0184   -0.0019    0.0431
       43 N4     1s        -0.0694   -0.0000    0.0428
       44 N4     2s         0.1363    0.0000    0.0525
       45 N4     *s         2.4151    0.0000   -1.4979
       46 N4     2px        0.0009    0.0443    0.0022
       47 N4     *px       -0.0075   -0.4487    0.0164
       48 N4     2py       -0.0531    0.0008   -0.1240
       49 N4     *py        0.4244   -0.0082   -0.9242
       50 N4     2pz       -0.0020   -0.0005   -0.0047
       51 N4     *pz        0.0161    0.0051   -0.0350
       52 N4     *d2-      -0.0001   -0.0498   -0.0010
       53 N4     *d1-       0.0014    0.0005   -0.0024
       54 N4     *d0       -0.0197    0.0000    0.0537
       55 N4     *d1+      -0.0004   -0.0019    0.0014
       56 N4     *d2+      -0.0021    0.0018   -0.0278
       57 C5     1s         0.0117    0.0365   -0.1008
       58 C5     2s        -0.0532   -0.1555   -0.0923
       59 C5     *s         0.1598   -2.0884    3.3017
       60 C5     2px        0.0834    0.1562    0.1570
       61 C5     *px        1.1628    0.0581   -1.3831
       62 C5     2py        0.1214   -0.1590    0.3707
       63 C5     *py        1.1776   -2.3736    1.7078
       64 C5     2pz        0.0036   -0.0079    0.0120
       65 C5     *pz        0.0302   -0.0900    0.0810
       66 C5     *d2-      -0.0254    0.0153    0.0237
       67 C5     *d1-       0.0017   -0.0001   -0.0020
       68 C5     *d0       -0.0112   -0.0018    0.0016
       69 C5     *d1+      -0.0010    0.0005    0.0004
       70 C5     *d2+      -0.0166    0.0008    0.0415
       71 C6     1s        -0.0117   -0.0365    0.1008
       72 C6     2s         0.0532    0.1555    0.0923
       73 C6     *s        -0.1598    2.0884   -3.3017
       74 C6     2px       -0.0877   -0.1505   -0.1701
       75 C6     *px       -1.2040    0.0263    1.3214
       76 C6     2py        0.1183   -0.1646    0.3648
       77 C6     *py        1.1345   -2.3742    1.7571
       78 C6     2pz        0.0055   -0.0044    0.0158
       79 C6     *pz        0.0573   -0.0897    0.0501
       80 C6     *d2-      -0.0242    0.0152    0.0207
       81 C6     *d1-      -0.0011   -0.0002    0.0015
       82 C6     *d0        0.0113    0.0018   -0.0017
       83 C6     *d1+      -0.0009    0.0006    0.0013
       84 C6     *d2+       0.0184   -0.0019   -0.0431
       85 H7     1s        -0.2107   -0.0054    0.1304
       86 H7     *s         0.1795   -0.7740   -0.7980
       87 H7     *px        0.0137   -0.0013    0.0086
       88 H7     *py       -0.0042   -0.0032    0.0333
       89 H7     *pz       -0.0003   -0.0001    0.0012
       90 H8     1s         0.2107    0.0054   -0.1304
       91 H8     *s        -0.1795    0.7740    0.7980
       92 H8     *px       -0.0135    0.0015   -0.0097
       93 H8     *py       -0.0047   -0.0032    0.0330
       94 H8     *pz       -0.0000   -0.0001    0.0014
       95 H9     1s         0.2107   -0.0054   -0.1304
       96 H9     *s        -0.1795   -0.7740    0.7980
       97 H9     *px        0.0137    0.0013    0.0086
       98 H9     *py       -0.0042    0.0032    0.0333
       99 H9     *pz       -0.0003    0.0001    0.0012
      100 H10    1s        -0.2107    0.0054    0.1304
      101 H10    *s         0.1795    0.7740   -0.7980
      102 H10    *px       -0.0135   -0.0015   -0.0097
      103 H10    *py       -0.0047    0.0032    0.0330
      104 H10    *pz       -0.0000    0.0001    0.0014
--


++    Molecular charges:
      ------------------

      Mulliken charges per centre and basis function type
      ---------------------------------------------------

                N1      C2      C3      N4      C5      C6      H7      H8      H9      H10   
      1s       2.0027  2.0028  2.0028  2.0027  2.0028  2.0028  1.2720  1.2720  1.2720  1.2720
      2s       1.7031  1.4424  1.4424  1.7031  1.4424  1.4424  0.0000  0.0000  0.0000  0.0000
      2px      1.2011  1.1222  1.1175  1.2011  1.1222  1.1175  0.0000  0.0000  0.0000  0.0000
      2pz      1.0284  0.9384  0.9383  1.0284  0.9384  0.9383  0.0000  0.0000  0.0000  0.0000
      2py      1.5538  1.1416  1.1464  1.5538  1.1416  1.1464  0.0000  0.0000  0.0000  0.0000
      *s      -0.1397 -0.3613 -0.3613 -0.1397 -0.3613 -0.3613 -0.3559 -0.3559 -0.3559 -0.3559
      *px     -0.1565 -0.2231 -0.2219 -0.1565 -0.2231 -0.2219  0.0177  0.0170  0.0177  0.0170
      *pz      0.0191  0.0009  0.0009  0.0191  0.0009  0.0009  0.0049  0.0049  0.0049  0.0049
      *py      0.0329 -0.2652 -0.2665  0.0329 -0.2652 -0.2665  0.0084  0.0090  0.0084  0.0090
      *d2+     0.0072  0.0391  0.0381  0.0072  0.0391  0.0381  0.0000  0.0000  0.0000  0.0000
      *d1+     0.0078  0.0122  0.0126  0.0078  0.0122  0.0126  0.0000  0.0000  0.0000  0.0000
      *d0      0.0054  0.0052  0.0052  0.0054  0.0052  0.0052  0.0000  0.0000  0.0000  0.0000
      *d1-     0.0073  0.0127  0.0123  0.0073  0.0127  0.0123  0.0000  0.0000  0.0000  0.0000
      *d2-     0.0203  0.0385  0.0395  0.0203  0.0385  0.0395  0.0000  0.0000  0.0000  0.0000
      Total    7.2928  5.9065  5.9065  7.2928  5.9065  5.9065  0.9471  0.9471  0.9471  0.9471

      N-E     -0.2928  0.0935  0.0935 -0.2928  0.0935  0.0935  0.0529  0.0529  0.0529  0.0529

      Total electronic charge=   42.000000

      Total            charge=   -0.000000
--


++    Molecular properties:
      ---------------------

      Charge (e):
                      =   -0.0000
      Dipole Moment (debye):
      Origin of the operator (angstrom)=    0.0000    0.0000    0.0000
                   X=  8.5879E-08               Y= -1.7908E-06               Z= -3.9513E-06           Total=  4.3390E-06
      Quadrupole Moment (debye*angstrom):
      Origin of the operator (angstrom)=    0.0000    0.0000    0.0000
                  XX= -2.6523E+01              XY=  2.6180E-01              XZ= -1.1113E-01              YY= -4.0993E+01
                  YZ= -1.7117E-01              ZZ= -3.6535E+01
      In traceless form (debye*angstrom)
                  XX=  1.2240E+01              XY=  3.9270E-01              XZ= -1.6670E-01              YY= -9.4636E+00
                  YZ= -2.5676E-01              ZZ= -2.7768E+00
--


      Input file to MOLDEN was generated!

 ###############################################################################
 ###############################################################################
 ###                                                                         ###
 ###                                                                         ###
 ###    WARNING: RunFile label nBas                                          ###
 ###    was used       72 times                                              ###
 ###                                                                         ###
 ###                                                                         ###
 ###############################################################################
 ###############################################################################
--- Stop Module: scf at Wed Sep 23 20:58:17 2026 /rc=_RC_ALL_IS_WELL_ ---
*** files: pyrazine_dyson.scf.molden pyrazine_dyson.ScfOrb pyrazine_dyson.scf.h5 xmldump
    saved to directory /home/adrian/projects/Kallen/runs/pyrazine
--- Module scf spent 3 seconds ---

*** symbolic link created: INPORB -> pyrazine_dyson.ScfOrb
--- Start Module: rasscf at Wed Sep 23 20:58:17 2026 ---

()()()()()()()()()()()()()()()()()()()()()()()()()()()()()()()()()()()()()()()()()()()()()()()()()()

                                              &RASSCF

                                   only a single process is used
                       available to each process: 2.0 GB of memory, 1 thread?
                                            pid: 2770292
()()()()()()()()()()()()()()()()()()()()()()()()()()()()()()()()()()()()()()()()()()()()()()()()()()

 ###############################################################################
 ###############################################################################
 ###                                                                         ###
 ###                                                                         ###
 ###    WARNING: CHARGE and NACTEL are only compatible if INACTIVE           ###
 ###    is not given and the symmetry group is C1. Hence the                 ###
 ###    CHARGE command will be ignored.                                      ###
 ###                                                                         ###
 ###                                                                         ###
 ###############################################################################
 ###############################################################################

      Header of the ONEINT file:
      --------------------------
      
      Integrals generated by Gateway/Seward, Wed Sep 23 20:58:10 2026


      OrdInt status: non-squared


      Cartesian coordinates in angstrom:
      -----------------------------------------------------
      No.  Label        X            Y            Z        
      -----------------------------------------------------
       1   N1        -0.02512721   1.41250629   0.05345726
       2   C2        -1.14480414   0.67812570   0.03937897
       3   C3        -1.11994296  -0.71939354  -0.01348757
       4   N4         0.02512721  -1.41250539  -0.05345693
       5   C5         1.14480376  -0.67812573  -0.03938212
       6   C6         1.11994346   0.71939295   0.01350053
       7   H7        -2.09560518   1.22061056   0.07126938
       8   H8        -2.05083315  -1.29616302  -0.02395274
       9   H9         2.09560455  -1.22061101  -0.07126679
      10   H10        2.05083367   1.29616319   0.02394003
      -----------------------------------------------------
      Nuclear repulsion energy =  208.13201030

++    Wave function specifications:
      -----------------------------

      Number of closed shell electrons          32
      Number of electrons in active shells      10
      Max number of holes in RAS1 space          0
      Max nr of electrons in RAS3 space          0
      Number of inactive orbitals               16
      Number of active orbitals                 10
      Number of secondary orbitals              78
      Spin quantum number                      0.0
      State symmetry                             1
--

++    Orbital specifications:
      -----------------------

      Symmetry species                           1
                                                 a
      Frozen orbitals                            0
      Inactive orbitals                         16
      Active orbitals                           10
      RAS1 orbitals                              0
      RAS2 orbitals                             10
      RAS3 orbitals                              0
      Secondary orbitals                        78
      Deleted orbitals                           0
      Number of basis functions                104
--

++    CI expansion specifications:
      ----------------------------

      Number of CSFs                         19404
      Number of spin combinations            31878
      Number of determinants                 63504
      Number of root(s) required                 1
      Root chosen for geometry opt.              1
      CI root used                               1
         
      highest root included in the CI            1
      max. size of the explicit Hamiltonian    200
--

++    Optimization specifications:
      ----------------------------

      RASSCF algorithm: Conventional
      Maximum number of macro iterations       200
      Maximum number of SX iterations          100
      Threshold for RASSCF energy            1.000E-08
      Threshold for max MO rotation          1.000E-01
      Threshold for max BLB element          1.000E-04
      Level shift parameter                  5.000E-01
      Make Quasi-Newton update
--

      Orbitals from runfile: scf orbitals
      The MO-coefficients are taken from scf orbitals on runfile

      Total molecular charge    0.00

      ************************************************************************************************************************
      *                                                                                                                      *
      *                                            Wave function control section                                             *
      *                                                                                                                      *
      ************************************************************************************************************************


                                         RASSCF iterations: Energy and convergence statistics
                                         ----------------------------------------------------

      Iter CI   SX   CI       RASSCF       Energy    max ROT     max BLB   max BLB  Level Ln srch  Step   QN   Walltime
          iter iter root      energy       change     param      element    value   shift minimum  type update hh:mm:ss
 Nr of preliminary CI iterations:   3
 ###############################################################################
 ###############################################################################
 ###                                                                         ###
 ###                                                                         ###
 ###    WARNING: Large orbital rotation.                                     ###
 ###                                                                         ###
 ###                                                                         ###
 ###############################################################################
 ###############################################################################
      Molecular orbital  24 of symmetry 1 MO space 2  weight is    0.064211
 ###############################################################################
 ###############################################################################
 ###                                                                         ###
 ###                                                                         ###
 ###    WARNING: Large orbital rotation.                                     ###
 ###                                                                         ###
 ###                                                                         ###
 ###############################################################################
 ###############################################################################
      Molecular orbital  26 of symmetry 1 MO space 2  weight is    0.190779
        1   1   37    1  -262.74146393    0.00E+00   6.21E-01*  23  44 1  1.36E-02*  0.00   0.00    SX    NO    0:00:01
        2   4   14    1  -262.76253900   -2.11E-02*  3.01E-01*  19  56 1  9.74E-03*  0.00   0.00    SX    NO    0:00:01
        3   4    9    1  -262.77371889   -1.12E-02* -1.51E-01*  18  77 1 -7.34E-03*  0.00   0.00    SX    NO    0:00:01
        4   3    9    1  -262.77674553   -3.03E-03* -1.65E-01*  18  31 1 -2.72E-03*  0.00   0.00    SX    NO    0:00:00
        5   4    9    1  -262.77828445   -1.54E-03* -2.81E-01*  16  22 1 -2.03E-03*  0.00   2.50    QN   YES    0:00:01
        6   4   10    1  -262.78086702   -2.58E-03* -4.85E-01*  18  77 1  4.83E-03*  0.00   2.50    QN   YES    0:00:01
        7   4   10    1  -262.78790371   -7.04E-03*  2.03E-01*  13  25 1  8.10E-03*  0.00   0.00    SX    NO    0:00:01
        8   3    9    1  -262.79040488   -2.50E-03*  6.71E-02   13  25 1  3.22E-03*  0.00   1.41    LS   YES    0:00:01
        9   3    9    1  -262.79068040   -2.76E-04*  3.41E-02   13  30 1 -1.76E-03*  0.00   1.35    QN   YES    0:00:01
       10   3    9    1  -262.79076139   -8.10E-05*  8.95E-03   11  34 1  4.83E-04*  0.00   1.34    QN   YES    0:00:01
       11   3    8    1  -262.79077450   -1.31E-05* -5.15E-03   17  61 1 -2.52E-04*  0.00   1.32    QN   YES    0:00:01
       12   4    8    1  -262.79077946   -4.96E-06* -2.54E-02   13  38 1  1.56E-04*  0.00   2.50    QN   YES    0:00:01
       13   5    8    1  -262.79079900   -1.95E-05* -2.32E-01*  13  36 1 -5.33E-04*  0.00   2.50    QN   YES    0:00:01
       14   6   10    1  -262.79091720   -1.18E-04* -9.34E-02   13  36 1 -4.99E-03*  0.00   2.03    SX   YES    0:00:01
       15   5   10    1  -262.79281651   -1.90E-03* -2.61E-01*  25  28 1 -3.13E-03*  0.00   2.50    QN   YES    0:00:01
       16   5   14    1  -262.79786498   -5.05E-03*  1.32E-01*   9  25 1  6.87E-03*  0.00   1.79    SX   YES    0:00:01
       17   4   17    1  -262.80312919   -5.26E-03*  1.21E-01*  16  17 1 -7.70E-03*  0.00   2.50    LS   YES    0:00:01
       18   4   14    1  -262.80824915   -5.12E-03*  3.15E-01*  16  17 1 -9.22E-03*  0.00   2.50    QN   YES    0:00:01
       19   5   13    1  -262.81726344   -9.01E-03* -5.72E-02   16  17 1 -8.38E-03*  0.00   1.13    QN   YES    0:00:01
       20   3   13    1  -262.81536926    1.89E-03*  1.02E-01*  16  17 1 -1.06E-02*  0.00  -0.22    SX   YES    0:00:01
       21   4   12    1  -262.81991527   -4.55E-03*  1.08E-01*  16  17 1 -7.63E-03*  0.00   2.49    LS   YES    0:00:01
       22   4   10    1  -262.82256515   -2.65E-03*  1.13E-01*  16  54 1 -4.45E-03*  0.00   1.50    QN   YES    0:00:01
       23   4   10    1  -262.82399463   -1.43E-03* -5.67E-02   13  19 1 -3.63E-03*  0.00   1.41    QN   YES    0:00:01
       24   4   10    1  -262.82447209   -4.77E-04*  3.06E-02   13  19 1 -3.51E-03*  0.00   1.28    QN   YES    0:00:01
       25   4   10    1  -262.82406365    4.08E-04*  2.77E-02   13  25 1 -5.29E-03*  0.00  -0.50    LS   YES    0:00:01
       26   4   10    1  -262.82444928   -3.86E-04*  1.96E-02   13  19 1 -3.52E-03*  0.00   1.79    QN   YES    0:00:01
       27   4   10    1  -262.82474236   -2.93E-04*  2.09E-02   13  19 1 -3.16E-03*  0.00   2.00    QN   YES    0:00:01
       28   4   10    1  -262.82504267   -3.00E-04*  2.42E-02   13  19 1 -2.29E-03*  0.00   1.89    QN   YES    0:00:01
       29   4    9    1  -262.82529042   -2.48E-04* -1.84E-02   16  22 1 -1.66E-03*  0.00   1.68    QN   YES    0:00:01
       30   3    9    1  -262.82541828   -1.28E-04* -8.63E-03   16  22 1 -8.73E-04*  0.00   1.44    QN   YES    0:00:01
       31   4    8    1  -262.82545170   -3.34E-05* -2.98E-03   16  61 1  2.57E-04*  0.00   1.25    QN   YES    0:00:01
       32   4    7    1  -262.82545651   -4.81E-06* -1.77E-03   19  28 1  1.60E-04*  0.00   1.09    QN   YES    0:00:01
       33   3    7    1  -262.82545730   -7.95E-07* -1.08E-03   16  22 1  4.31E-05   0.00   1.12    QN   YES    0:00:00
       34   3    7    1  -262.82545750   -1.99E-07* -1.07E-03   16  61 1 -2.89E-05   0.00   1.53    QN   YES    0:00:01
       35   3    6    1  -262.82545759   -8.28E-08*  4.09E-04   19  28 1 -2.52E-05   0.00   1.25    QN   YES    0:00:01
       36   3    6    1  -262.82545761   -2.15E-08*  2.56E-04   19  28 1 -1.44E-05   0.00   1.62    QN   YES    0:00:01
       37   1    5    1  -262.82545761   -7.30E-09  -7.44E-05   16  61 1  7.62E-06   0.00   1.05    QN   YES    0:00:00
      Convergence after 37 iterations
       38   1    5    1  -262.82545762   -1.17E-09  -7.44E-05   13  28 1 -2.26E-06   0.00   1.05    QN   YES    0:00:00

      ************************************************************************************************************************
                                                      Wave function printout:
                       occupation of active orbitals, and spin coupling of open shells (u,d: Spin up or down)
      ************************************************************************************************************************

      Note: transformation to natural orbitals
      has been made, which may change the order of the CSFs.

      printout of CI-coefficients larger than  0.05 for root  1
      energy=    -262.825458
      conf/sym  1111111111     Coeff  Weight
             1  2222200000  -0.93415 0.87264
            29  2222002000   0.14800 0.02190
            58  22u2dud000  -0.10354 0.01072
            94  u222d0u0d0  -0.09720 0.00945
           144  2u2d200u0d  -0.05993 0.00359
           162  2202220000   0.13911 0.01935
           198  u2d22u00d0   0.11123 0.01237
           262  22u2udd000  -0.12728 0.01620

      Natural orbitals and occupation numbers for root  1
      sym 1:   1.959515   1.982796   1.902723   1.982010   1.906944   0.105315   0.092277   0.014228   0.040239   0.013953


      ************************************************************************************************************************
      *                                                                                                                      *
      *                                                    Final results                                                     *
      *                                                                                                                      *
      ************************************************************************************************************************


++    Final optimization conditions:
      ------------------------------

      Average CI energy                            -262.82545762
      RASSCF energy for state  1                   -262.82545762
      Super-CI energy                                -0.00000000
      RASSCF energy change                            0.00000000
      Max change in MO coefficients               1.583E-04
      Max non-diagonal density matrix element    -7.442E-05
      Maximum BLB matrix element                 -2.260E-06
      (orbital pair  13,  28 in symmetry   1)
      Norm of electronic gradient            9.338E-06
--


      Final state energy(ies):
      ------------------------

::    RASSCF root number  1 Total energy:   -262.82545762

++    Molecular orbitals:
      -------------------

      Pseudonatural active orbitals and approximate occupation numbers




      Molecular orbitals for symmetry species 1: a  


      Orbital                 1         2         3         4         5         6         7         8         9        10
      Energy           -15.5830  -15.5830  -11.2801  -11.2801  -11.2789  -11.2789   -1.2945   -1.1977   -1.0457   -0.8809
      Occ. No.           2.0000    2.0000    2.0000    2.0000    2.0000    2.0000    2.0000    2.0000    2.0000    2.0000

     1 N1     1s         0.6592   -0.7538   -0.0000   -0.0000    0.0002   -0.0000   -0.0099    0.0131   -0.0000    0.0000
     2 N1     2s         0.0010   -0.0023    0.0000    0.0010    0.0016   -0.0000    0.4147   -0.4942    0.0000   -0.0000
     3 N1     *s        -0.0056    0.0095   -0.0000   -0.0023   -0.0050    0.0000   -0.0633    0.0471    0.0000    0.0000
     4 N1     2px        0.0001   -0.0001    0.0002   -0.0000   -0.0000    0.0003    0.0031   -0.0035    0.1983    0.3482
     5 N1     *px       -0.0000    0.0001   -0.0011   -0.0000   -0.0000   -0.0020   -0.0004    0.0002   -0.0319   -0.0568
     6 N1     2py       -0.0062    0.0074    0.0000    0.0000    0.0001    0.0000   -0.1728    0.1943    0.0036    0.0063
     7 N1     *py        0.0021   -0.0035   -0.0000    0.0011    0.0016   -0.0000    0.0219   -0.0140   -0.0006   -0.0010
     8 N1     2pz       -0.0002    0.0003   -0.0000    0.0000    0.0000   -0.0000   -0.0065    0.0074   -0.0022   -0.0040
     9 N1     *pz        0.0001   -0.0001    0.0000    0.0000    0.0001    0.0000    0.0008   -0.0005    0.0004    0.0007
    10 N1     *d2-       0.0000   -0.0000    0.0001   -0.0000   -0.0000    0.0002    0.0000   -0.0001   -0.0181   -0.0200
    11 N1     *d1-       0.0000   -0.0000   -0.0000   -0.0000   -0.0000   -0.0000    0.0007   -0.0006    0.0002    0.0002
    12 N1     *d0       -0.0003    0.0003   -0.0000    0.0003    0.0004   -0.0000   -0.0111    0.0116    0.0000    0.0000
    13 N1     *d1+      -0.0000    0.0000    0.0000    0.0000    0.0000    0.0000   -0.0002    0.0003   -0.0007   -0.0008
    14 N1     *d2+       0.0000   -0.0000   -0.0000   -0.0001   -0.0001   -0.0000    0.0004   -0.0029    0.0007    0.0007
    15 C2     1s         0.0001   -0.0001   -0.5005    0.5005    0.5004   -0.5014   -0.0092    0.0084    0.0129    0.0082
    16 C2     2s         0.0002   -0.0015   -0.0041    0.0038    0.0043   -0.0049    0.3155   -0.2424   -0.4412   -0.3447
    17 C2     *s         0.0006   -0.0039    0.0027   -0.0024   -0.0021    0.0069   -0.1255    0.0863    0.1263    0.0319
    18 C2     2px        0.0005   -0.0008   -0.0004    0.0004    0.0004   -0.0003    0.1228   -0.1324   -0.0069   -0.0376
    19 C2     *px        0.0004   -0.0020    0.0005    0.0005    0.0019    0.0001   -0.0519    0.0682   -0.0096   -0.0050
    20 C2     2py        0.0013    0.0000   -0.0002    0.0004    0.0002   -0.0002   -0.0018   -0.1093    0.0807   -0.1775
    21 C2     *py       -0.0001    0.0012   -0.0006   -0.0003   -0.0001   -0.0031   -0.0049    0.0508   -0.0058    0.0987
    22 C2     2pz        0.0000    0.0000   -0.0000    0.0000    0.0000   -0.0000   -0.0016   -0.0025    0.0031   -0.0062
    23 C2     *pz       -0.0000    0.0001   -0.0000   -0.0000   -0.0000   -0.0001    0.0004    0.0011   -0.0001    0.0038
    24 C2     *d2-      -0.0004    0.0007   -0.0001    0.0001    0.0001   -0.0000    0.0076   -0.0171   -0.0044   -0.0121
    25 C2     *d1-      -0.0000    0.0000   -0.0000    0.0000    0.0000   -0.0000    0.0004    0.0005   -0.0010   -0.0000
    26 C2     *d0        0.0000   -0.0001    0.0001   -0.0003   -0.0007    0.0005   -0.0100    0.0067    0.0088    0.0057
    27 C2     *d1+      -0.0000    0.0000    0.0000   -0.0000   -0.0000    0.0000    0.0000   -0.0003   -0.0001   -0.0003
    28 C2     *d2+       0.0001   -0.0000    0.0000    0.0002    0.0000    0.0001    0.0042   -0.0185    0.0118   -0.0047
    29 C3     1s         0.0001    0.0001   -0.5006    0.5006   -0.5003    0.5013   -0.0092   -0.0084    0.0129   -0.0082
    30 C3     2s         0.0004    0.0015   -0.0041    0.0038   -0.0043    0.0049    0.3154    0.2426   -0.4412    0.3447
    31 C3     *s         0.0012    0.0038    0.0027   -0.0024    0.0021   -0.0069   -0.1255   -0.0863    0.1263   -0.0319
    32 C3     2px        0.0007    0.0007   -0.0004    0.0004   -0.0004    0.0003    0.1226    0.1362   -0.0041    0.0439
    33 C3     *px        0.0006    0.0019    0.0005    0.0005   -0.0019    0.0001   -0.0520   -0.0700   -0.0098    0.0015
    34 C3     2py       -0.0012    0.0002    0.0002   -0.0004    0.0002   -0.0002    0.0063   -0.1044   -0.0809   -0.1760
    35 C3     *py        0.0003    0.0012    0.0006    0.0003   -0.0002   -0.0031    0.0030    0.0483    0.0054    0.0988
    36 C3     2pz       -0.0001   -0.0000    0.0000   -0.0000    0.0000   -0.0000   -0.0013   -0.0056   -0.0030   -0.0072
    37 C3     *pz        0.0000    0.0000    0.0000    0.0000    0.0000   -0.0001    0.0007    0.0027    0.0003    0.0037
    38 C3     *d2-       0.0005    0.0006    0.0001   -0.0001    0.0001   -0.0000   -0.0072   -0.0157    0.0053   -0.0118
    39 C3     *d1-      -0.0000   -0.0000   -0.0000    0.0000   -0.0000    0.0000    0.0006   -0.0001   -0.0011    0.0003
    40 C3     *d0        0.0001    0.0001    0.0001   -0.0003    0.0007   -0.0005   -0.0100   -0.0067    0.0088   -0.0057
    41 C3     *d1+       0.0000    0.0000    0.0000   -0.0000    0.0000   -0.0000   -0.0005   -0.0010    0.0002   -0.0006
    42 C3     *d2+       0.0001   -0.0000    0.0000    0.0002   -0.0000   -0.0001    0.0047    0.0196    0.0114    0.0056
    43 N4     1s         0.7535    0.6595   -0.0000   -0.0000   -0.0002    0.0000   -0.0099   -0.0131    0.0000    0.0000
    44 N4     2s         0.0013    0.0021    0.0000    0.0010   -0.0016    0.0000    0.4145    0.4942    0.0000   -0.0000
    45 N4     *s        -0.0068   -0.0087   -0.0000   -0.0023    0.0050   -0.0000   -0.0632   -0.0471    0.0000    0.0000
    46 N4     2px       -0.0001   -0.0001    0.0002    0.0000   -0.0000   -0.0003   -0.0031   -0.0035    0.1983   -0.3482
    47 N4     *px        0.0000    0.0001   -0.0011    0.0000   -0.0000    0.0020    0.0004    0.0002   -0.0319    0.0568
    48 N4     2py        0.0071    0.0065    0.0000   -0.0000    0.0001   -0.0000    0.1728    0.1944    0.0036   -0.0063
    49 N4     *py       -0.0026   -0.0032   -0.0000   -0.0011    0.0016    0.0000   -0.0219   -0.0140   -0.0006    0.0010
    50 N4     2pz        0.0003    0.0002   -0.0000   -0.0000    0.0000    0.0000    0.0065    0.0074   -0.0022    0.0040
    51 N4     *pz       -0.0001   -0.0001    0.0000   -0.0000    0.0001   -0.0000   -0.0008   -0.0005    0.0004   -0.0007
    52 N4     *d2-       0.0000    0.0000   -0.0001   -0.0000    0.0000    0.0002    0.0000    0.0001    0.0181   -0.0200
    53 N4     *d1-       0.0000    0.0000    0.0000   -0.0000    0.0000   -0.0000    0.0007    0.0006   -0.0002    0.0002
    54 N4     *d0       -0.0003   -0.0003    0.0000    0.0003   -0.0004    0.0000   -0.0111   -0.0116   -0.0000    0.0000
    55 N4     *d1+      -0.0000   -0.0000   -0.0000    0.0000   -0.0000    0.0000   -0.0002   -0.0003    0.0007   -0.0008
    56 N4     *d2+       0.0000    0.0000    0.0000   -0.0001    0.0001   -0.0000    0.0004    0.0029   -0.0007    0.0007
    57 C5     1s         0.0001    0.0001    0.5007    0.5005   -0.5011   -0.5005   -0.0092   -0.0084   -0.0129    0.0082
    58 C5     2s         0.0004    0.0015    0.0041    0.0038   -0.0043   -0.0049    0.3154    0.2426    0.4412   -0.3447
    59 C5     *s         0.0012    0.0038   -0.0027   -0.0024    0.0022    0.0069   -0.1255   -0.0863   -0.1263    0.0319
    60 C5     2px       -0.0006   -0.0007   -0.0004   -0.0004    0.0004    0.0003   -0.1227   -0.1324   -0.0069    0.0376
    61 C5     *px       -0.0006   -0.0019    0.0005   -0.0005    0.0019   -0.0001    0.0519    0.0683   -0.0096    0.0050
    62 C5     2py       -0.0013    0.0002   -0.0002   -0.0004    0.0002    0.0002    0.0018   -0.1093    0.0807    0.1775
    63 C5     *py        0.0003    0.0011   -0.0006    0.0003   -0.0001    0.0031    0.0049    0.0508   -0.0058   -0.0987
    64 C5     2pz       -0.0000    0.0000   -0.0000   -0.0000    0.0000    0.0000    0.0016   -0.0025    0.0031    0.0062
    65 C5     *pz        0.0000    0.0001   -0.0000    0.0000   -0.0000    0.0001   -0.0004    0.0011   -0.0001   -0.0038
    66 C5     *d2-      -0.0005   -0.0006    0.0001    0.0001   -0.0001   -0.0000    0.0076    0.0171    0.0044   -0.0121
    67 C5     *d1-      -0.0000   -0.0000    0.0000    0.0000   -0.0000   -0.0000    0.0004   -0.0005    0.0010   -0.0000
    68 C5     *d0        0.0001    0.0001   -0.0001   -0.0003    0.0007    0.0005   -0.0100   -0.0067   -0.0088    0.0057
    69 C5     *d1+      -0.0000   -0.0000   -0.0000   -0.0000    0.0000    0.0000    0.0000    0.0003    0.0001   -0.0003
    70 C5     *d2+       0.0001    0.0000   -0.0000    0.0002   -0.0000    0.0001    0.0042    0.0185   -0.0118   -0.0047
    71 C6     1s         0.0001   -0.0001    0.5006    0.5004    0.5012    0.5006   -0.0092    0.0084   -0.0129   -0.0082
    72 C6     2s         0.0002   -0.0015    0.0041    0.0038    0.0043    0.0049    0.3155   -0.2424    0.4412    0.3447
    73 C6     *s         0.0006   -0.0039   -0.0027   -0.0024   -0.0022   -0.0069   -0.1255    0.0863   -0.1263   -0.0319
    74 C6     2px       -0.0006    0.0008   -0.0004   -0.0004   -0.0004   -0.0003   -0.1226    0.1362   -0.0041   -0.0439
    75 C6     *px       -0.0004    0.0020    0.0005   -0.0005   -0.0019   -0.0001    0.0521   -0.0700   -0.0098   -0.0015
    76 C6     2py        0.0013    0.0000    0.0002    0.0004    0.0002    0.0002   -0.0062   -0.1044   -0.0809    0.1760
    77 C6     *py       -0.0001    0.0012    0.0006   -0.0003   -0.0002    0.0031   -0.0030    0.0483    0.0054   -0.0988
    78 C6     2pz        0.0001   -0.0000    0.0000    0.0000    0.0000    0.0000    0.0013   -0.0056   -0.0030    0.0072
    79 C6     *pz       -0.0000    0.0000    0.0000   -0.0000    0.0000    0.0001   -0.0007    0.0027    0.0003   -0.0037
    80 C6     *d2-       0.0004   -0.0007   -0.0001   -0.0001   -0.0001   -0.0000   -0.0073    0.0157   -0.0053   -0.0118
    81 C6     *d1-      -0.0000    0.0000    0.0000    0.0000    0.0000    0.0000    0.0006    0.0001    0.0011    0.0003
    82 C6     *d0        0.0000   -0.0001   -0.0001   -0.0003   -0.0007   -0.0005   -0.0100    0.0067   -0.0088   -0.0057
    83 C6     *d1+       0.0000   -0.0000   -0.0000   -0.0000   -0.0000   -0.0000   -0.0005    0.0010   -0.0002   -0.0006
    84 C6     *d2+       0.0001    0.0000   -0.0000    0.0002    0.0000   -0.0001    0.0047   -0.0196   -0.0114    0.0056
    85 H7     1s         0.0006   -0.0003    0.0005   -0.0002   -0.0001    0.0005    0.0577   -0.0560   -0.1501   -0.1975
    86 H7     *s         0.0002   -0.0005   -0.0006    0.0010    0.0011   -0.0002   -0.0264    0.0302    0.0608    0.0698
    87 H7     *px       -0.0001    0.0002    0.0002   -0.0002   -0.0003    0.0003    0.0061   -0.0075   -0.0103   -0.0128
    88 H7     *py       -0.0000    0.0000   -0.0000    0.0000    0.0002   -0.0000   -0.0015   -0.0008    0.0077    0.0050
    89 H7     *pz        0.0000   -0.0000   -0.0000    0.0000    0.0000   -0.0000   -0.0001    0.0001    0.0004    0.0003
    90 H8     1s         0.0006    0.0002    0.0005   -0.0002    0.0001   -0.0005    0.0577    0.0560   -0.1501    0.1975
    91 H8     *s         0.0002    0.0004   -0.0006    0.0010   -0.0011    0.0002   -0.0264   -0.0302    0.0608   -0.0698
    92 H8     *px       -0.0001   -0.0002    0.0002   -0.0002    0.0003   -0.0003    0.0061    0.0075   -0.0101    0.0126
    93 H8     *py        0.0000    0.0000    0.0000   -0.0000    0.0002   -0.0000    0.0017   -0.0005   -0.0081    0.0055
    94 H8     *pz        0.0000    0.0000   -0.0000    0.0000    0.0000    0.0000   -0.0000   -0.0001   -0.0002    0.0001
    95 H9     1s         0.0006    0.0002   -0.0005   -0.0002    0.0001    0.0005    0.0577    0.0560    0.1501   -0.1975
    96 H9     *s         0.0002    0.0004    0.0006    0.0010   -0.0011   -0.0002   -0.0264   -0.0302   -0.0608    0.0698
    97 H9     *px        0.0001    0.0002    0.0002    0.0002   -0.0003   -0.0003   -0.0061   -0.0075   -0.0103    0.0128
    98 H9     *py        0.0000    0.0000   -0.0000   -0.0000    0.0002    0.0000    0.0015   -0.0008    0.0077   -0.0050
    99 H9     *pz       -0.0000   -0.0000   -0.0000   -0.0000    0.0000    0.0000    0.0001    0.0001    0.0004   -0.0003
   100 H10    1s         0.0006   -0.0003   -0.0005   -0.0002   -0.0001   -0.0005    0.0577   -0.0560    0.1501    0.1975
   101 H10    *s         0.0002   -0.0005    0.0006    0.0010    0.0011    0.0002   -0.0264    0.0302   -0.0608   -0.0698
   102 H10    *px        0.0001   -0.0002    0.0002    0.0002    0.0003    0.0003   -0.0061    0.0075   -0.0101   -0.0126
   103 H10    *py       -0.0000    0.0000    0.0000    0.0000    0.0002    0.0000   -0.0017   -0.0005   -0.0081   -0.0055
   104 H10    *pz       -0.0000    0.0000   -0.0000   -0.0000    0.0000   -0.0000    0.0000   -0.0001   -0.0002   -0.0001


      Orbital                11        12        13        14        15        16        17        18        19        20
      Energy            -0.8744   -0.6949   -0.6672   -0.6671   -0.6004   -0.5414   -0.5601   -0.5071   -0.4190   -0.4770
      Occ. No.           2.0000    2.0000    2.0000    2.0000    2.0000    2.0000    1.9595    1.9828    1.9027    1.9820

     1 N1     1s         0.0018    0.0000   -0.0011    0.0010    0.0000   -0.0000    0.0000    0.0105   -0.0000   -0.0069
     2 N1     2s        -0.2976   -0.0000    0.1057   -0.1579    0.0000   -0.0000   -0.0000    0.3503   -0.0000   -0.3517
     3 N1     *s         0.0339   -0.0000    0.0033   -0.0007   -0.0000    0.0000   -0.0000   -0.0456    0.0000   -0.0233
     4 N1     2px       -0.0020   -0.4167   -0.0003   -0.0018   -0.1137   -0.3471   -0.0044   -0.0097   -0.0062    0.0095
     5 N1     *px       -0.0000    0.0599    0.0007    0.0003    0.0296    0.0494    0.0002   -0.0007   -0.0000    0.0010
     6 N1     2py        0.1111   -0.0076    0.0157    0.1035   -0.0021   -0.0063    0.0137    0.5473    0.0194   -0.5316
     7 N1     *py        0.0019    0.0011   -0.0414   -0.0185    0.0005    0.0009   -0.0007    0.0384    0.0001   -0.0574
     8 N1     2pz        0.0042    0.0048    0.0006    0.0039    0.0013    0.0040   -0.3648    0.0207   -0.5160   -0.0201
     9 N1     *pz        0.0001   -0.0007   -0.0016   -0.0007   -0.0003   -0.0006    0.0197    0.0015   -0.0013   -0.0022
    10 N1     *d2-      -0.0001    0.0179    0.0006    0.0005    0.0155    0.0194    0.0002    0.0003    0.0003   -0.0002
    11 N1     *d1-      -0.0002   -0.0002   -0.0005   -0.0005   -0.0002   -0.0002    0.0195   -0.0012    0.0204    0.0011
    12 N1     *d0        0.0040   -0.0000   -0.0015   -0.0005   -0.0000   -0.0000    0.0013    0.0122    0.0013   -0.0128
    13 N1     *d1+       0.0001    0.0007   -0.0002   -0.0002    0.0006    0.0007   -0.0003    0.0002   -0.0004   -0.0002
    14 N1     *d2+      -0.0019   -0.0006    0.0155    0.0132   -0.0006   -0.0007    0.0007    0.0095    0.0008   -0.0071
    15 C2     1s        -0.0070    0.0015   -0.0012   -0.0030    0.0028    0.0037   -0.0000   -0.0013   -0.0000    0.0032
    16 C2     2s         0.2717   -0.0217   -0.0198    0.2107    0.0829   -0.0232   -0.0000   -0.1441   -0.0000    0.0424
    17 C2     *s        -0.0416   -0.0122    0.0022   -0.0178   -0.0072   -0.0152    0.0000   -0.0004   -0.0000   -0.0692
    18 C2     2px       -0.2108    0.2038   -0.1596   -0.2653    0.2965    0.3390   -0.0038   -0.0825   -0.0029    0.0790
    19 C2     *px        0.0652   -0.0556    0.0249    0.0594   -0.0480   -0.0616    0.0004    0.0933   -0.0001   -0.0439
    20 C2     2py       -0.2361    0.3542    0.3536    0.1145   -0.2559    0.0146    0.0119   -0.0005    0.0089    0.1417
    21 C2     *py        0.0703   -0.1038   -0.0907   -0.0259    0.0624   -0.0019   -0.0012    0.0566    0.0004   -0.0371
    22 C2     2pz       -0.0063    0.0108    0.0152    0.0075   -0.0132   -0.0036   -0.3173    0.0010   -0.2379    0.0044
    23 C2     *pz        0.0019   -0.0032   -0.0037   -0.0017    0.0029    0.0007    0.0311    0.0010   -0.0095   -0.0009
    24 C2     *d2-      -0.0058    0.0110    0.0039   -0.0200    0.0030    0.0340    0.0007    0.0114    0.0006   -0.0156
    25 C2     *d1-       0.0009   -0.0004   -0.0007    0.0000    0.0005    0.0001    0.0055    0.0007   -0.0184   -0.0005
    26 C2     *d0       -0.0012   -0.0018    0.0029    0.0036   -0.0013   -0.0030    0.0007   -0.0005   -0.0007   -0.0024
    27 C2     *d1+       0.0000    0.0003    0.0001   -0.0007    0.0002    0.0013   -0.0177    0.0007   -0.0219   -0.0009
    28 C2     *d2+      -0.0209    0.0091    0.0113   -0.0009   -0.0133   -0.0074   -0.0000   -0.0222   -0.0010    0.0226
    29 C3     1s        -0.0070    0.0015   -0.0015    0.0029    0.0028   -0.0037    0.0000    0.0013   -0.0000    0.0032
    30 C3     2s         0.2716   -0.0217   -0.0020   -0.2116    0.0829    0.0232   -0.0000    0.1440    0.0000    0.0427
    31 C3     *s        -0.0416   -0.0122    0.0007    0.0179   -0.0072    0.0152    0.0000    0.0006    0.0000   -0.0692
    32 C3     2px       -0.2191    0.2163   -0.1683    0.2478    0.2872   -0.3393   -0.0039    0.0823    0.0029    0.0841
    33 C3     *px        0.0677   -0.0592    0.0264   -0.0564   -0.0457    0.0616    0.0004   -0.0951    0.0001   -0.0454
    34 C3     2py        0.2283   -0.3465   -0.3684    0.0935    0.2665    0.0022    0.0119    0.0028   -0.0090   -0.1387
    35 C3     *py       -0.0679    0.1017    0.0936   -0.0203   -0.0641    0.0003   -0.0012    0.0531   -0.0004    0.0355
    36 C3     2pz        0.0112   -0.0157   -0.0118    0.0005    0.0065    0.0042   -0.3173   -0.0009    0.2379   -0.0062
    37 C3     *pz       -0.0034    0.0045    0.0032   -0.0001   -0.0019   -0.0007    0.0311    0.0032    0.0095    0.0019
    38 C3     *d2-       0.0042   -0.0103   -0.0014   -0.0200   -0.0039    0.0344    0.0006    0.0130   -0.0011    0.0173
    39 C3     *d1-       0.0008   -0.0001   -0.0006    0.0003    0.0006   -0.0008   -0.0061   -0.0010   -0.0176   -0.0009
    40 C3     *d0       -0.0012   -0.0018    0.0032   -0.0033   -0.0013    0.0029   -0.0000    0.0004   -0.0016   -0.0024
    41 C3     *d1+       0.0004   -0.0005   -0.0001   -0.0009   -0.0000    0.0013   -0.0175    0.0002    0.0225    0.0003
    42 C3     *d2+      -0.0213    0.0099    0.0114    0.0033   -0.0131    0.0050   -0.0004    0.0212   -0.0004    0.0215
    43 N4     1s         0.0018   -0.0000   -0.0010   -0.0011   -0.0000    0.0000   -0.0000   -0.0105   -0.0000   -0.0069
    44 N4     2s        -0.2976   -0.0000    0.0921    0.1662   -0.0000    0.0000    0.0000   -0.3498   -0.0000   -0.3524
    45 N4     *s         0.0339   -0.0000    0.0032    0.0010   -0.0000    0.0000    0.0000    0.0457   -0.0000   -0.0232
    46 N4     2px        0.0020   -0.4167    0.0004   -0.0018   -0.1137    0.3471   -0.0044   -0.0097    0.0062   -0.0095
    47 N4     *px        0.0000    0.0599   -0.0008    0.0003    0.0296   -0.0494    0.0002   -0.0007    0.0000   -0.0010
    48 N4     2py       -0.1112   -0.0076   -0.0243    0.1019   -0.0021    0.0063    0.0137    0.5462   -0.0194    0.5326
    49 N4     *py       -0.0019    0.0011    0.0428   -0.0150    0.0005   -0.0009   -0.0007    0.0383   -0.0001    0.0575
    50 N4     2pz       -0.0042    0.0048   -0.0009    0.0039    0.0013   -0.0040   -0.3648    0.0207    0.5160    0.0202
    51 N4     *pz       -0.0001   -0.0007    0.0016   -0.0006   -0.0003    0.0006    0.0197    0.0015    0.0013    0.0022
    52 N4     *d2-      -0.0001   -0.0179    0.0006   -0.0004   -0.0155    0.0194   -0.0002   -0.0003    0.0003   -0.0002
    53 N4     *d1-      -0.0002    0.0002   -0.0005    0.0004    0.0002   -0.0002   -0.0195    0.0012    0.0204    0.0011
    54 N4     *d0        0.0040    0.0000   -0.0015    0.0004    0.0000   -0.0000   -0.0013   -0.0121    0.0013   -0.0128
    55 N4     *d1+       0.0001   -0.0007   -0.0002    0.0001   -0.0006    0.0007    0.0003   -0.0002   -0.0004   -0.0002
    56 N4     *d2+      -0.0019    0.0006    0.0166   -0.0118    0.0006   -0.0007   -0.0007   -0.0095    0.0008   -0.0071
    57 C5     1s        -0.0070   -0.0015   -0.0015    0.0029   -0.0028    0.0037   -0.0000    0.0013    0.0000    0.0032
    58 C5     2s         0.2716    0.0217   -0.0020   -0.2116   -0.0829   -0.0232    0.0000    0.1440   -0.0000    0.0427
    59 C5     *s        -0.0416    0.0122    0.0007    0.0179    0.0072   -0.0152   -0.0000    0.0006   -0.0000   -0.0692
    60 C5     2px        0.2108    0.2038    0.1813   -0.2510    0.2965   -0.3390   -0.0039   -0.0824    0.0029   -0.0791
    61 C5     *px       -0.0653   -0.0556   -0.0298    0.0571   -0.0480    0.0616    0.0004    0.0932    0.0001    0.0441
    62 C5     2py        0.2361    0.3542   -0.3620    0.0844   -0.2559   -0.0146    0.0119   -0.0002   -0.0089   -0.1417
    63 C5     *py       -0.0703   -0.1038    0.0926   -0.0182    0.0624    0.0019   -0.0012    0.0566   -0.0004    0.0372
    64 C5     2pz        0.0063    0.0109   -0.0158    0.0062   -0.0132    0.0036   -0.3173    0.0010    0.2379   -0.0044
    65 C5     *pz       -0.0019   -0.0032    0.0038   -0.0014    0.0029   -0.0007    0.0311    0.0010    0.0095    0.0009
    66 C5     *d2-      -0.0058   -0.0110    0.0022    0.0202   -0.0030    0.0340   -0.0007   -0.0114    0.0006   -0.0157
    67 C5     *d1-       0.0009    0.0004   -0.0007   -0.0001   -0.0005    0.0001   -0.0055   -0.0007   -0.0184   -0.0005
    68 C5     *d0       -0.0012    0.0018    0.0032   -0.0034    0.0013   -0.0030   -0.0007    0.0005   -0.0007   -0.0024
    69 C5     *d1+       0.0000   -0.0003    0.0000    0.0007   -0.0002    0.0013    0.0177   -0.0007   -0.0219   -0.0009
    70 C5     *d2+      -0.0209   -0.0091    0.0112    0.0018    0.0133   -0.0074    0.0000    0.0221   -0.0010    0.0227
    71 C6     1s        -0.0070   -0.0015   -0.0012   -0.0030   -0.0028   -0.0037    0.0000   -0.0013    0.0000    0.0032
    72 C6     2s         0.2716    0.0217   -0.0198    0.2107   -0.0829    0.0232    0.0000   -0.1441    0.0000    0.0424
    73 C6     *s        -0.0416    0.0122    0.0022   -0.0178    0.0072    0.0152   -0.0000   -0.0004    0.0000   -0.0692
    74 C6     2px        0.2191    0.2163    0.1469    0.2611    0.2872    0.3393   -0.0038    0.0825   -0.0029   -0.0840
    75 C6     *px       -0.0677   -0.0592   -0.0216   -0.0584   -0.0457   -0.0616    0.0004   -0.0952   -0.0001    0.0452
    76 C6     2py       -0.2283   -0.3465    0.3592    0.1241    0.2665   -0.0022    0.0119    0.0025    0.0090    0.1388
    77 C6     *py        0.0679    0.1017   -0.0916   -0.0281   -0.0641   -0.0003   -0.0012    0.0532    0.0004   -0.0354
    78 C6     2pz       -0.0112   -0.0157    0.0117    0.0015    0.0065   -0.0042   -0.3173   -0.0009   -0.2379    0.0062
    79 C6     *pz        0.0034    0.0045   -0.0032   -0.0003   -0.0019    0.0007    0.0311    0.0032   -0.0095   -0.0019
    80 C6     *d2-       0.0042    0.0103   -0.0031    0.0198    0.0039    0.0344   -0.0006   -0.0130   -0.0011    0.0172
    81 C6     *d1-       0.0008    0.0001   -0.0006   -0.0004   -0.0006   -0.0008    0.0061    0.0010   -0.0176   -0.0009
    82 C6     *d0       -0.0012    0.0018    0.0030    0.0036    0.0013    0.0029    0.0000   -0.0004   -0.0016   -0.0024
    83 C6     *d1+       0.0004    0.0005   -0.0002    0.0009    0.0000    0.0013    0.0175   -0.0002    0.0225    0.0003
    84 C6     *d2+      -0.0213   -0.0099    0.0116   -0.0023    0.0131    0.0050    0.0004   -0.0213   -0.0004    0.0215
    85 H7     1s         0.1595   -0.0165    0.2888    0.3776   -0.3292   -0.3353   -0.0000   -0.0347   -0.0000    0.1062
    86 H7     *s        -0.0740    0.0093   -0.0897   -0.1259    0.1010    0.0848    0.0000    0.0273    0.0000   -0.0083
    87 H7     *px        0.0083    0.0006    0.0127    0.0146   -0.0123   -0.0080   -0.0001   -0.0013   -0.0001    0.0021
    88 H7     *py       -0.0102    0.0043   -0.0035   -0.0114    0.0048    0.0087    0.0002   -0.0027    0.0002    0.0045
    89 H7     *pz       -0.0005    0.0002   -0.0003   -0.0006    0.0003    0.0004   -0.0066   -0.0001   -0.0051    0.0001
    90 H8     1s         0.1595   -0.0165    0.3195   -0.3521   -0.3292    0.3353    0.0000    0.0345   -0.0000    0.1063
    91 H8     *s        -0.0739    0.0093   -0.1000    0.1179    0.1010   -0.0848   -0.0000   -0.0273    0.0000   -0.0083
    92 H8     *px        0.0079    0.0007    0.0137   -0.0130   -0.0121    0.0077   -0.0001    0.0014    0.0001    0.0022
    93 H8     *py        0.0105   -0.0042    0.0050   -0.0116   -0.0052    0.0090    0.0002   -0.0027   -0.0002   -0.0044
    94 H8     *pz        0.0003   -0.0002    0.0000   -0.0003   -0.0001    0.0002   -0.0066   -0.0001    0.0051   -0.0002
    95 H9     1s         0.1595    0.0165    0.3195   -0.3521    0.3292   -0.3353   -0.0000    0.0345    0.0000    0.1062
    96 H9     *s        -0.0740   -0.0093   -0.1000    0.1179   -0.1010    0.0848    0.0000   -0.0273   -0.0000   -0.0083
    97 H9     *px       -0.0083    0.0006   -0.0139    0.0134   -0.0123    0.0080   -0.0001   -0.0013    0.0001   -0.0021
    98 H9     *py        0.0102    0.0043    0.0045   -0.0111    0.0048   -0.0087    0.0002   -0.0027   -0.0002   -0.0045
    99 H9     *pz        0.0005    0.0002    0.0003   -0.0006    0.0003   -0.0004   -0.0066   -0.0001    0.0051   -0.0001
   100 H10    1s         0.1595    0.0165    0.2888    0.3776    0.3292    0.3353    0.0000   -0.0347   -0.0000    0.1062
   101 H10    *s        -0.0740   -0.0093   -0.0897   -0.1259   -0.1010   -0.0848   -0.0000    0.0273   -0.0000   -0.0083
   102 H10    *px       -0.0079    0.0007   -0.0126   -0.0141   -0.0121   -0.0077   -0.0001    0.0014   -0.0001   -0.0022
   103 H10    *py       -0.0105   -0.0042   -0.0040   -0.0119   -0.0052   -0.0090    0.0002   -0.0027    0.0002    0.0044
   104 H10    *pz       -0.0003   -0.0002    0.0000   -0.0003   -0.0001   -0.0002   -0.0066   -0.0001   -0.0051    0.0002


      Orbital                21        22        23        24        25        26
      Energy            -0.3449    0.1386    0.1485    0.9884    0.4229    0.9827
      Occ. No.           1.9069    0.1053    0.0923    0.0142    0.0402    0.0140

     1 N1     1s         0.0000   -0.0000   -0.0000    0.1671   -0.0000    0.1547
     2 N1     2s         0.0000   -0.0000    0.0000    0.8013   -0.0000    0.8154
     3 N1     *s         0.0000    0.0000    0.0000   -0.7716    0.0000   -0.4755
     4 N1     2px       -0.0000   -0.0087    0.0000   -0.0167   -0.0083   -0.0160
     5 N1     *px       -0.0000    0.0011   -0.0000    0.0182    0.0022    0.0183
     6 N1     2py        0.0000    0.0272   -0.0000    0.9400    0.0259    0.8970
     7 N1     *py        0.0000   -0.0035   -0.0000   -1.0214   -0.0068   -1.0272
     8 N1     2pz       -0.0000   -0.7218    0.0000    0.0356   -0.6874    0.0339
     9 N1     *pz        0.0000    0.0937   -0.0000   -0.0386    0.1814   -0.0389
    10 N1     *d2-      -0.0008   -0.0001   -0.0010   -0.0038   -0.0004   -0.0040
    11 N1     *d1-       0.0004   -0.0065    0.0005    0.0072   -0.0297    0.0070
    12 N1     *d0       -0.0004   -0.0004   -0.0005   -0.0489   -0.0019   -0.0412
    13 N1     *d1+       0.0216    0.0001    0.0271    0.0001    0.0005    0.0003
    14 N1     *d2+       0.0003   -0.0002    0.0003   -0.1056   -0.0011   -0.1122
    15 C2     1s        -0.0000    0.0000   -0.0000    0.0120    0.0000    0.0142
    16 C2     2s        -0.0000    0.0000   -0.0000    0.0478    0.0001    0.2035
    17 C2     *s         0.0000    0.0000   -0.0000   -0.2020    0.0000   -0.0204
    18 C2     2px       -0.0053    0.0040   -0.0073    0.1299    0.0062    0.1053
    19 C2     *px       -0.0001   -0.0001   -0.0001   -0.0909    0.0003   -0.3167
    20 C2     2py        0.0166   -0.0123    0.0227    0.1027   -0.0194   -0.0864
    21 C2     *py        0.0004    0.0004    0.0004   -0.0752   -0.0009   -0.1636
    22 C2     2pz       -0.4414    0.3269   -0.6039    0.0023    0.5148   -0.0045
    23 C2     *pz       -0.0112   -0.0114   -0.0094   -0.0017    0.0248   -0.0023
    24 C2     *d2-       0.0004   -0.0000    0.0004   -0.0502   -0.0002   -0.0191
    25 C2     *d1-       0.0169   -0.0248   -0.0181   -0.0002    0.0039   -0.0013
    26 C2     *d0        0.0012   -0.0015   -0.0009   -0.0070    0.0001    0.0047
    27 C2     *d1+      -0.0041   -0.0075   -0.0153   -0.0024    0.0074   -0.0010
    28 C2     *d2+       0.0006   -0.0010   -0.0009    0.0325    0.0002    0.0315
    29 C3     1s        -0.0000    0.0000    0.0000    0.0119   -0.0000   -0.0142
    30 C3     2s        -0.0000    0.0000    0.0000    0.0475   -0.0000   -0.2035
    31 C3     *s         0.0000    0.0000    0.0000   -0.2021   -0.0000    0.0207
    32 C3     2px       -0.0053    0.0040    0.0073    0.1333   -0.0063   -0.1023
    33 C3     *px       -0.0001   -0.0001    0.0001   -0.0931   -0.0003    0.3224
    34 C3     2py        0.0166   -0.0123   -0.0227   -0.0980    0.0194   -0.0901
    35 C3     *py        0.0004    0.0004   -0.0003    0.0716    0.0009   -0.1520
    36 C3     2pz       -0.4414    0.3269    0.6039   -0.0053   -0.5148   -0.0021
    37 C3     *pz       -0.0112   -0.0114    0.0094    0.0038   -0.0248   -0.0096
    38 C3     *d2-      -0.0001    0.0006   -0.0008    0.0524    0.0003   -0.0213
    39 C3     *d1-      -0.0170    0.0245   -0.0175   -0.0013    0.0036    0.0017
    40 C3     *d0       -0.0010    0.0018   -0.0015   -0.0071    0.0004   -0.0047
    41 C3     *d1+      -0.0035   -0.0084    0.0159    0.0015   -0.0075   -0.0005
    42 C3     *d2+      -0.0007    0.0008   -0.0005    0.0287    0.0000   -0.0300
    43 N4     1s         0.0000    0.0000    0.0000    0.1670   -0.0000   -0.1550
    44 N4     2s         0.0000    0.0000   -0.0000    0.8008   -0.0000   -0.8168
    45 N4     *s         0.0000   -0.0000   -0.0000   -0.7713    0.0000    0.4767
    46 N4     2px        0.0000   -0.0087    0.0000    0.0167    0.0083   -0.0160
    47 N4     *px        0.0000    0.0011   -0.0000   -0.0181   -0.0022    0.0183
    48 N4     2py       -0.0000    0.0272   -0.0000   -0.9388   -0.0259    0.8980
    49 N4     *py       -0.0000   -0.0035    0.0000    1.0203    0.0068   -1.0284
    50 N4     2pz        0.0000   -0.7218    0.0000   -0.0355    0.6874    0.0340
    51 N4     *pz       -0.0000    0.0937   -0.0000    0.0386   -0.1814   -0.0389
    52 N4     *d2-      -0.0008    0.0001    0.0010   -0.0038   -0.0004    0.0040
    53 N4     *d1-       0.0004    0.0065   -0.0005    0.0072   -0.0297   -0.0070
    54 N4     *d0       -0.0004    0.0004    0.0005   -0.0488   -0.0019    0.0412
    55 N4     *d1+       0.0216   -0.0001   -0.0271    0.0001    0.0005   -0.0003
    56 N4     *d2+       0.0003    0.0002   -0.0003   -0.1055   -0.0011    0.1124
    57 C5     1s         0.0000   -0.0000    0.0000    0.0119    0.0000   -0.0142
    58 C5     2s        -0.0000   -0.0000    0.0000    0.0475    0.0000   -0.2035
    59 C5     *s         0.0000   -0.0000    0.0000   -0.2021    0.0000    0.0207
    60 C5     2px        0.0053    0.0040   -0.0073   -0.1297   -0.0062    0.1054
    61 C5     *px        0.0001   -0.0001   -0.0001    0.0905   -0.0003   -0.3168
    62 C5     2py       -0.0166   -0.0123    0.0227   -0.1028    0.0194   -0.0863
    63 C5     *py       -0.0004    0.0004    0.0004    0.0749    0.0009   -0.1637
    64 C5     2pz        0.4414    0.3269   -0.6039   -0.0023   -0.5148   -0.0045
    65 C5     *pz        0.0112   -0.0114   -0.0094    0.0017   -0.0248   -0.0023
    66 C5     *d2-       0.0004    0.0000   -0.0004   -0.0501   -0.0002    0.0191
    67 C5     *d1-       0.0169    0.0248    0.0181   -0.0002    0.0039    0.0013
    68 C5     *d0        0.0012    0.0015    0.0009   -0.0070    0.0001   -0.0047
    69 C5     *d1+      -0.0041    0.0075    0.0153   -0.0024    0.0074    0.0010
    70 C5     *d2+       0.0006    0.0010    0.0009    0.0324    0.0002   -0.0315
    71 C6     1s        -0.0000   -0.0000   -0.0000    0.0120   -0.0000    0.0142
    72 C6     2s        -0.0000   -0.0000   -0.0000    0.0478   -0.0001    0.2035
    73 C6     *s         0.0000   -0.0000   -0.0000   -0.2020   -0.0000   -0.0204
    74 C6     2px        0.0053    0.0040    0.0073   -0.1335    0.0062   -0.1022
    75 C6     *px        0.0001   -0.0001    0.0001    0.0935    0.0003    0.3223
    76 C6     2py       -0.0166   -0.0123   -0.0227    0.0979   -0.0194   -0.0902
    77 C6     *py       -0.0004    0.0004   -0.0003   -0.0718   -0.0009   -0.1520
    78 C6     2pz        0.4414    0.3269    0.6039    0.0053    0.5148   -0.0021
    79 C6     *pz        0.0112   -0.0114    0.0094   -0.0038    0.0248   -0.0096
    80 C6     *d2-      -0.0001   -0.0006    0.0008    0.0524    0.0003    0.0213
    81 C6     *d1-      -0.0170   -0.0245    0.0175   -0.0013    0.0036   -0.0017
    82 C6     *d0       -0.0010   -0.0018    0.0015   -0.0071    0.0004    0.0047
    83 C6     *d1+      -0.0035    0.0084   -0.0159    0.0015   -0.0075    0.0005
    84 C6     *d2+      -0.0007   -0.0008    0.0005    0.0288    0.0000    0.0300
    85 H7     1s        -0.0000   -0.0000    0.0000    0.1675   -0.0000    0.0442
    86 H7     *s         0.0000    0.0000   -0.0000    0.0087    0.0000   -0.0816
    87 H7     *px       -0.0001    0.0001   -0.0001   -0.0049    0.0001    0.0013
    88 H7     *py        0.0004   -0.0002    0.0003    0.0095   -0.0002    0.0043
    89 H7     *pz       -0.0098    0.0051   -0.0068    0.0004    0.0044    0.0001
    90 H8     1s         0.0000   -0.0000   -0.0000    0.1675    0.0000   -0.0444
    91 H8     *s        -0.0000    0.0000    0.0000    0.0088   -0.0000    0.0816
    92 H8     *px       -0.0001    0.0001    0.0001   -0.0045   -0.0001   -0.0014
    93 H8     *py        0.0004   -0.0002   -0.0003   -0.0097    0.0002    0.0043
    94 H8     *pz       -0.0098    0.0051    0.0068   -0.0003   -0.0044    0.0002
    95 H9     1s        -0.0000    0.0000   -0.0000    0.1675   -0.0000   -0.0444
    96 H9     *s        -0.0000   -0.0000    0.0000    0.0088    0.0000    0.0816
    97 H9     *px        0.0001    0.0001   -0.0001    0.0049   -0.0001    0.0013
    98 H9     *py       -0.0004   -0.0002    0.0003   -0.0095    0.0002    0.0043
    99 H9     *pz        0.0098    0.0051   -0.0068   -0.0004   -0.0044    0.0001
   100 H10    1s        -0.0000    0.0000    0.0000    0.1675    0.0000    0.0442
   101 H10    *s         0.0000    0.0000    0.0000    0.0087   -0.0000   -0.0816
   102 H10    *px        0.0001    0.0001    0.0001    0.0045    0.0001   -0.0015
   103 H10    *py       -0.0004   -0.0002   -0.0003    0.0097   -0.0002    0.0043
   104 H10    *pz        0.0098    0.0051    0.0068    0.0003    0.0044    0.0002
--

      Von Neumann Entropy (Root   1) =  0.83067


      Mulliken population analysis for root number:  1
      -----------------------------------------------


++    Molecular charges:
      ------------------

      Mulliken charges per centre and basis function type
      ---------------------------------------------------

                N1      C2      C3      N4      C5      C6      H7      H8      H9      H10   
      1s       2.0028  2.0029  2.0029  2.0028  2.0029  2.0029  1.2748  1.2748  1.2748  1.2748
      2s       1.6956  1.4378  1.4378  1.6956  1.4378  1.4378  0.0000  0.0000  0.0000  0.0000
      2px      1.1986  1.1171  1.1125  1.1986  1.1171  1.1125  0.0000  0.0000  0.0000  0.0000
      2pz      1.0650  0.9666  0.9665  1.0650  0.9666  0.9665  0.0000  0.0000  0.0000  0.0000
      2py      1.5321  1.1384  1.1431  1.5321  1.1384  1.1431  0.0000  0.0000  0.0000  0.0000
      *s      -0.1557 -0.3586 -0.3586 -0.1557 -0.3586 -0.3586 -0.3536 -0.3536 -0.3536 -0.3536
      *px     -0.1523 -0.2186 -0.2172 -0.1523 -0.2186 -0.2172  0.0176  0.0169  0.0176  0.0169
      *pz     -0.0226 -0.0204 -0.0203 -0.0226 -0.0204 -0.0203  0.0049  0.0049  0.0049  0.0049
      *py      0.0536 -0.2556 -0.2571  0.0536 -0.2556 -0.2571  0.0083  0.0090  0.0083  0.0090
      *d2+     0.0077  0.0387  0.0376  0.0077  0.0387  0.0376  0.0000  0.0000  0.0000  0.0000
      *d1+     0.0076  0.0107  0.0111  0.0076  0.0107  0.0111  0.0000  0.0000  0.0000  0.0000
      *d0      0.0056  0.0053  0.0053  0.0056  0.0053  0.0053  0.0000  0.0000  0.0000  0.0000
      *d1-     0.0066  0.0120  0.0116  0.0066  0.0120  0.0116  0.0000  0.0000  0.0000  0.0000
      *d2-     0.0202  0.0393  0.0404  0.0202  0.0393  0.0404  0.0000  0.0000  0.0000  0.0000
      Total    7.2648  5.9156  5.9157  7.2648  5.9157  5.9156  0.9519  0.9519  0.9519  0.9519

      N-E     -0.2648  0.0844  0.0843 -0.2648  0.0843  0.0844  0.0481  0.0481  0.0481  0.0481

      Total electronic charge=   42.000000

      Total            charge=   -0.000000
--



      Expectation values of various properties for root number:  1
      -----------------------------------------------------------


++    Molecular properties:
      ---------------------

      Charge (e):
                      =   -0.0000
      Dipole Moment (debye):
      Origin of the operator (angstrom)=    0.0000    0.0000    0.0000
                   X= -4.2480E-07               Y=  2.2120E-05               Z= -2.6627E-06           Total=  2.2284E-05
      Quadrupole Moment (debye*angstrom):
      Origin of the operator (angstrom)=    0.0000    0.0000    0.0000
                  XX= -2.7070E+01              XY=  2.5364E-01              XZ= -9.8627E-02              YY= -4.1107E+01
                  YZ= -1.9466E-01              ZZ= -3.6022E+01
      In traceless form (debye*angstrom)
                  XX=  1.1494E+01              XY=  3.8046E-01              XZ= -1.4794E-01              YY= -9.5602E+00
                  YZ= -2.9199E-01              ZZ= -1.9342E+00
--


      Input file to MOLDEN was generated!

      Average orbitals are written to the RASORB file
      Natural orbitals for root   1 are written to the RASORB.1 file
      Spin density orbitals for root   1 are written to the SPDORB.1 file

 ###############################################################################
 ###############################################################################
 ###                                                                         ###
 ###                                                                         ###
 ###    WARNING: RunFile label BirthCertificate                              ###
 ###    was used       42 times                                              ###
 ###                                                                         ###
 ###                                                                         ###
 ###############################################################################
 ###############################################################################
--- Stop Module: rasscf at Wed Sep 23 20:58:59 2026 /rc=_RC_ALL_IS_WELL_ ---
*** files: pyrazine_dyson.rasscf.molden pyrazine_dyson.RasOrb pyrazine_dyson.RasOrb.1 pyrazine_dyson.rasscf.h5 pyrazine_dyson.SpdOrb.1 xmldump
    saved to directory /home/adrian/projects/Kallen/runs/pyrazine
--- Module rasscf spent 42 seconds ---

>>> COPY pyrazine_dyson.rasscf.molden pyrazine_neutral.rasscf.molden

>>> COPY pyrazine_dyson.JobIph JOB001

*** symbolic link created: INPORB -> pyrazine_dyson.RasOrb
--- Start Module: caspt2 at Wed Sep 23 20:58:59 2026 ---

()()()()()()()()()()()()()()()()()()()()()()()()()()()()()()()()()()()()()()()()()()()()()()()()()()

                                              &CASPT2

                                   only a single process is used
                       available to each process: 2.0 GB of memory, 1 thread?
                                            pid: 2770717
()()()()()()()()()()()()()()()()()()()()()()()()()()()()()()()()()()()()()()()()()()()()()()()()()()


++    Wave function specifications:
      -----------------------------

      Number of closed shell electrons          20
      Number of electrons in active shells      10
      Max number of holes in RAS1 space          0
      Max number of electrons in RAS3 space      0
      Number of inactive orbitals               10
      Number of active orbitals                 10
      Number of secondary orbitals              78
      Spin quantum number                      0.0
      State symmetry                             1
      Number of CSFs                         19404
      Number of CASSCF root(s) available         1
      CASPT2 state passed to geometry opt.       1
      A file JOBMIX will be created
      This is a CASSCF or RASSCF reference function
--

++    Orbital specifications:
      -----------------------

      Symmetry species                           1
                                                 a
      Frozen orbitals                            6
      Inactive orbitals                         10
      Active orbitals                           10
      Secondary orbitals                        78
      Deleted orbitals                           0
      Number of basis functions                104
--

++    CASPT2 specifications:
      ----------------------

      Type of calculation                        SS-CASPT2
      Fock operator                              state-specific
      IPEA shift                                 0.25
      Real shift                                 0.00
      Imaginary shift                            0.10
      The input orbitals will be transformed to quasi-canonical
--

--------------------------------------------------------------------------------
 Estimated memory requirements:
  POLY3 :                  3551880
  RHS:                      925708
  SIGMA :                  1482400
  PRPCTL:                        0
 Available workspace:    255927748

++ CASPT2 computation for group   1

********************************************************************************
 Multi-State initialization phase begins for group   1
--------------------------------------------------------------------------------
********************************************************************************
 Compute H0 matrices for state    1
--------------------------------------------------------------------------------
--------------------------------------------------------------------------------
 H0 matrices have been computed.

********************************************************************************
  CASPT2 EQUATION SOLUTION
--------------------------------------------------------------------------------

  Total nr of CASPT2 parameters:
   Before reduction:     1544630
   After  reduction:     1542970

 Variance of |WF0>:       2.4425515259

 The contributions to the second order correlation energy in atomic units.
-----------------------------------------------------------------------------------------------------------------------------
  IT.      VJTU        VJTI        ATVX        AIVX        VJAI        BVAT        BJAT        BJAI        TOTAL       RNORM  
-----------------------------------------------------------------------------------------------------------------------------
   1    -0.002367   -0.003475   -0.029768   -0.141291   -0.026669   -0.055803   -0.158016   -0.281725   -0.699114    0.015616
   2    -0.002466   -0.003563   -0.030152   -0.143010   -0.026954   -0.055961   -0.158350   -0.282194   -0.702651    0.002300
   3    -0.002467   -0.003563   -0.030159   -0.143065   -0.026961   -0.055961   -0.158354   -0.282175   -0.702704    0.000459
   4    -0.002469   -0.003563   -0.030151   -0.143033   -0.026956   -0.055956   -0.158344   -0.282162   -0.702634    0.000083
   5    -0.002469   -0.003563   -0.030151   -0.143031   -0.026955   -0.055956   -0.158344   -0.282163   -0.702632    0.000017
   6    -0.002469   -0.003563   -0.030151   -0.143032   -0.026956   -0.055957   -0.158344   -0.282163   -0.702634    0.000003
-----------------------------------------------------------------------------------------------------------------------------

  FINAL CASPT2 RESULT:

      Reference energy:        -262.8254576153
      E2 (Non-variational):      -0.7026341002
      Shift correction:          -0.0008464016
      E2 (Variational):          -0.7034805018
      Total energy:            -263.5289381171
      Residual norm:              0.0000007465
      Reference weight:           0.81251

      Contributions to the CASPT2 correlation energy
      Active & Virtual Only:         -0.0861077123
      One Inactive Excited:          -0.3038449910
      Two Inactive Excited:          -0.3126813969


++ Denominators, etc.
--------------------------------------------------------------------------------------------------------------
 Report on small energy denominators, large coefficients, and large energy contributions.
CASE  SYMM ACTIVE-MIX  NON-ACTIVE INDICES          DENOMINATOR     RHS VALUE       COEFFICIENT     CONTRIBUTION
AIVX     1  Mu1.0006  In1.016 Se1.032               1.46129856      0.04482741     -0.03048683     -0.00136665
AIVX     1  Mu1.0006  In1.011 Se1.034               1.91555340     -0.04917467      0.02569629     -0.00126361
AIVX     1  Mu1.0006  In1.012 Se1.035               1.78529249     -0.04857245      0.02674955     -0.00129929
--

   (Skipping property calculation,
    use PROP keyword to activate)
--

  Total CASPT2 energies:
::    CASPT2 Root  1     Total energy:   -263.52893812

  A NEW JOBIPH FILE NAMED 'JOBMIX' IS PREPARED.
********************************************************************************
--- Stop Module: caspt2 at Wed Sep 23 20:59:13 2026 /rc=_RC_ALL_IS_WELL_ ---
*** files: xmldump
    saved to directory /home/adrian/projects/Kallen/runs/pyrazine
--- Module caspt2 spent 14 seconds ---

*** symbolic link created: INPORB -> pyrazine_dyson.RasOrb
--- Start Module: rasscf at Wed Sep 23 20:59:13 2026 ---

()()()()()()()()()()()()()()()()()()()()()()()()()()()()()()()()()()()()()()()()()()()()()()()()()()

                                              &RASSCF

                                   only a single process is used
                       available to each process: 2.0 GB of memory, 1 thread?
                                            pid: 2770870
()()()()()()()()()()()()()()()()()()()()()()()()()()()()()()()()()()()()()()()()()()()()()()()()()()

 ###############################################################################
 ###############################################################################
 ###                                                                         ###
 ###                                                                         ###
 ###    WARNING: CHARGE and NACTEL are only compatible if INACTIVE           ###
 ###    is not given and the symmetry group is C1. Hence the                 ###
 ###    CHARGE command will be ignored.                                      ###
 ###                                                                         ###
 ###                                                                         ###
 ###############################################################################
 ###############################################################################

      Header of the ONEINT file:
      --------------------------
      
      Integrals generated by Gateway/Seward, Wed Sep 23 20:58:10 2026


      OrdInt status: non-squared


      Cartesian coordinates in angstrom:
      -----------------------------------------------------
      No.  Label        X            Y            Z        
      -----------------------------------------------------
       1   N1        -0.02512721   1.41250629   0.05345726
       2   C2        -1.14480414   0.67812570   0.03937897
       3   C3        -1.11994296  -0.71939354  -0.01348757
       4   N4         0.02512721  -1.41250539  -0.05345693
       5   C5         1.14480376  -0.67812573  -0.03938212
       6   C6         1.11994346   0.71939295   0.01350053
       7   H7        -2.09560518   1.22061056   0.07126938
       8   H8        -2.05083315  -1.29616302  -0.02395274
       9   H9         2.09560455  -1.22061101  -0.07126679
      10   H10        2.05083367   1.29616319   0.02394003
      -----------------------------------------------------
      Nuclear repulsion energy =  208.13201030

++    Wave function specifications:
      -----------------------------

      Number of closed shell electrons          32
      Number of electrons in active shells       9
      Max number of holes in RAS1 space          0
      Max nr of electrons in RAS3 space          0
      Number of inactive orbitals               16
      Number of active orbitals                 10
      Number of secondary orbitals              78
      Spin quantum number                      0.5
      State symmetry                             1
--

++    Orbital specifications:
      -----------------------

      Symmetry species                           1
                                                 a
      Frozen orbitals                            0
      Inactive orbitals                         16
      Active orbitals                           10
      RAS1 orbitals                              0
      RAS2 orbitals                             10
      RAS3 orbitals                              0
      Secondary orbitals                        78
      Deleted orbitals                           0
      Number of basis functions                104
--

++    CI expansion specifications:
      ----------------------------

      Number of CSFs                         27720
      Number of determinants                 52920
      Number of root(s) required                 8
      Root chosen for geometry opt.              8
      CI roots used                              1     2     3     4     5     6     7     8
      weights                                0.125 0.125 0.125 0.125 0.125 0.125 0.125 0.125
      highest root included in the CI            8
      max. size of the explicit Hamiltonian    200
--

++    Optimization specifications:
      ----------------------------

      RASSCF algorithm: Conventional
      Maximum number of macro iterations       200
      Maximum number of SX iterations          100
      Threshold for RASSCF energy            1.000E-08
      Threshold for max MO rotation          1.000E-01
      Threshold for max BLB element          1.000E-04
      Level shift parameter                  5.000E-01
      Make Quasi-Newton update
--

      Orbitals from runfile: rasscf orbitals
      The MO-coefficients are taken from rasscf orbitals on runfile

      Total molecular charge    1.00

      ************************************************************************************************************************
      *                                                                                                                      *
      *                                            Wave function control section                                             *
      *                                                                                                                      *
      ************************************************************************************************************************


                                         RASSCF iterations: Energy and convergence statistics
                                         ----------------------------------------------------

      Iter CI   SX   CI       RASSCF       Energy    max ROT     max BLB   max BLB  Level Ln srch  Step   QN   Walltime
          iter iter root      energy       change     param      element    value   shift minimum  type update hh:mm:ss
 Nr of preliminary CI iterations:   9
        1   1   24    0  -262.34018643    0.00E+00  -1.22E-01*  15  27 1 -6.59E-02*  0.20   0.00    SX    NO    0:00:07
        2   6    7    0  -262.37096997   -3.08E-02* -5.00E-02   22  52 1 -1.41E-02*  0.20   0.00    SX    NO    0:00:04
        3   3    8    0  -262.37437135   -3.40E-03*  4.43E-02   15  27 1 -8.04E-03*  0.20   0.00    SX    NO    0:00:03
        4  29    9    0  -262.38639717   -1.20E-02* -3.64E-02   13  20 1  1.37E-02*  0.18   0.00    SX    NO    0:00:10
        5   5    9    0  -262.38798280   -1.59E-03*  5.03E-02   12  36 1 -1.20E-02*  0.18   1.50    QN   YES    0:00:03
        6   9    9    0  -262.38861522   -6.32E-04* -1.28E-02   21  41 1 -4.99E-03*  0.17   0.74    QN   YES    0:00:05
        7   7    8    0  -262.38880936   -1.94E-04*  8.30E-03   12  40 1 -4.41E-03*  0.17   0.90    QN   YES    0:00:04
        8   6    8    0  -262.38886938   -6.00E-05*  1.19E-02   12  36 1 -2.26E-03*  0.17   2.50    LS   YES    0:00:04
        9   6    8    0  -262.38886778    1.60E-06*  2.59E-03   13  24 1 -1.93E-03*  0.17   0.52    SX   YES    0:00:04
       10   8    7    0  -262.38889170   -2.39E-05* -2.73E-03   13  24 1 -6.10E-04*  0.17   1.32    QN   YES    0:00:05
       11   4    6    0  -262.38889441   -2.71E-06* -1.18E-03   18  34 1 -7.25E-05   0.17   1.10    QN   YES    0:00:03
       12   6    6    0  -262.38889456   -1.52E-07*  3.57E-04   12  36 1 -8.09E-05   0.17   1.14    QN   YES    0:00:04
       13   3    5    0  -262.38889460   -3.19E-08* -1.05E-04   13  24 1  2.77E-05   0.17   1.23    QN   YES    0:00:03
       14   1    5    0  -262.38889460   -5.10E-09   6.18E-05   12  40 1 -1.26E-05   0.17   1.24    QN   YES    0:00:02
      Convergence after 14 iterations
       15   1    5    0  -262.38889460   -7.93E-10   6.18E-05   19  54 1 -4.98E-06   0.17   1.24    QN   YES    0:00:02

      ************************************************************************************************************************
                                                      Wave function printout:
                       occupation of active orbitals, and spin coupling of open shells (u,d: Spin up or down)
      ************************************************************************************************************************

      Note: transformation to natural orbitals
      has been made, which may change the order of the CSFs.

      printout of CI-coefficients larger than  0.05 for root  1
      energy=    -262.482638
      conf/sym  1111111111     Coeff  Weight
             2  222u200000   0.90553 0.81998
            45  2u2d20000u  -0.06302 0.00397
            56  2ud22u0000  -0.15768 0.02486
            68  2022200u00   0.05621 0.00316
            92  2u22u0d000  -0.09588 0.00919
           116  2uu22d0000  -0.14912 0.02224
           131  222u020000  -0.06992 0.00489
           134  222u002000  -0.13469 0.01814
           257  22ududu000   0.05945 0.00353
           483  22uudud000  -0.10105 0.01021
           541  u22ud0d0u0  -0.05195 0.00270
           544  u22ud0u0d0  -0.06934 0.00481
           706  220u220000   0.10516 0.01106
           768  u2du2u00d0   0.08568 0.00734
           831  022u220000   0.05091 0.00259
          3131  22uuudd000  -0.08480 0.00719

      printout of CI-coefficients larger than  0.05 for root  2
      energy=    -262.477558
      conf/sym  1111111111     Coeff  Weight
             1  2222u00000  -0.93268 0.86989
            19  22u2d000u0   0.12202 0.01489
            26  u222du0000   0.15559 0.02421
            62  u2d220u000  -0.08832 0.00780
           158  22u20ud000   0.07891 0.00623
           331  2202u20000  -0.12678 0.01607
           390  u2d2ud00u0  -0.05157 0.00266
           393  u2d2uu00d0  -0.09026 0.00815
           456  0222u20000  -0.05895 0.00348

      printout of CI-coefficients larger than  0.05 for root  3
      energy=    -262.427824
      conf/sym  1111111111     Coeff  Weight
             4  2u22200000   0.87819 0.77122
            35  222020000u  -0.05874 0.00345
            36  22ud2u0000  -0.23427 0.05488
            43  2u2d200u00   0.06069 0.00368
            49  u22d2000u0  -0.05002 0.00250
            59  2ud22000u0   0.06187 0.00383
            82  222uu0d000  -0.13109 0.01719
           101  22uu2d0000   0.18369 0.03374
           181  2u22020000  -0.07696 0.00592
           184  2u22002000  -0.12566 0.01579
           357  2ud2udu000   0.05160 0.00266
           558  2uu2dud000   0.09403 0.00884
           616  uu22d0d0u0  -0.05017 0.00252
           619  uu22d0u0d0  -0.06686 0.00447
           931  2u02220000  -0.08774 0.00770
          1068  uud22u00d0   0.06086 0.00370
          3161  2uu2udd000   0.07338 0.00538

      printout of CI-coefficients larger than  0.05 for root  4
      energy=    -262.420744
      conf/sym  1111111111     Coeff  Weight
             3  22u2200000   0.92710 0.85951
             9  22220000u0  -0.08849 0.00783
            27  u222d0u000   0.12510 0.01565
            41  2u2d2u0000  -0.06178 0.00382
            61  u2d22u0000   0.12380 0.01533
            97  u222u0d000   0.06988 0.00488
           121  u2u22d0000   0.10063 0.01013
           156  22u2020000  -0.08359 0.00699
           159  22u2002000  -0.12334 0.01521
           332  2202udu000   0.07693 0.00592
           594  u2u2d0u0d0  -0.07636 0.00583
          1031  02u2220000   0.06859 0.00470

      printout of CI-coefficients larger than  0.05 for root  5
      energy=    -262.342406
      conf/sym  1111111111     Coeff  Weight
             5  u222200000  -0.76103 0.57917
             6  22220u0000   0.40780 0.16630
            17  22u2d0u000  -0.28830 0.08312
            31  22202u0000  -0.09446 0.00892
            51  22022u0000  -0.22408 0.05021
            87  22u2u0d000  -0.07887 0.00622
           168  22u20u00d0   0.11448 0.01310
           206  u222020000   0.11072 0.01226
           209  u222002000   0.07104 0.00505
           383  u2d2uud000  -0.07025 0.00494
           469  0222u0u0d0  -0.05172 0.00268
           582  u2u2ddu000  -0.05248 0.00275
           956  u202220000   0.08485 0.00720
           959  u202202000   0.05139 0.00264
          1043  02u22u00d0   0.06914 0.00478
          3171  u2u2udd000  -0.08312 0.00691

      printout of CI-coefficients larger than  0.05 for root  6
      energy=    -262.323914
      conf/sym  1111111111     Coeff  Weight
             5  u222200000   0.07069 0.00500
            31  22202u0000  -0.79486 0.63180
            44  2u2d2000u0   0.05160 0.00266
            51  22022u0000   0.05076 0.00258
            66  20222u0000   0.48258 0.23288
           109  2u2u2000d0   0.07455 0.00556
           241  2220u0d0u0   0.06646 0.00442
           244  2220u0u0d0   0.05446 0.00297
           416  2022u0d0u0  -0.05072 0.00257
           640  22u02d00u0  -0.09856 0.00971
           731  2udu220000  -0.11521 0.01327
           787  202u2u0d00   0.06239 0.00389
           990  20u22d00u0  -0.08211 0.00674
          1132  22200u2000  -0.11189 0.01252
          1412  20220u2000   0.07154 0.00512
          1625  u220duu0d0  -0.06995 0.00489
          3531  22u0u2d000   0.06912 0.00478

      printout of CI-coefficients larger than  0.05 for root  7
      energy=    -262.318489
      conf/sym  1111111111     Coeff  Weight
             4  2u22200000  -0.05916 0.00350
            12  222ud0u000   0.75062 0.56343
            36  22ud2u0000  -0.21174 0.04483
            49  u22d2000u0  -0.11907 0.01418
            71  ud222u0000  -0.06226 0.00388
            82  222uu0d000  -0.42345 0.17931
           101  22uu2d0000  -0.15333 0.02351
           114  u22u2000d0  -0.07404 0.00548
           269  22udu0u0d0  -0.09194 0.00845
           302  2u2du0u00d   0.06510 0.00424
           307  u22dudu000  -0.12782 0.01634
           308  u22duud000  -0.06091 0.00371
           357  2ud2udu000   0.08401 0.00706
           358  2ud2uud000   0.07906 0.00625
           413  2022u0ud00  -0.05578 0.00311
           491  22uud0d0u0  -0.09508 0.00904
           533  u22udud000  -0.09234 0.00853
           557  2uu2ddu000  -0.12944 0.01675
          1172  22ud0u2000  -0.05966 0.00356
          1651  220ud2u000  -0.08805 0.00775
          1745  u2duduu0d0  -0.08387 0.00703
          1851  022ud2u000  -0.06262 0.00392
          3161  2uu2udd000  -0.05858 0.00343

      printout of CI-coefficients larger than  0.05 for root  8
      energy=    -262.317583
      conf/sym  1111111111     Coeff  Weight
            11  222udu0000  -0.86295 0.74469
            24  2u22d000u0   0.14818 0.02196
            37  22ud20u000   0.05164 0.00267
           102  22uu20d000   0.25784 0.06648
           141  222u00d0u0   0.07883 0.00621
           182  2u220du000  -0.07133 0.00509
           183  2u220ud000   0.05513 0.00304
           265  22udud00u0  -0.07196 0.00518
           356  2ud2u20000  -0.09392 0.00882
           493  22uudu00d0  -0.12640 0.01598
           526  2u2udu000d   0.05722 0.00327
           531  u22ud20000  -0.11250 0.01266
           534  u22ud02000   0.08444 0.00713
           556  2uu2d20000   0.12003 0.01441
           758  u2du2ud000   0.12400 0.01538
           883  u2ud2ud000  -0.07112 0.00506
          1668  220udu0020  -0.05063 0.00256
          1739  u2dud200u0  -0.05526 0.00305
          1852  022udu2000  -0.05582 0.00312

      Natural orbitals and occupation numbers for root  1
      sym 1:   1.956556   1.905292   1.876405   1.066566   1.894921   0.140262   0.094610   0.010507   0.041303   0.013577


      Natural orbitals and occupation numbers for root  2
      sym 1:   1.931559   1.982705   1.908456   1.981556   0.997593   0.099516   0.033984   0.014566   0.036886   0.013179


      Natural orbitals and occupation numbers for root  3
      sym 1:   1.956619   1.123827   1.842273   1.845934   1.888309   0.178741   0.097641   0.014387   0.042329   0.009940


      Natural orbitals and occupation numbers for root  4
      sym 1:   1.911743   1.977838   1.022636   1.974439   1.890735   0.083620   0.077414   0.013463   0.035507   0.012605


      Natural orbitals and occupation numbers for root  5
      sym 1:   1.330791   1.979796   1.730864   1.960798   1.466800   0.326976   0.136739   0.014288   0.039766   0.013182


      Natural orbitals and occupation numbers for root  6
      sym 1:   1.966949   1.434247   1.944532   0.581997   1.914977   1.001572   0.085509   0.003259   0.062514   0.004445


      Natural orbitals and occupation numbers for root  7
      sym 1:   1.899787   1.921070   1.814929   1.050202   1.092379   0.212046   0.904760   0.010427   0.079303   0.015098


      Natural orbitals and occupation numbers for root  8
      sym 1:   1.922042   1.910956   1.824829   1.062778   1.078660   0.930963   0.157340   0.010436   0.087714   0.014282


      ************************************************************************************************************************
      *                                                                                                                      *
      *                                                    Final results                                                     *
      *                                                                                                                      *
      ************************************************************************************************************************


++    Final optimization conditions:
      ------------------------------

      Average CI energy                            -262.38889460
      RASSCF energy for state  8                   -262.31758349
      Super-CI energy                                -0.00000000
      RASSCF energy change                            0.00000000
      Max change in MO coefficients              -8.105E-05
      Max non-diagonal density matrix element     6.181E-05
      Maximum BLB matrix element                 -4.980E-06
      (orbital pair  19,  54 in symmetry   1)
      Norm of electronic gradient            8.238E-02
--


      Final state energy(ies):
      ------------------------

::    RASSCF root number  1 Total energy:   -262.48263773
::    RASSCF root number  2 Total energy:   -262.47755796
::    RASSCF root number  3 Total energy:   -262.42782417
::    RASSCF root number  4 Total energy:   -262.42074420
::    RASSCF root number  5 Total energy:   -262.34240622
::    RASSCF root number  6 Total energy:   -262.32391388
::    RASSCF root number  7 Total energy:   -262.31848917
::    RASSCF root number  8 Total energy:   -262.31758349

++    Molecular orbitals:
      -------------------

      Pseudonatural active orbitals and approximate occupation numbers




      Molecular orbitals for symmetry species 1: a  


      Orbital                 1         2         3         4         5         6         7         8         9        10
      Energy           -15.8616  -15.8616  -11.5302  -11.5302  -11.5291  -11.5291   -1.5567   -1.4706   -1.2893   -1.1346
      Occ. No.           2.0000    2.0000    2.0000    2.0000    2.0000    2.0000    2.0000    2.0000    2.0000    2.0000

     1 N1     1s        -0.7631    0.6484    0.0000   -0.0000    0.0000    0.0002   -0.0082    0.0109   -0.0000    0.0000
     2 N1     2s        -0.0053    0.0036    0.0000    0.0010    0.0000    0.0018    0.4657   -0.5467   -0.0000   -0.3560
     3 N1     *s         0.0102   -0.0054   -0.0000   -0.0026   -0.0000   -0.0054   -0.0625    0.0450    0.0000    0.0212
     4 N1     2px       -0.0000    0.0000    0.0002   -0.0000    0.0002   -0.0000    0.0023   -0.0023    0.2155   -0.0001
     5 N1     *px        0.0001   -0.0000   -0.0013   -0.0000   -0.0022   -0.0000   -0.0004    0.0002   -0.0345   -0.0001
     6 N1     2py        0.0024   -0.0017    0.0000    0.0000    0.0000    0.0002   -0.1278    0.1292    0.0039    0.0071
     7 N1     *py       -0.0035    0.0022   -0.0000    0.0011   -0.0000    0.0018    0.0219   -0.0123   -0.0006    0.0028
     8 N1     2pz        0.0001   -0.0001   -0.0000    0.0000   -0.0000    0.0000   -0.0048    0.0049   -0.0025    0.0003
     9 N1     *pz       -0.0001    0.0001    0.0000    0.0000    0.0000    0.0001    0.0008   -0.0005    0.0004    0.0001
    10 N1     *d2-      -0.0000    0.0000    0.0002   -0.0000    0.0002   -0.0000    0.0001   -0.0002   -0.0187   -0.0002
    11 N1     *d1-      -0.0000    0.0000   -0.0000   -0.0000   -0.0000   -0.0000    0.0006   -0.0005    0.0002    0.0002
    12 N1     *d0        0.0002   -0.0001   -0.0000    0.0003    0.0000    0.0005   -0.0105    0.0104    0.0000    0.0010
    13 N1     *d1+       0.0000   -0.0000    0.0000    0.0000    0.0000    0.0000   -0.0002    0.0003   -0.0007    0.0001
    14 N1     *d2+      -0.0002    0.0001   -0.0000   -0.0001   -0.0000   -0.0001    0.0023   -0.0049    0.0007   -0.0063
    15 C2     1s        -0.0001    0.0000   -0.5007    0.5007   -0.5002    0.5012   -0.0081    0.0075    0.0104   -0.0049
    16 C2     2s        -0.0004   -0.0000   -0.0041    0.0037   -0.0050    0.0043    0.3044   -0.2221   -0.4530    0.2991
    17 C2     *s        -0.0038    0.0012    0.0026   -0.0023    0.0070   -0.0018   -0.1255    0.0990    0.1388   -0.0601
    18 C2     2px       -0.0002   -0.0001   -0.0008    0.0008   -0.0007    0.0008    0.1197   -0.1233   -0.0183   -0.1568
    19 C2     *px       -0.0028    0.0006    0.0008    0.0004    0.0004    0.0017   -0.0518    0.0665   -0.0065    0.0538
    20 C2     2py        0.0000    0.0002   -0.0001    0.0003   -0.0000    0.0000   -0.0046   -0.1057    0.0808   -0.2592
    21 C2     *py        0.0005    0.0002   -0.0008   -0.0002   -0.0033   -0.0002   -0.0052    0.0423   -0.0050    0.0796
    22 C2     2pz        0.0000    0.0000    0.0000    0.0000    0.0000   -0.0000   -0.0016   -0.0025    0.0033   -0.0079
    23 C2     *pz        0.0001    0.0000   -0.0000   -0.0000   -0.0001   -0.0000    0.0004    0.0008   -0.0001    0.0023
    24 C2     *d2-       0.0005   -0.0002   -0.0001    0.0001   -0.0001    0.0001    0.0082   -0.0186   -0.0038   -0.0102
    25 C2     *d1-      -0.0000    0.0000   -0.0000    0.0000   -0.0000    0.0000    0.0005    0.0004   -0.0011    0.0010
    26 C2     *d0       -0.0001    0.0000    0.0001   -0.0003    0.0005   -0.0007   -0.0107    0.0070    0.0102   -0.0034
    27 C2     *d1+       0.0000   -0.0000   -0.0000   -0.0000    0.0000   -0.0000    0.0000   -0.0004   -0.0001   -0.0002
    28 C2     *d2+       0.0001   -0.0000   -0.0000    0.0002    0.0001   -0.0000    0.0030   -0.0156    0.0117   -0.0178
    29 C3     1s         0.0001    0.0001   -0.5004    0.5004    0.5006   -0.5015   -0.0081   -0.0075    0.0104   -0.0049
    30 C3     2s         0.0004    0.0000   -0.0041    0.0037    0.0050   -0.0043    0.3044    0.2221   -0.4530    0.2991
    31 C3     *s         0.0036    0.0018    0.0026   -0.0022   -0.0070    0.0018   -0.1255   -0.0990    0.1388   -0.0602
    32 C3     2px        0.0002   -0.0000   -0.0008    0.0008    0.0007   -0.0008    0.1195    0.1270   -0.0154   -0.1659
    33 C3     *px        0.0026    0.0011    0.0008    0.0003   -0.0003   -0.0017   -0.0520   -0.0679   -0.0066    0.0566
    34 C3     2py        0.0001   -0.0002    0.0000   -0.0003    0.0000   -0.0000    0.0090   -0.1011   -0.0814    0.2534
    35 C3     *py        0.0007   -0.0001    0.0008    0.0002   -0.0033   -0.0002    0.0033    0.0398    0.0048   -0.0776
    36 C3     2pz        0.0000   -0.0000    0.0000   -0.0000   -0.0000    0.0000   -0.0011   -0.0053   -0.0029    0.0115
    37 C3     *pz       -0.0000   -0.0000    0.0000    0.0000   -0.0001    0.0000    0.0008    0.0023    0.0003   -0.0036
    38 C3     *d2-       0.0005    0.0003    0.0001   -0.0001   -0.0001    0.0001   -0.0079   -0.0174    0.0046    0.0089
    39 C3     *d1-      -0.0000   -0.0000   -0.0000    0.0000    0.0000   -0.0000    0.0007    0.0000   -0.0012    0.0008
    40 C3     *d0        0.0001    0.0000    0.0001   -0.0003   -0.0005    0.0007   -0.0107   -0.0070    0.0102   -0.0034
    41 C3     *d1+       0.0000    0.0000    0.0000   -0.0000   -0.0000    0.0000   -0.0006   -0.0010    0.0002    0.0005
    42 C3     *d2+      -0.0001   -0.0000   -0.0000    0.0002   -0.0001    0.0000    0.0036    0.0168    0.0114   -0.0185
    43 N4     1s         0.6488    0.7628   -0.0000   -0.0000   -0.0000   -0.0002   -0.0082   -0.0109    0.0000    0.0000
    44 N4     2s         0.0047    0.0044    0.0000    0.0010   -0.0000   -0.0018    0.4657    0.5468    0.0000   -0.3560
    45 N4     *s        -0.0092   -0.0069   -0.0000   -0.0026    0.0000    0.0054   -0.0625   -0.0450   -0.0000    0.0212
    46 N4     2px       -0.0000   -0.0000    0.0002    0.0000   -0.0002   -0.0000   -0.0023   -0.0023    0.2155    0.0001
    47 N4     *px        0.0001    0.0000   -0.0013    0.0000    0.0022   -0.0000    0.0004    0.0002   -0.0345    0.0001
    48 N4     2py        0.0021    0.0021    0.0000   -0.0000   -0.0000    0.0002    0.1278    0.1292    0.0039   -0.0071
    49 N4     *py       -0.0031   -0.0027   -0.0000   -0.0011    0.0000    0.0018   -0.0219   -0.0123   -0.0006   -0.0028
    50 N4     2pz        0.0001    0.0001   -0.0000   -0.0000    0.0000    0.0000    0.0048    0.0049   -0.0025   -0.0003
    51 N4     *pz       -0.0001   -0.0001    0.0000   -0.0000   -0.0000    0.0001   -0.0008   -0.0005    0.0004   -0.0001
    52 N4     *d2-       0.0000    0.0000   -0.0002   -0.0000    0.0002    0.0000    0.0001    0.0002    0.0187   -0.0002
    53 N4     *d1-       0.0000    0.0000    0.0000   -0.0000   -0.0000    0.0000    0.0006    0.0005   -0.0002    0.0002
    54 N4     *d0       -0.0001   -0.0001    0.0000    0.0003   -0.0000   -0.0005   -0.0105   -0.0104   -0.0000    0.0010
    55 N4     *d1+      -0.0000   -0.0000   -0.0000    0.0000    0.0000   -0.0000   -0.0002   -0.0003    0.0007    0.0001
    56 N4     *d2+       0.0002    0.0002    0.0000   -0.0001   -0.0000    0.0001    0.0023    0.0049   -0.0007   -0.0063
    57 C5     1s         0.0001    0.0001    0.5005    0.5002   -0.5018   -0.5004   -0.0081   -0.0075   -0.0104   -0.0049
    58 C5     2s         0.0004    0.0000    0.0041    0.0037   -0.0050   -0.0043    0.3044    0.2221    0.4530    0.2991
    59 C5     *s         0.0036    0.0018   -0.0026   -0.0022    0.0070    0.0018   -0.1255   -0.0990   -0.1388   -0.0601
    60 C5     2px       -0.0002    0.0000   -0.0008   -0.0008    0.0007    0.0008   -0.1197   -0.1233   -0.0183    0.1568
    61 C5     *px       -0.0027   -0.0011    0.0008   -0.0003   -0.0004    0.0017    0.0518    0.0665   -0.0065   -0.0538
    62 C5     2py        0.0001   -0.0002   -0.0001   -0.0003    0.0000    0.0000    0.0046   -0.1057    0.0808    0.2592
    63 C5     *py        0.0006   -0.0001   -0.0008    0.0002    0.0033   -0.0002    0.0052    0.0423   -0.0050   -0.0796
    64 C5     2pz        0.0000   -0.0000    0.0000   -0.0000   -0.0000   -0.0000    0.0016   -0.0025    0.0033    0.0079
    65 C5     *pz        0.0001    0.0000   -0.0000    0.0000    0.0001   -0.0000   -0.0004    0.0008   -0.0001   -0.0023
    66 C5     *d2-      -0.0005   -0.0003    0.0001    0.0001   -0.0001   -0.0001    0.0082    0.0186    0.0038   -0.0102
    67 C5     *d1-       0.0000    0.0000    0.0000    0.0000   -0.0000   -0.0000    0.0005   -0.0004    0.0011    0.0010
    68 C5     *d0        0.0001    0.0000   -0.0001   -0.0003    0.0005    0.0007   -0.0107   -0.0070   -0.0102   -0.0034
    69 C5     *d1+      -0.0000   -0.0000    0.0000   -0.0000    0.0000    0.0000    0.0000    0.0004    0.0001   -0.0002
    70 C5     *d2+      -0.0001   -0.0000    0.0000    0.0002    0.0001    0.0000    0.0030    0.0156   -0.0117   -0.0178
    71 C6     1s        -0.0001    0.0000    0.5009    0.5007    0.5013    0.5000   -0.0081    0.0075   -0.0104   -0.0049
    72 C6     2s        -0.0004   -0.0000    0.0041    0.0037    0.0050    0.0043    0.3044   -0.2221    0.4530    0.2991
    73 C6     *s        -0.0038    0.0012   -0.0026   -0.0023   -0.0070   -0.0018   -0.1255    0.0990   -0.1388   -0.0602
    74 C6     2px        0.0002    0.0000   -0.0008   -0.0008   -0.0007   -0.0008   -0.1195    0.1270   -0.0154    0.1659
    75 C6     *px        0.0028   -0.0006    0.0008   -0.0003    0.0003   -0.0017    0.0520   -0.0679   -0.0066   -0.0566
    76 C6     2py        0.0000    0.0002    0.0000    0.0003   -0.0000   -0.0000   -0.0090   -0.1011   -0.0814   -0.2534
    77 C6     *py        0.0006    0.0002    0.0008   -0.0002    0.0033   -0.0002   -0.0033    0.0398    0.0048    0.0776
    78 C6     2pz       -0.0000    0.0000    0.0000    0.0000    0.0000    0.0000    0.0011   -0.0053   -0.0029   -0.0115
    79 C6     *pz       -0.0000    0.0000    0.0000   -0.0000    0.0001    0.0000   -0.0008    0.0023    0.0003    0.0036
    80 C6     *d2-      -0.0005    0.0002   -0.0001   -0.0001   -0.0001   -0.0001   -0.0079    0.0174   -0.0046    0.0089
    81 C6     *d1-       0.0000   -0.0000    0.0000    0.0000    0.0000    0.0000    0.0007   -0.0000    0.0012    0.0008
    82 C6     *d0       -0.0001    0.0000   -0.0001   -0.0003   -0.0005   -0.0007   -0.0107    0.0070   -0.0102   -0.0034
    83 C6     *d1+      -0.0000    0.0000   -0.0000   -0.0000   -0.0000   -0.0000   -0.0006    0.0010   -0.0002    0.0005
    84 C6     *d2+       0.0001   -0.0000    0.0000    0.0002   -0.0001   -0.0000    0.0036   -0.0168   -0.0114   -0.0185
    85 H7     1s         0.0001   -0.0002    0.0004   -0.0001    0.0003   -0.0000    0.0461   -0.0458   -0.1405    0.1274
    86 H7     *s        -0.0007    0.0002   -0.0004    0.0009   -0.0001    0.0010   -0.0249    0.0277    0.0607   -0.0618
    87 H7     *px        0.0002   -0.0001    0.0001   -0.0001    0.0002   -0.0003    0.0056   -0.0073   -0.0101    0.0067
    88 H7     *py        0.0001   -0.0000    0.0000   -0.0000    0.0000    0.0001   -0.0014   -0.0006    0.0075   -0.0085
    89 H7     *pz       -0.0000   -0.0000    0.0000    0.0000   -0.0000    0.0000   -0.0001    0.0001    0.0004   -0.0004
    90 H8     1s        -0.0000   -0.0002    0.0004   -0.0001   -0.0003    0.0000    0.0461    0.0458   -0.1405    0.1274
    91 H8     *s         0.0006    0.0003   -0.0004    0.0009    0.0001   -0.0010   -0.0249   -0.0277    0.0607   -0.0618
    92 H8     *px       -0.0002   -0.0001    0.0001   -0.0001   -0.0002    0.0003    0.0056    0.0073   -0.0098    0.0064
    93 H8     *py        0.0000    0.0000   -0.0000    0.0000    0.0000    0.0001    0.0016   -0.0003   -0.0078    0.0088
    94 H8     *pz        0.0000    0.0000   -0.0000    0.0000    0.0000    0.0000   -0.0000   -0.0001   -0.0002    0.0003
    95 H9     1s        -0.0000   -0.0002   -0.0004   -0.0001    0.0003    0.0000    0.0461    0.0458    0.1405    0.1274
    96 H9     *s         0.0006    0.0003    0.0004    0.0009   -0.0001   -0.0010   -0.0249   -0.0277   -0.0607   -0.0618
    97 H9     *px        0.0002    0.0001    0.0001    0.0001   -0.0002   -0.0003   -0.0056   -0.0073   -0.0101   -0.0067
    98 H9     *py        0.0000    0.0001    0.0000    0.0000   -0.0000    0.0001    0.0014   -0.0006    0.0075    0.0085
    99 H9     *pz       -0.0000    0.0000    0.0000   -0.0000    0.0000    0.0000    0.0001    0.0001    0.0004    0.0004
   100 H10    1s         0.0001   -0.0002   -0.0004   -0.0001   -0.0003   -0.0000    0.0461   -0.0458    0.1405    0.1274
   101 H10    *s        -0.0007    0.0002    0.0004    0.0009    0.0001    0.0010   -0.0249    0.0277   -0.0607   -0.0618
   102 H10    *px       -0.0002    0.0001    0.0001    0.0001    0.0002    0.0003   -0.0056    0.0073   -0.0098   -0.0064
   103 H10    *py        0.0000   -0.0000   -0.0000   -0.0000   -0.0000    0.0001   -0.0016   -0.0003   -0.0078   -0.0088
   104 H10    *pz        0.0000   -0.0000   -0.0000   -0.0000   -0.0000    0.0000    0.0000   -0.0001   -0.0002   -0.0003


      Orbital                11        12        13        14        15        16        17        18        19        20
      Energy            -1.1289   -0.9469   -0.9407   -0.8933   -0.8340   -0.7774   -0.7821   -0.6828   -0.6547   -0.5719
      Occ. No.           2.0000    2.0000    2.0000    2.0000    2.0000    2.0000    1.8584    1.7787    1.7425    1.4389

     1 N1     1s         0.0000    0.0000   -0.0001   -0.0001    0.0000   -0.0000    0.0000    0.0076   -0.0000   -0.0056
     2 N1     2s         0.0000   -0.0000    0.1017   -0.1687    0.0000    0.0000   -0.0000    0.2989   -0.0000   -0.2643
     3 N1     *s        -0.0000   -0.0000    0.0170   -0.0054   -0.0000    0.0000   -0.0000   -0.0009   -0.0000   -0.0415
     4 N1     2px        0.3745   -0.4285   -0.0025   -0.0015   -0.1020   -0.3405   -0.0048   -0.0104   -0.0066    0.0101
     5 N1     *px       -0.0590    0.0590    0.0005    0.0003    0.0314    0.0465    0.0003    0.0001    0.0001    0.0003
     6 N1     2py        0.0068   -0.0078    0.1413    0.0851   -0.0019   -0.0062    0.0148    0.5855    0.0206   -0.5669
     7 N1     *py       -0.0011    0.0011   -0.0296   -0.0160    0.0006    0.0008   -0.0010   -0.0034   -0.0003   -0.0152
     8 N1     2pz       -0.0043    0.0049    0.0053    0.0032    0.0012    0.0039   -0.3926    0.0222   -0.5475   -0.0214
     9 N1     *pz        0.0007   -0.0007   -0.0011   -0.0006   -0.0004   -0.0005    0.0278   -0.0001    0.0089   -0.0006
    10 N1     *d2-      -0.0202    0.0168    0.0006    0.0005    0.0155    0.0182    0.0002    0.0003    0.0002   -0.0000
    11 N1     *d1-       0.0002   -0.0002   -0.0008   -0.0004   -0.0002   -0.0002    0.0193   -0.0011    0.0192    0.0008
    12 N1     *d0        0.0000   -0.0000    0.0019   -0.0014   -0.0000   -0.0000    0.0013    0.0121    0.0013   -0.0124
    13 N1     *d1+      -0.0008    0.0006   -0.0001   -0.0002    0.0006    0.0007   -0.0003    0.0002   -0.0003   -0.0003
    14 N1     *d2+       0.0007   -0.0006    0.0173    0.0127   -0.0006   -0.0007    0.0007    0.0081    0.0007   -0.0003
    15 C2     1s         0.0066    0.0015   -0.0028   -0.0015    0.0040    0.0032   -0.0000   -0.0012    0.0000    0.0014
    16 C2     2s        -0.3491   -0.0363    0.0359    0.2369    0.0667   -0.0561    0.0000   -0.1712    0.0000    0.0237
    17 C2     *s         0.0372   -0.0185    0.0182   -0.0152   -0.0207   -0.0161    0.0000   -0.0032   -0.0000   -0.0353
    18 C2     2px       -0.0498    0.2058   -0.2349   -0.2627    0.3096    0.3481   -0.0038   -0.1076   -0.0028    0.0704
    19 C2     *px        0.0020   -0.0630    0.0468    0.0586   -0.0472   -0.0678    0.0005    0.0712    0.0001   -0.0418
    20 C2     2py       -0.1776    0.3502    0.2773    0.1070   -0.2666   -0.0003    0.0119   -0.0058    0.0087    0.2542
    21 C2     *py        0.1055   -0.1116   -0.0682   -0.0200    0.0630   -0.0150   -0.0015    0.0510   -0.0004   -0.0619
    22 C2     2pz       -0.0061    0.0107    0.0133    0.0072   -0.0138   -0.0042   -0.3170    0.0011   -0.2316    0.0088
    23 C2     *pz        0.0039   -0.0034   -0.0031   -0.0015    0.0029    0.0003    0.0410    0.0011    0.0116   -0.0018
    24 C2     *d2-      -0.0143    0.0128    0.0083   -0.0193   -0.0005    0.0331    0.0009    0.0103    0.0007   -0.0107
    25 C2     *d1-      -0.0001   -0.0004   -0.0004    0.0000    0.0006    0.0001    0.0066    0.0009   -0.0184   -0.0008
    26 C2     *d0        0.0064   -0.0017    0.0045    0.0038   -0.0021   -0.0037    0.0009    0.0013   -0.0007   -0.0032
    27 C2     *d1+      -0.0003    0.0003    0.0004   -0.0006    0.0001    0.0012   -0.0205    0.0008   -0.0236   -0.0008
    28 C2     *d2+      -0.0046    0.0098    0.0009   -0.0013   -0.0120   -0.0067   -0.0000   -0.0285   -0.0010    0.0301
    29 C3     1s        -0.0066    0.0015   -0.0028    0.0015    0.0040   -0.0032    0.0000    0.0012   -0.0000    0.0014
    30 C3     2s         0.3491   -0.0363    0.0359   -0.2369    0.0667    0.0561   -0.0000    0.1712    0.0000    0.0237
    31 C3     *s        -0.0372   -0.0185    0.0182    0.0152   -0.0207    0.0161   -0.0000    0.0032    0.0000   -0.0353
    32 C3     2px        0.0561    0.2181   -0.2249    0.2588    0.2999   -0.3479   -0.0038    0.1077    0.0028    0.0794
    33 C3     *px       -0.0058   -0.0670    0.0444   -0.0579   -0.0449    0.0683    0.0005   -0.0729   -0.0001   -0.0440
    34 C3     2py       -0.1756   -0.3424   -0.2856    0.1165    0.2777   -0.0130    0.0119   -0.0019   -0.0087   -0.2514
    35 C3     *py        0.1054    0.1093    0.0699   -0.0222   -0.0647   -0.0125   -0.0015    0.0484    0.0004    0.0604
    36 C3     2pz       -0.0073   -0.0155   -0.0080    0.0013    0.0068    0.0037   -0.3170   -0.0014    0.2316   -0.0103
    37 C3     *pz        0.0040    0.0049    0.0021   -0.0001   -0.0019   -0.0013    0.0410    0.0027   -0.0116    0.0028
    38 C3     *d2-      -0.0140   -0.0120   -0.0082   -0.0191   -0.0004    0.0335    0.0007    0.0124   -0.0011    0.0128
    39 C3     *d1-       0.0004   -0.0001   -0.0003    0.0004    0.0006   -0.0008   -0.0073   -0.0011   -0.0176   -0.0010
    40 C3     *d0       -0.0064   -0.0017    0.0045   -0.0037   -0.0021    0.0037   -0.0001   -0.0013   -0.0017   -0.0032
    41 C3     *d1+      -0.0007   -0.0006   -0.0002   -0.0008    0.0001    0.0013   -0.0203    0.0001    0.0242    0.0001
    42 C3     *d2+       0.0056    0.0107    0.0015    0.0027   -0.0120    0.0043   -0.0005    0.0277   -0.0004    0.0292
    43 N4     1s        -0.0000   -0.0000   -0.0001    0.0001   -0.0000    0.0000   -0.0000   -0.0076   -0.0000   -0.0056
    44 N4     2s         0.0000   -0.0000    0.1017    0.1687   -0.0000    0.0000    0.0000   -0.2990   -0.0000   -0.2643
    45 N4     *s        -0.0000   -0.0000    0.0170    0.0054    0.0000    0.0000    0.0000    0.0009   -0.0000   -0.0415
    46 N4     2px       -0.3745   -0.4285    0.0025   -0.0015   -0.1020    0.3405   -0.0048   -0.0104    0.0066   -0.0101
    47 N4     *px        0.0590    0.0590   -0.0005    0.0003    0.0314   -0.0465    0.0003    0.0001   -0.0001   -0.0003
    48 N4     2py       -0.0068   -0.0078   -0.1413    0.0851   -0.0019    0.0062    0.0148    0.5856   -0.0206    0.5669
    49 N4     *py        0.0011    0.0011    0.0296   -0.0160    0.0006   -0.0008   -0.0010   -0.0034    0.0003    0.0152
    50 N4     2pz        0.0043    0.0049   -0.0053    0.0032    0.0012   -0.0039   -0.3926    0.0222    0.5475    0.0214
    51 N4     *pz       -0.0007   -0.0007    0.0011   -0.0006   -0.0004    0.0005    0.0278   -0.0001   -0.0089    0.0006
    52 N4     *d2-      -0.0202   -0.0168    0.0006   -0.0005   -0.0155    0.0182   -0.0002   -0.0003    0.0002   -0.0000
    53 N4     *d1-       0.0002    0.0002   -0.0008    0.0004    0.0002   -0.0002   -0.0193    0.0011    0.0192    0.0008
    54 N4     *d0        0.0000    0.0000    0.0019    0.0014    0.0000   -0.0000   -0.0013   -0.0121    0.0013   -0.0124
    55 N4     *d1+      -0.0008   -0.0006   -0.0001    0.0002   -0.0006    0.0007    0.0003   -0.0002   -0.0003   -0.0003
    56 N4     *d2+       0.0007    0.0006    0.0173   -0.0127    0.0006   -0.0007   -0.0007   -0.0081    0.0007   -0.0003
    57 C5     1s         0.0066   -0.0015   -0.0028    0.0015   -0.0040    0.0032   -0.0000    0.0012    0.0000    0.0014
    58 C5     2s        -0.3491    0.0363    0.0359   -0.2369   -0.0667   -0.0561    0.0000    0.1712   -0.0000    0.0237
    59 C5     *s         0.0372    0.0185    0.0182    0.0152    0.0207   -0.0161   -0.0000    0.0032   -0.0000   -0.0353
    60 C5     2px        0.0498    0.2058    0.2349   -0.2627    0.3096   -0.3481   -0.0038   -0.1076    0.0028   -0.0704
    61 C5     *px       -0.0020   -0.0630   -0.0468    0.0586   -0.0472    0.0678    0.0005    0.0712   -0.0001    0.0418
    62 C5     2py        0.1776    0.3502   -0.2773    0.1070   -0.2666    0.0003    0.0119   -0.0059   -0.0087   -0.2542
    63 C5     *py       -0.1055   -0.1116    0.0682   -0.0200    0.0630    0.0150   -0.0015    0.0510    0.0004    0.0619
    64 C5     2pz        0.0061    0.0107   -0.0133    0.0072   -0.0138    0.0042   -0.3170    0.0011    0.2316   -0.0088
    65 C5     *pz       -0.0039   -0.0034    0.0031   -0.0015    0.0029   -0.0003    0.0410    0.0011   -0.0116    0.0018
    66 C5     *d2-      -0.0143   -0.0128    0.0083    0.0193    0.0005    0.0331   -0.0009   -0.0103    0.0007   -0.0107
    67 C5     *d1-      -0.0001    0.0004   -0.0004   -0.0000   -0.0006    0.0001   -0.0066   -0.0009   -0.0184   -0.0008
    68 C5     *d0        0.0064    0.0017    0.0045   -0.0038    0.0021   -0.0037   -0.0009   -0.0013   -0.0007   -0.0032
    69 C5     *d1+      -0.0003   -0.0003    0.0004    0.0006   -0.0001    0.0012    0.0205   -0.0008   -0.0236   -0.0008
    70 C5     *d2+      -0.0046   -0.0098    0.0009    0.0013    0.0120   -0.0067    0.0000    0.0285   -0.0010    0.0301
    71 C6     1s        -0.0066   -0.0015   -0.0028   -0.0015   -0.0040   -0.0032   -0.0000   -0.0012   -0.0000    0.0014
    72 C6     2s         0.3491    0.0363    0.0359    0.2369   -0.0667    0.0561    0.0000   -0.1712    0.0000    0.0237
    73 C6     *s        -0.0372    0.0185    0.0182   -0.0152    0.0207    0.0161    0.0000   -0.0032   -0.0000   -0.0353
    74 C6     2px       -0.0561    0.2181    0.2249    0.2588    0.2999    0.3479   -0.0038    0.1077   -0.0028   -0.0794
    75 C6     *px        0.0058   -0.0670   -0.0444   -0.0579   -0.0449   -0.0683    0.0005   -0.0729    0.0001    0.0440
    76 C6     2py        0.1756   -0.3424    0.2856    0.1165    0.2777    0.0130    0.0119   -0.0019    0.0087    0.2514
    77 C6     *py       -0.1054    0.1093   -0.0699   -0.0222   -0.0647    0.0125   -0.0015    0.0484   -0.0004   -0.0604
    78 C6     2pz        0.0073   -0.0155    0.0080    0.0013    0.0068   -0.0037   -0.3170   -0.0014   -0.2316    0.0103
    79 C6     *pz       -0.0040    0.0049   -0.0021   -0.0001   -0.0019    0.0013    0.0410    0.0027    0.0116   -0.0028
    80 C6     *d2-      -0.0140    0.0120   -0.0082    0.0191    0.0004    0.0335   -0.0007   -0.0124   -0.0011    0.0128
    81 C6     *d1-       0.0004    0.0001   -0.0003   -0.0004   -0.0006   -0.0008    0.0073    0.0011   -0.0176   -0.0010
    82 C6     *d0       -0.0064    0.0017    0.0045    0.0037    0.0021    0.0037    0.0001    0.0013   -0.0017   -0.0032
    83 C6     *d1+      -0.0007    0.0006   -0.0002    0.0008   -0.0001    0.0013    0.0203   -0.0001    0.0242    0.0001
    84 C6     *d2+       0.0056   -0.0107    0.0015   -0.0027    0.0120    0.0043    0.0005   -0.0277   -0.0004    0.0292
    85 H7     1s        -0.1786   -0.0263    0.2937    0.3602   -0.3232   -0.3382   -0.0000   -0.0257    0.0000    0.1401
    86 H7     *s         0.0702    0.0140   -0.1233   -0.1442    0.1268    0.1161    0.0000    0.0164   -0.0000   -0.0327
    87 H7     *px       -0.0129    0.0001    0.0155    0.0155   -0.0143   -0.0100   -0.0001   -0.0006   -0.0001    0.0046
    88 H7     *py        0.0047    0.0045   -0.0075   -0.0119    0.0056    0.0099    0.0002   -0.0032    0.0002    0.0044
    89 H7     *pz        0.0003    0.0002   -0.0005   -0.0006    0.0004    0.0005   -0.0066   -0.0001   -0.0052    0.0001
    90 H8     1s         0.1786   -0.0263    0.2937   -0.3602   -0.3232    0.3382   -0.0000    0.0257    0.0000    0.1401
    91 H8     *s        -0.0702    0.0140   -0.1233    0.1442    0.1268   -0.1161   -0.0000   -0.0164   -0.0000   -0.0327
    92 H8     *px        0.0127    0.0002    0.0153   -0.0151   -0.0141    0.0097   -0.0001    0.0007    0.0001    0.0047
    93 H8     *py        0.0051   -0.0045    0.0080   -0.0124   -0.0061    0.0102    0.0003   -0.0032   -0.0002   -0.0042
    94 H8     *pz        0.0000   -0.0002    0.0001   -0.0003   -0.0001    0.0003   -0.0066   -0.0001    0.0052   -0.0002
    95 H9     1s        -0.1786    0.0263    0.2937   -0.3602    0.3232   -0.3382    0.0000    0.0257    0.0000    0.1401
    96 H9     *s         0.0702   -0.0140   -0.1233    0.1442   -0.1268    0.1161   -0.0000   -0.0164   -0.0000   -0.0327
    97 H9     *px        0.0129    0.0001   -0.0155    0.0155   -0.0143    0.0100   -0.0001   -0.0006    0.0001   -0.0046
    98 H9     *py       -0.0047    0.0045    0.0075   -0.0119    0.0056   -0.0099    0.0002   -0.0032   -0.0002   -0.0044
    99 H9     *pz       -0.0003    0.0002    0.0005   -0.0006    0.0004   -0.0005   -0.0066   -0.0001    0.0052   -0.0001
   100 H10    1s         0.1786    0.0263    0.2937    0.3602    0.3232    0.3382    0.0000   -0.0257    0.0000    0.1401
   101 H10    *s        -0.0702   -0.0140   -0.1233   -0.1442   -0.1268   -0.1161   -0.0000    0.0164   -0.0000   -0.0327
   102 H10    *px       -0.0127    0.0002   -0.0153   -0.0151   -0.0141   -0.0097   -0.0001    0.0007   -0.0001   -0.0047
   103 H10    *py       -0.0051   -0.0045   -0.0080   -0.0124   -0.0061   -0.0102    0.0003   -0.0032    0.0002    0.0042
   104 H10    *pz       -0.0000   -0.0002   -0.0001   -0.0003   -0.0001   -0.0003   -0.0066   -0.0001   -0.0052    0.0002


      Orbital                21        22        23        24        25        26        27        28        29        30
      Energy            -0.5278   -0.1830   -0.1059    0.6695    0.1511    0.7043    0.0356    0.0495    0.0744    0.0779
      Occ. No.           1.5280    0.3729    0.1985    0.0130    0.0562    0.0128    0.0000    0.0000    0.0000    0.0000

     1 N1     1s        -0.0000   -0.0000   -0.0000    0.1030   -0.0000    0.0899    0.0000    0.0096    0.0000   -0.0178
     2 N1     2s        -0.0001   -0.0000    0.0000    0.4119   -0.0000    0.4506   -0.0000   -0.0167    0.0000   -0.1371
     3 N1     *s        -0.0000   -0.0000    0.0000   -0.5236   -0.0000   -0.1968   -0.0000   -0.1157   -0.0000    0.2138
     4 N1     2px       -0.0000   -0.0076    0.0000   -0.0166   -0.0078   -0.0158    0.0261   -0.0030   -0.0841   -0.0004
     5 N1     *px        0.0000   -0.0004    0.0000    0.0153    0.0017    0.0151   -0.0843    0.0042    0.1189    0.0022
     6 N1     2py       -0.0001    0.0235    0.0000    0.9332    0.0243    0.8897    0.0005    0.1689   -0.0015    0.0218
     7 N1     *py       -0.0000    0.0012   -0.0000   -0.8615   -0.0052   -0.8484   -0.0015   -0.2358    0.0022   -0.1237
     8 N1     2pz       -0.0000   -0.6235   -0.0000    0.0353   -0.6464    0.0337   -0.0003    0.0064    0.0010    0.0008
     9 N1     *pz       -0.0000   -0.0326    0.0000   -0.0326    0.1392   -0.0321    0.0010   -0.0089   -0.0014   -0.0047
    10 N1     *d2-      -0.0009   -0.0001   -0.0012   -0.0041   -0.0005   -0.0045    0.0068    0.0004   -0.0147    0.0007
    11 N1     *d1-       0.0004   -0.0048    0.0006    0.0084   -0.0355    0.0081   -0.0001    0.0008    0.0002   -0.0005
    12 N1     *d0       -0.0005   -0.0003   -0.0007   -0.0615   -0.0023   -0.0500   -0.0000   -0.0181    0.0000   -0.0036
    13 N1     *d1+       0.0230    0.0001    0.0330   -0.0001    0.0006    0.0003    0.0003   -0.0005   -0.0006   -0.0003
    14 N1     *d2+       0.0003   -0.0002    0.0004   -0.1153   -0.0013   -0.1266   -0.0002    0.0111    0.0005    0.0184
    15 C2     1s         0.0000   -0.0000    0.0000    0.0081   -0.0000    0.0192    0.0114   -0.0178    0.0073   -0.0074
    16 C2     2s         0.0000   -0.0000   -0.0000    0.0516    0.0000    0.3109   -0.0688    0.1362   -0.2027    0.1481
    17 C2     *s        -0.0000   -0.0000   -0.0000   -0.1722    0.0000    0.2406   -0.6763    0.6453   -0.6158    0.1657
    18 C2     2px       -0.0055    0.0038   -0.0068    0.1781    0.0063    0.1668    0.2148   -0.0855    0.1255   -0.1304
    19 C2     *px        0.0001    0.0003   -0.0009   -0.0469    0.0005   -0.2661    0.3638   -0.2276    0.8348   -0.5743
    20 C2     2py        0.0173   -0.0119    0.0213    0.1807   -0.0196   -0.1620   -0.0930    0.1755   -0.0189    0.1400
    21 C2     *py       -0.0004   -0.0011    0.0026   -0.1536   -0.0017   -0.3451   -0.2698    0.1617   -0.0199    0.5680
    22 C2     2pz       -0.4595    0.3173   -0.5666    0.0046    0.5223   -0.0081   -0.0061    0.0076   -0.0022    0.0068
    23 C2     *pz        0.0106    0.0279   -0.0703   -0.0052    0.0438   -0.0098   -0.0145    0.0088   -0.0108    0.0283
    24 C2     *d2-       0.0005    0.0000    0.0003   -0.0757   -0.0003   -0.0373   -0.0075   -0.0298    0.0138   -0.0046
    25 C2     *d1-       0.0190   -0.0339   -0.0232   -0.0005    0.0064   -0.0027   -0.0002    0.0007    0.0010   -0.0001
    26 C2     *d0        0.0014   -0.0020   -0.0012   -0.0092    0.0002    0.0157    0.0045   -0.0004   -0.0100    0.0074
    27 C2     *d1+      -0.0070   -0.0121   -0.0156   -0.0037    0.0104   -0.0018   -0.0002   -0.0010    0.0005    0.0001
    28 C2     *d2+       0.0006   -0.0014   -0.0011    0.0531    0.0004    0.0566   -0.0003   -0.0088   -0.0125   -0.0074
    29 C3     1s         0.0000    0.0000    0.0000    0.0081   -0.0000   -0.0192    0.0114   -0.0178   -0.0073    0.0074
    30 C3     2s        -0.0000    0.0000    0.0000    0.0516   -0.0000   -0.3109   -0.0688    0.1362    0.2027   -0.1481
    31 C3     *s        -0.0000    0.0000    0.0000   -0.1722   -0.0000   -0.2406   -0.6763    0.6453    0.6158   -0.1657
    32 C3     2px       -0.0055    0.0038    0.0069    0.1844   -0.0063   -0.1610    0.2114   -0.0792   -0.1247    0.1254
    33 C3     *px        0.0001    0.0003    0.0009   -0.0523   -0.0005    0.2782    0.3540   -0.2217   -0.8336    0.5537
    34 C3     2py        0.0172   -0.0119   -0.0213   -0.1741    0.0197   -0.1680    0.1008   -0.1785   -0.0234    0.1446
    35 C3     *py       -0.0004   -0.0010   -0.0026    0.1518    0.0016   -0.3352    0.2829   -0.1699   -0.0503    0.5886
    36 C3     2pz       -0.4595    0.3173    0.5666   -0.0088   -0.5223   -0.0044    0.0012   -0.0058    0.0006    0.0039
    37 C3     *pz        0.0106    0.0279    0.0703    0.0063   -0.0438   -0.0160    0.0064   -0.0037    0.0082    0.0155
    38 C3     *d2-       0.0000    0.0009   -0.0009    0.0793    0.0005   -0.0412    0.0075    0.0291    0.0146   -0.0040
    39 C3     *d1-      -0.0193    0.0334   -0.0226   -0.0021    0.0060    0.0035   -0.0004    0.0001   -0.0013    0.0002
    40 C3     *d0       -0.0011    0.0025   -0.0018   -0.0093    0.0006   -0.0156    0.0045   -0.0005    0.0100   -0.0074
    41 C3     *d1+      -0.0064   -0.0132    0.0164    0.0022   -0.0106   -0.0012    0.0004    0.0012    0.0006   -0.0004
    42 C3     *d2+      -0.0008    0.0011   -0.0007    0.0475    0.0001   -0.0538   -0.0008   -0.0110    0.0114    0.0078
    43 N4     1s        -0.0000    0.0000    0.0000    0.1030   -0.0000   -0.0899   -0.0000    0.0096    0.0000    0.0178
    44 N4     2s        -0.0001    0.0000   -0.0000    0.4119   -0.0000   -0.4506    0.0000   -0.0167   -0.0000    0.1371
    45 N4     *s        -0.0000    0.0000   -0.0000   -0.5236    0.0000    0.1969    0.0000   -0.1157   -0.0000   -0.2138
    46 N4     2px        0.0000   -0.0076    0.0000    0.0166    0.0078   -0.0158    0.0261    0.0030    0.0841   -0.0004
    47 N4     *px       -0.0000   -0.0004    0.0000   -0.0153   -0.0017    0.0151   -0.0843   -0.0042   -0.1189    0.0022
    48 N4     2py        0.0001    0.0235   -0.0000   -0.9331   -0.0243    0.8897    0.0005   -0.1689    0.0015    0.0218
    49 N4     *py        0.0000    0.0012   -0.0000    0.8615    0.0052   -0.8484   -0.0015    0.2358   -0.0022   -0.1237
    50 N4     2pz        0.0000   -0.6235   -0.0000   -0.0353    0.6464    0.0337   -0.0003   -0.0064   -0.0010    0.0008
    51 N4     *pz        0.0000   -0.0326    0.0000    0.0326   -0.1392   -0.0321    0.0010    0.0089    0.0014   -0.0047
    52 N4     *d2-      -0.0009    0.0001    0.0012   -0.0041   -0.0005    0.0045   -0.0068    0.0004   -0.0147   -0.0007
    53 N4     *d1-       0.0004    0.0048   -0.0006    0.0084   -0.0355   -0.0081    0.0001    0.0008    0.0002    0.0005
    54 N4     *d0       -0.0005    0.0003    0.0007   -0.0615   -0.0023    0.0500    0.0000   -0.0181    0.0000    0.0036
    55 N4     *d1+       0.0230   -0.0001   -0.0330   -0.0001    0.0006   -0.0003   -0.0003   -0.0005   -0.0006    0.0003
    56 N4     *d2+       0.0003    0.0002   -0.0004   -0.1153   -0.0013    0.1266    0.0002    0.0111    0.0005   -0.0184
    57 C5     1s         0.0000   -0.0000    0.0000    0.0081   -0.0000   -0.0192   -0.0114   -0.0178    0.0073    0.0074
    58 C5     2s        -0.0000   -0.0000    0.0000    0.0516    0.0000   -0.3109    0.0688    0.1362   -0.2027   -0.1481
    59 C5     *s        -0.0000   -0.0000    0.0000   -0.1722    0.0000   -0.2406    0.6763    0.6453   -0.6158   -0.1657
    60 C5     2px        0.0055    0.0038   -0.0069   -0.1781   -0.0063    0.1668    0.2148    0.0855   -0.1255   -0.1304
    61 C5     *px       -0.0001    0.0003   -0.0009    0.0469   -0.0005   -0.2661    0.3638    0.2276   -0.8348   -0.5743
    62 C5     2py       -0.0173   -0.0119    0.0213   -0.1807    0.0196   -0.1620   -0.0930   -0.1755    0.0189    0.1400
    63 C5     *py        0.0004   -0.0011    0.0026    0.1536    0.0017   -0.3451   -0.2698   -0.1617    0.0199    0.5680
    64 C5     2pz        0.4595    0.3173   -0.5666   -0.0046   -0.5223   -0.0081   -0.0061   -0.0076    0.0022    0.0068
    65 C5     *pz       -0.0106    0.0279   -0.0703    0.0052   -0.0438   -0.0098   -0.0145   -0.0088    0.0108    0.0283
    66 C5     *d2-       0.0005   -0.0000   -0.0003   -0.0757   -0.0003    0.0373    0.0075   -0.0298    0.0138    0.0046
    67 C5     *d1-       0.0190    0.0339    0.0232   -0.0005    0.0064    0.0027    0.0002    0.0007    0.0010    0.0001
    68 C5     *d0        0.0014    0.0020    0.0012   -0.0092    0.0002   -0.0157   -0.0045   -0.0004   -0.0100   -0.0074
    69 C5     *d1+      -0.0070    0.0121    0.0156   -0.0037    0.0104    0.0018    0.0002   -0.0010    0.0005   -0.0001
    70 C5     *d2+       0.0006    0.0014    0.0011    0.0531    0.0004   -0.0566    0.0003   -0.0088   -0.0125    0.0074
    71 C6     1s         0.0000    0.0000   -0.0000    0.0081   -0.0000    0.0192   -0.0114   -0.0178   -0.0073   -0.0074
    72 C6     2s         0.0000    0.0000   -0.0000    0.0516   -0.0000    0.3109    0.0688    0.1362    0.2027    0.1481
    73 C6     *s        -0.0000   -0.0000   -0.0000   -0.1722   -0.0000    0.2406    0.6763    0.6453    0.6158    0.1657
    74 C6     2px        0.0056    0.0038    0.0069   -0.1844    0.0063   -0.1609    0.2114    0.0792    0.1247    0.1254
    75 C6     *px       -0.0001    0.0003    0.0009    0.0524    0.0005    0.2782    0.3540    0.2217    0.8336    0.5537
    76 C6     2py       -0.0172   -0.0119   -0.0213    0.1741   -0.0197   -0.1680    0.1008    0.1785    0.0234    0.1446
    77 C6     *py        0.0004   -0.0011   -0.0026   -0.1518   -0.0016   -0.3351    0.2829    0.1699    0.0503    0.5886
    78 C6     2pz        0.4595    0.3173    0.5666    0.0088    0.5223   -0.0044    0.0012    0.0058   -0.0006    0.0039
    79 C6     *pz       -0.0106    0.0279    0.0703   -0.0063    0.0438   -0.0160    0.0064    0.0037   -0.0082    0.0155
    80 C6     *d2-       0.0000   -0.0009    0.0009    0.0793    0.0005    0.0412   -0.0075    0.0291    0.0146    0.0040
    81 C6     *d1-      -0.0193   -0.0334    0.0226   -0.0021    0.0060   -0.0035    0.0004    0.0001   -0.0013   -0.0002
    82 C6     *d0       -0.0011   -0.0025    0.0018   -0.0093    0.0006    0.0156   -0.0045   -0.0005    0.0100    0.0074
    83 C6     *d1+      -0.0064    0.0132   -0.0164    0.0022   -0.0106    0.0012   -0.0004    0.0012    0.0006    0.0004
    84 C6     *d2+      -0.0008   -0.0011    0.0007    0.0475    0.0001    0.0538    0.0008   -0.0110    0.0114   -0.0078
    85 H7     1s         0.0000   -0.0000    0.0000    0.1935   -0.0000    0.0181    0.0520    0.0413    0.0484   -0.0938
    86 H7     *s        -0.0000    0.0000   -0.0000    0.0210    0.0000   -0.0240    1.0703   -0.9969    1.2424   -1.2488
    87 H7     *px       -0.0001    0.0001   -0.0001   -0.0086    0.0001   -0.0031    0.0083   -0.0089    0.0067   -0.0020
    88 H7     *py        0.0004   -0.0003    0.0003    0.0148   -0.0002    0.0099   -0.0034    0.0119   -0.0053    0.0012
    89 H7     *pz       -0.0096    0.0067   -0.0093    0.0007    0.0057    0.0004   -0.0002    0.0006   -0.0003    0.0001
    90 H8     1s         0.0000   -0.0000   -0.0000    0.1935    0.0000   -0.0181    0.0520    0.0413   -0.0484    0.0938
    91 H8     *s        -0.0000    0.0000    0.0000    0.0210   -0.0000    0.0239    1.0703   -0.9969   -1.2424    1.2489
    92 H8     *px       -0.0001    0.0001    0.0001   -0.0080   -0.0001    0.0027    0.0082   -0.0085   -0.0065    0.0020
    93 H8     *py        0.0004   -0.0003   -0.0003   -0.0151    0.0002    0.0100    0.0037   -0.0122   -0.0055    0.0013
    94 H8     *pz       -0.0096    0.0067    0.0093   -0.0005   -0.0057    0.0003    0.0000   -0.0004   -0.0001    0.0000
    95 H9     1s         0.0000    0.0000   -0.0000    0.1935   -0.0000   -0.0181   -0.0520    0.0413    0.0484    0.0938
    96 H9     *s        -0.0000   -0.0000    0.0000    0.0210    0.0000    0.0239   -1.0703   -0.9969    1.2424    1.2489
    97 H9     *px        0.0001    0.0001   -0.0001    0.0086   -0.0001   -0.0031    0.0083    0.0089   -0.0067   -0.0020
    98 H9     *py       -0.0004   -0.0003    0.0003   -0.0148    0.0002    0.0099   -0.0034   -0.0119    0.0053    0.0012
    99 H9     *pz        0.0096    0.0067   -0.0093   -0.0007   -0.0057    0.0004   -0.0002   -0.0006    0.0003    0.0001
   100 H10    1s         0.0000    0.0000    0.0000    0.1935   -0.0000    0.0181   -0.0520    0.0413   -0.0484   -0.0938
   101 H10    *s        -0.0000   -0.0000   -0.0000    0.0210   -0.0000   -0.0240   -1.0703   -0.9969   -1.2424   -1.2488
   102 H10    *px        0.0001    0.0001    0.0001    0.0080    0.0001    0.0027    0.0082    0.0085    0.0065    0.0020
   103 H10    *py       -0.0004   -0.0003   -0.0003    0.0151   -0.0002    0.0100    0.0037    0.0122    0.0055    0.0013
   104 H10    *pz        0.0096    0.0067    0.0093    0.0005    0.0057    0.0003    0.0000    0.0004    0.0001    0.0000


      Orbital                31
      Energy             0.1188
      Occ. No.           0.0000

     1 N1     1s        -0.0448
     2 N1     2s         0.2185
     3 N1     *s         1.5893
     4 N1     2px        0.0009
     5 N1     *px        0.0097
     6 N1     2py       -0.0527
     7 N1     *py       -0.5461
     8 N1     2pz       -0.0020
     9 N1     *pz       -0.0207
    10 N1     *d2-       0.0000
    11 N1     *d1-       0.0016
    12 N1     *d0       -0.0245
    13 N1     *d1+      -0.0005
    14 N1     *d2+       0.0002
    15 C2     1s         0.0264
    16 C2     2s         0.0283
    17 C2     *s        -0.7663
    18 C2     2px       -0.1084
    19 C2     *px       -0.5417
    20 C2     2py       -0.0423
    21 C2     *py       -0.4432
    22 C2     2pz       -0.0003
    23 C2     *pz       -0.0101
    24 C2     *d2-      -0.0060
    25 C2     *d1-       0.0005
    26 C2     *d0       -0.0094
    27 C2     *d1+      -0.0005
    28 C2     *d2+       0.0044
    29 C3     1s         0.0264
    30 C3     2s         0.0283
    31 C3     *s        -0.7663
    32 C3     2px       -0.1099
    33 C3     *px       -0.5571
    34 C3     2py        0.0383
    35 C3     *py        0.4232
    36 C3     2pz        0.0028
    37 C3     *pz        0.0227
    38 C3     *d2-       0.0063
    39 C3     *d1-       0.0004
    40 C3     *d0       -0.0094
    41 C3     *d1+      -0.0000
    42 C3     *d2+       0.0039
    43 N4     1s        -0.0448
    44 N4     2s         0.2185
    45 N4     *s         1.5892
    46 N4     2px       -0.0009
    47 N4     *px       -0.0097
    48 N4     2py        0.0527
    49 N4     *py        0.5461
    50 N4     2pz        0.0020
    51 N4     *pz        0.0207
    52 N4     *d2-       0.0000
    53 N4     *d1-       0.0016
    54 N4     *d0       -0.0245
    55 N4     *d1+      -0.0005
    56 N4     *d2+       0.0002
    57 C5     1s         0.0264
    58 C5     2s         0.0283
    59 C5     *s        -0.7663
    60 C5     2px        0.1084
    61 C5     *px        0.5417
    62 C5     2py        0.0423
    63 C5     *py        0.4432
    64 C5     2pz        0.0003
    65 C5     *pz        0.0101
    66 C5     *d2-      -0.0060
    67 C5     *d1-       0.0005
    68 C5     *d0       -0.0094
    69 C5     *d1+      -0.0005
    70 C5     *d2+       0.0044
    71 C6     1s         0.0264
    72 C6     2s         0.0283
    73 C6     *s        -0.7663
    74 C6     2px        0.1099
    75 C6     *px        0.5571
    76 C6     2py       -0.0383
    77 C6     *py       -0.4232
    78 C6     2pz       -0.0028
    79 C6     *pz       -0.0227
    80 C6     *d2-       0.0063
    81 C6     *d1-       0.0004
    82 C6     *d0       -0.0094
    83 C6     *d1+      -0.0000
    84 C6     *d2+       0.0039
    85 H7     1s         0.0516
    86 H7     *s        -0.1644
    87 H7     *px       -0.0091
    88 H7     *py       -0.0115
    89 H7     *pz       -0.0003
    90 H8     1s         0.0516
    91 H8     *s        -0.1644
    92 H8     *px       -0.0095
    93 H8     *py        0.0112
    94 H8     *pz        0.0005
    95 H9     1s         0.0516
    96 H9     *s        -0.1644
    97 H9     *px        0.0091
    98 H9     *py        0.0115
    99 H9     *pz        0.0003
   100 H10    1s         0.0516
   101 H10    *s        -0.1644
   102 H10    *px        0.0095
   103 H10    *py       -0.0112
   104 H10    *pz       -0.0005
--

      Von Neumann Entropy (Root   1) =  1.42286


      Mulliken population analysis for root number:  1
      -----------------------------------------------


++    Molecular charges:
      ------------------

      Mulliken charges per centre and basis function type
      ---------------------------------------------------

                N1      C2      C3      N4      C5      C6      H7      H8      H9      H10   
      1s       2.0029  2.0029  2.0029  2.0029  2.0029  2.0029  1.2132  1.2132  1.2132  1.2132
      2s       1.6980  1.4768  1.4768  1.6980  1.4768  1.4768  0.0000  0.0000  0.0000  0.0000
      2px      1.2381  1.1498  1.1421  1.2381  1.1498  1.1421  0.0000  0.0000  0.0000  0.0000
      2pz      1.1766  0.9549  0.9547  1.1766  0.9549  0.9547  0.0000  0.0000  0.0000  0.0000
      2py      1.2832  1.1213  1.1292  1.2832  1.1213  1.1292  0.0000  0.0000  0.0000  0.0000
      *s      -0.1365 -0.3817 -0.3817 -0.1365 -0.3817 -0.3817 -0.4015 -0.4015 -0.4015 -0.4015
      *px     -0.1505 -0.2344 -0.2344 -0.1505 -0.2344 -0.2344  0.0201  0.0194  0.0201  0.0194
      *pz     -0.0426 -0.0580 -0.0580 -0.0426 -0.0580 -0.0580  0.0047  0.0046  0.0047  0.0046
      *py     -0.0456 -0.2661 -0.2661 -0.0456 -0.2661 -0.2661  0.0088  0.0096  0.0088  0.0096
      *d2+     0.0093  0.0341  0.0338  0.0093  0.0341  0.0338  0.0000  0.0000  0.0000  0.0000
      *d1+     0.0082  0.0125  0.0129  0.0082  0.0125  0.0129  0.0000  0.0000  0.0000  0.0000
      *d0      0.0047  0.0059  0.0059  0.0047  0.0059  0.0059  0.0000  0.0000  0.0000  0.0000
      *d1-     0.0060  0.0130  0.0126  0.0060  0.0130  0.0126  0.0000  0.0000  0.0000  0.0000
      *d2-     0.0200  0.0377  0.0380  0.0200  0.0377  0.0380  0.0000  0.0000  0.0000  0.0000
      Total    7.0719  5.8687  5.8687  7.0719  5.8687  5.8687  0.8453  0.8453  0.8453  0.8453

      N-E     -0.0719  0.1313  0.1313 -0.0719  0.1313  0.1313  0.1547  0.1547  0.1547  0.1547

      Total electronic charge=   41.000000

      Total            charge=    1.000000
--



      Expectation values of various properties for root number:  1
      -----------------------------------------------------------


++    Molecular properties:
      ---------------------

      Charge (e):
                      =    1.0000
      Dipole Moment (debye):
      Origin of the operator (angstrom)=    0.0000    0.0000    0.0000
                   X= -5.7329E-07               Y=  2.6469E-05               Z= -4.2534E-06           Total=  2.6815E-05
      Center of Charge (angstrom)
                     X=   -0.00000012               Y=    0.00000551               Z=   -0.00000089
      Quadrupole Moment (debye*angstrom):
      Origin of the operator (angstrom)=    0.0000    0.0000    0.0000
                  XX= -1.6642E+01              XY=  1.8223E-01              XZ= -2.0130E-01              YY= -2.6465E+01
                  YZ=  2.7541E-01              ZZ= -3.3834E+01
      In traceless form (debye*angstrom)
                  XX=  1.3507E+01              XY=  2.7335E-01              XZ= -3.0195E-01              YY= -1.2271E+00
                  YZ=  4.1311E-01              ZZ= -1.2280E+01
--


      Mulliken spin population analysis for root number:  1
      ---------------------------------------------------


++    Molecular charges:
      ------------------

      Mulliken spin population per centre and basis function type
      ---------------------------------------------------

                N1      C2      C3      N4      C5      C6      H7      H8      H9      H10   
      1s       0.0000  0.0000  0.0000  0.0000  0.0000  0.0000  0.0109  0.0109  0.0109  0.0109
      2s       0.0626 -0.0009 -0.0009  0.0626 -0.0009 -0.0009  0.0000  0.0000  0.0000  0.0000
      2px      0.0001  0.0019  0.0025  0.0001  0.0019  0.0025  0.0000  0.0000  0.0000  0.0000
      2pz      0.0318 -0.0117 -0.0117  0.0318 -0.0117 -0.0117  0.0000  0.0000  0.0000  0.0000
      2py      0.3655  0.0242  0.0236  0.3655  0.0242  0.0236  0.0000  0.0000  0.0000  0.0000
      *s       0.0033  0.0001  0.0001  0.0033  0.0001  0.0001 -0.0010 -0.0010 -0.0010 -0.0010
      *px     -0.0000  0.0006  0.0007 -0.0000  0.0006  0.0007  0.0001  0.0001  0.0001  0.0001
      *pz     -0.0021 -0.0003 -0.0003 -0.0021 -0.0003 -0.0003 -0.0001 -0.0001 -0.0001 -0.0001
      *py     -0.0245  0.0014  0.0013 -0.0245  0.0014  0.0013  0.0001  0.0001  0.0001  0.0001
      *d2+     0.0002  0.0048  0.0044  0.0002  0.0048  0.0044  0.0000  0.0000  0.0000  0.0000
      *d1+    -0.0000  0.0001  0.0001 -0.0000  0.0001  0.0001  0.0000  0.0000  0.0000  0.0000
      *d0      0.0004  0.0000  0.0000  0.0004  0.0000  0.0000  0.0000  0.0000  0.0000  0.0000
      *d1-    -0.0002 -0.0000 -0.0000 -0.0002 -0.0000 -0.0000  0.0000  0.0000  0.0000  0.0000
      *d2-     0.0000  0.0012  0.0016  0.0000  0.0012  0.0016  0.0000  0.0000  0.0000  0.0000
      Total    0.4370  0.0215  0.0215  0.4370  0.0215  0.0215  0.0100  0.0100  0.0100  0.0100

      Total electronic spin=    1.000000
--


      Von Neumann Entropy (Root   2) =  1.16021


      Mulliken population analysis for root number:  2
      -----------------------------------------------


++    Molecular charges:
      ------------------

      Mulliken charges per centre and basis function type
      ---------------------------------------------------

                N1      C2      C3      N4      C5      C6      H7      H8      H9      H10   
      1s       2.0028  2.0029  2.0029  2.0028  2.0029  2.0029  1.2273  1.2273  1.2273  1.2273
      2s       1.7410  1.4788  1.4788  1.7410  1.4788  1.4788  0.0000  0.0000  0.0000  0.0000
      2px      1.2382  1.1546  1.1476  1.2382  1.1546  1.1476  0.0000  0.0000  0.0000  0.0000
      2pz      1.0348  0.7710  0.7709  1.0348  0.7710  0.7709  0.0000  0.0000  0.0000  0.0000
      2py      1.5178  1.1477  1.1549  1.5178  1.1477  1.1549  0.0000  0.0000  0.0000  0.0000
      *s      -0.1168 -0.3818 -0.3818 -0.1168 -0.3818 -0.3818 -0.4024 -0.4024 -0.4024 -0.4024
      *px     -0.1505 -0.2325 -0.2323 -0.1505 -0.2325 -0.2323  0.0202  0.0194  0.0202  0.0194
      *pz     -0.0311 -0.0522 -0.0522 -0.0311 -0.0522 -0.0522  0.0036  0.0036  0.0036  0.0036
      *py      0.0179 -0.2581 -0.2584  0.0179 -0.2581 -0.2584  0.0090  0.0097  0.0090  0.0097
      *d2+     0.0087  0.0424  0.0414  0.0087  0.0424  0.0414  0.0000  0.0000  0.0000  0.0000
      *d1+     0.0042  0.0121  0.0125  0.0042  0.0121  0.0125  0.0000  0.0000  0.0000  0.0000
      *d0      0.0060  0.0060  0.0060  0.0060  0.0060  0.0060  0.0000  0.0000  0.0000  0.0000
      *d1-     0.0070  0.0108  0.0105  0.0070  0.0108  0.0105  0.0000  0.0000  0.0000  0.0000
      *d2-     0.0200  0.0407  0.0418  0.0200  0.0407  0.0418  0.0000  0.0000  0.0000  0.0000
      Total    7.2998  5.7425  5.7425  7.2998  5.7425  5.7425  0.8576  0.8576  0.8576  0.8576

      N-E     -0.2998  0.2575  0.2575 -0.2998  0.2575  0.2575  0.1424  0.1424  0.1424  0.1424

      Total electronic charge=   41.000000

      Total            charge=    1.000000
--



      Expectation values of various properties for root number:  2
      -----------------------------------------------------------


++    Molecular properties:
      ---------------------

      Charge (e):
                      =    1.0000
      Dipole Moment (debye):
      Origin of the operator (angstrom)=    0.0000    0.0000    0.0000
                   X= -4.4824E-09               Y=  6.4640E-06               Z=  1.0147E-05           Total=  1.2031E-05
      Center of Charge (angstrom)
                     X=   -0.00000000               Y=    0.00000135               Z=    0.00000211
      Quadrupole Moment (debye*angstrom):
      Origin of the operator (angstrom)=    0.0000    0.0000    0.0000
                  XX= -1.4074E+01              XY=  3.7841E-01              XZ= -2.0442E-01              YY= -3.4900E+01
                  YZ= -1.0843E-01              ZZ= -3.2143E+01
      In traceless form (debye*angstrom)
                  XX=  1.9448E+01              XY=  5.6761E-01              XZ= -3.0662E-01              YY= -1.1791E+01
                  YZ= -1.6265E-01              ZZ= -7.6568E+00
--


      Mulliken spin population analysis for root number:  2
      ---------------------------------------------------


++    Molecular charges:
      ------------------

      Mulliken spin population per centre and basis function type
      ---------------------------------------------------

                N1      C2      C3      N4      C5      C6      H7      H8      H9      H10   
      1s      -0.0000 -0.0000 -0.0000 -0.0000 -0.0000 -0.0000  0.0001  0.0001  0.0001  0.0001
      2s      -0.0008  0.0001  0.0001 -0.0008  0.0001  0.0001  0.0000  0.0000  0.0000  0.0000
      2px     -0.0000  0.0002  0.0002 -0.0000  0.0002  0.0002  0.0000  0.0000  0.0000  0.0000
      2pz     -0.0982  0.2930  0.2930 -0.0982  0.2930  0.2930  0.0000  0.0000  0.0000  0.0000
      2py     -0.0054  0.0005  0.0005 -0.0054  0.0005  0.0005  0.0000  0.0000  0.0000  0.0000
      *s       0.0006 -0.0000 -0.0000  0.0006 -0.0000 -0.0000  0.0000  0.0000  0.0000  0.0000
      *px      0.0000  0.0001  0.0001  0.0000  0.0001  0.0001 -0.0000 -0.0000 -0.0000 -0.0000
      *pz      0.0046 -0.0029 -0.0029  0.0046 -0.0029 -0.0029  0.0016  0.0016  0.0016  0.0016
      *py      0.0036  0.0003  0.0003  0.0036  0.0003  0.0003  0.0000  0.0000  0.0000  0.0000
      *d2+    -0.0000  0.0001  0.0001 -0.0000  0.0001  0.0001  0.0000  0.0000  0.0000  0.0000
      *d1+     0.0038 -0.0008 -0.0008  0.0038 -0.0008 -0.0008  0.0000  0.0000  0.0000  0.0000
      *d0      0.0000  0.0000  0.0000  0.0000  0.0000  0.0000  0.0000  0.0000  0.0000  0.0000
      *d1-     0.0007  0.0033  0.0033  0.0007  0.0033  0.0033  0.0000  0.0000  0.0000  0.0000
      *d2-     0.0000  0.0001  0.0001  0.0000  0.0001  0.0001  0.0000  0.0000  0.0000  0.0000
      Total   -0.0912  0.2939  0.2939 -0.0912  0.2939  0.2939  0.0017  0.0017  0.0017  0.0017

      Total electronic spin=    1.000000
--


      Von Neumann Entropy (Root   3) =  1.52343


      Mulliken population analysis for root number:  3
      -----------------------------------------------


++    Molecular charges:
      ------------------

      Mulliken charges per centre and basis function type
      ---------------------------------------------------

                N1      C2      C3      N4      C5      C6      H7      H8      H9      H10   
      1s       2.0029  2.0029  2.0029  2.0029  2.0029  2.0029  1.2236  1.2236  1.2236  1.2236
      2s       1.6872  1.4680  1.4680  1.6872  1.4680  1.4680  0.0000  0.0000  0.0000  0.0000
      2px      1.2381  1.1483  1.1413  1.2381  1.1483  1.1413  0.0000  0.0000  0.0000  0.0000
      2pz      1.2017  0.9434  0.9432  1.2017  0.9434  0.9432  0.0000  0.0000  0.0000  0.0000
      2py      1.2522  1.1429  1.1499  1.2522  1.1429  1.1499  0.0000  0.0000  0.0000  0.0000
      *s      -0.1287 -0.3817 -0.3817 -0.1287 -0.3817 -0.3817 -0.4027 -0.4027 -0.4027 -0.4027
      *px     -0.1505 -0.2366 -0.2368 -0.1505 -0.2366 -0.2368  0.0202  0.0195  0.0202  0.0195
      *pz     -0.0439 -0.0579 -0.0579 -0.0439 -0.0579 -0.0579  0.0046  0.0046  0.0046  0.0046
      *py     -0.0466 -0.2687 -0.2684 -0.0466 -0.2687 -0.2684  0.0090  0.0098  0.0090  0.0098
      *d2+     0.0089  0.0341  0.0336  0.0089  0.0341  0.0336  0.0000  0.0000  0.0000  0.0000
      *d1+     0.0082  0.0126  0.0130  0.0082  0.0126  0.0130  0.0000  0.0000  0.0000  0.0000
      *d0      0.0048  0.0060  0.0060  0.0048  0.0060  0.0060  0.0000  0.0000  0.0000  0.0000
      *d1-     0.0059  0.0130  0.0127  0.0059  0.0130  0.0127  0.0000  0.0000  0.0000  0.0000
      *d2-     0.0200  0.0390  0.0394  0.0200  0.0390  0.0394  0.0000  0.0000  0.0000  0.0000
      Total    7.0601  5.8652  5.8652  7.0601  5.8652  5.8652  0.8547  0.8547  0.8547  0.8547

      N-E     -0.0601  0.1348  0.1348 -0.0601  0.1348  0.1348  0.1453  0.1453  0.1453  0.1453

      Total electronic charge=   41.000000

      Total            charge=    1.000000
--



      Expectation values of various properties for root number:  3
      -----------------------------------------------------------


++    Molecular properties:
      ---------------------

      Charge (e):
                      =    1.0000
      Dipole Moment (debye):
      Origin of the operator (angstrom)=    0.0000    0.0000    0.0000
                   X=  5.1573E-07               Y= -1.3423E-05               Z=  1.3842E-05           Total=  1.9288E-05
      Center of Charge (angstrom)
                     X=    0.00000011               Y=   -0.00000279               Z=    0.00000288
      Quadrupole Moment (debye*angstrom):
      Origin of the operator (angstrom)=    0.0000    0.0000    0.0000
                  XX= -1.8073E+01              XY=  1.4024E-01              XZ= -1.8363E-01              YY= -2.5575E+01
                  YZ=  3.0356E-01              ZZ= -3.3676E+01
      In traceless form (debye*angstrom)
                  XX=  1.1552E+01              XY=  2.1037E-01              XZ= -2.7544E-01              YY=  2.9954E-01
                  YZ=  4.5533E-01              ZZ= -1.1852E+01
--


      Mulliken spin population analysis for root number:  3
      ---------------------------------------------------


++    Molecular charges:
      ------------------

      Mulliken spin population per centre and basis function type
      ---------------------------------------------------

                N1      C2      C3      N4      C5      C6      H7      H8      H9      H10   
      1s       0.0000 -0.0000 -0.0000  0.0000 -0.0000 -0.0000 -0.0001 -0.0001 -0.0001 -0.0001
      2s       0.0743  0.0077  0.0077  0.0743  0.0077  0.0077  0.0000  0.0000  0.0000  0.0000
      2px      0.0001  0.0032  0.0029  0.0001  0.0032  0.0029  0.0000  0.0000  0.0000  0.0000
      2pz      0.0316 -0.0083 -0.0083  0.0316 -0.0083 -0.0083  0.0000  0.0000  0.0000  0.0000
      2py      0.4035  0.0018  0.0020  0.4035  0.0018  0.0020  0.0000  0.0000  0.0000  0.0000
      *s      -0.0064  0.0000  0.0000 -0.0064  0.0000  0.0000  0.0002  0.0002  0.0002  0.0002
      *px     -0.0000  0.0027  0.0030 -0.0000  0.0027  0.0030  0.0000  0.0000  0.0000  0.0000
      *pz     -0.0021 -0.0001 -0.0001 -0.0021 -0.0001 -0.0001 -0.0000 -0.0000 -0.0000 -0.0000
      *py     -0.0315  0.0034  0.0032 -0.0315  0.0034  0.0032 -0.0001 -0.0001 -0.0001 -0.0001
      *d2+     0.0006  0.0044  0.0043  0.0006  0.0044  0.0043  0.0000  0.0000  0.0000  0.0000
      *d1+    -0.0000  0.0001  0.0001 -0.0000  0.0001  0.0001  0.0000  0.0000  0.0000  0.0000
      *d0      0.0002 -0.0000 -0.0000  0.0002 -0.0000 -0.0000  0.0000  0.0000  0.0000  0.0000
      *d1-    -0.0002  0.0002  0.0002 -0.0002  0.0002  0.0002  0.0000  0.0000  0.0000  0.0000
      *d2-     0.0000 -0.0002 -0.0001  0.0000 -0.0002 -0.0001  0.0000  0.0000  0.0000  0.0000
      Total    0.4703  0.0149  0.0149  0.4703  0.0149  0.0149  0.0000  0.0000  0.0000  0.0000

      Total electronic spin=    1.000000
--


      Von Neumann Entropy (Root   4) =  1.23885


      Mulliken population analysis for root number:  4
      -----------------------------------------------


++    Molecular charges:
      ------------------

      Mulliken charges per centre and basis function type
      ---------------------------------------------------

                N1      C2      C3      N4      C5      C6      H7      H8      H9      H10   
      1s       2.0029  2.0029  2.0029  2.0029  2.0029  2.0029  1.2256  1.2256  1.2256  1.2256
      2s       1.7499  1.4775  1.4775  1.7499  1.4775  1.4775  0.0000  0.0000  0.0000  0.0000
      2px      1.2382  1.1531  1.1460  1.2382  1.1531  1.1460  0.0000  0.0000  0.0000  0.0000
      2pz      0.8205  0.8909  0.8908  0.8205  0.8909  0.8908  0.0000  0.0000  0.0000  0.0000
      2py      1.5769  1.1465  1.1538  1.5769  1.1465  1.1538  0.0000  0.0000  0.0000  0.0000
      *s      -0.1249 -0.3817 -0.3817 -0.1249 -0.3817 -0.3817 -0.4025 -0.4025 -0.4025 -0.4025
      *px     -0.1505 -0.2331 -0.2329 -0.1505 -0.2331 -0.2329  0.0202  0.0195  0.0202  0.0195
      *pz     -0.0394 -0.0548 -0.0548 -0.0394 -0.0548 -0.0548  0.0043  0.0043  0.0043  0.0043
      *py     -0.0247 -0.2613 -0.2615 -0.0247 -0.2613 -0.2615  0.0090  0.0097  0.0090  0.0097
      *d2+     0.0089  0.0407  0.0398  0.0089  0.0407  0.0398  0.0000  0.0000  0.0000  0.0000
      *d1+     0.0081  0.0089  0.0090  0.0081  0.0089  0.0090  0.0000  0.0000  0.0000  0.0000
      *d0      0.0055  0.0059  0.0059  0.0055  0.0059  0.0059  0.0000  0.0000  0.0000  0.0000
      *d1-     0.0049  0.0098  0.0097  0.0049  0.0098  0.0097  0.0000  0.0000  0.0000  0.0000
      *d2-     0.0200  0.0397  0.0406  0.0200  0.0397  0.0406  0.0000  0.0000  0.0000  0.0000
      Total    7.0963  5.8453  5.8453  7.0963  5.8453  5.8453  0.8566  0.8566  0.8566  0.8566

      N-E     -0.0963  0.1547  0.1547 -0.0963  0.1547  0.1547  0.1434  0.1434  0.1434  0.1434

      Total electronic charge=   41.000000

      Total            charge=    1.000000
--



      Expectation values of various properties for root number:  4
      -----------------------------------------------------------


++    Molecular properties:
      ---------------------

      Charge (e):
                      =    1.0000
      Dipole Moment (debye):
      Origin of the operator (angstrom)=    0.0000    0.0000    0.0000
                   X= -4.9946E-08               Y=  2.4158E-05               Z= -1.3666E-05           Total=  2.7756E-05
      Center of Charge (angstrom)
                     X=   -0.00000001               Y=    0.00000503               Z=   -0.00000285
      Quadrupole Moment (debye*angstrom):
      Origin of the operator (angstrom)=    0.0000    0.0000    0.0000
                  XX= -1.7752E+01              XY=  2.3824E-01              XZ= -1.6741E-01              YY= -3.0786E+01
                  YZ=  5.5284E-02              ZZ= -3.2328E+01
      In traceless form (debye*angstrom)
                  XX=  1.3805E+01              XY=  3.5735E-01              XZ= -2.5111E-01              YY= -5.7458E+00
                  YZ=  8.2927E-02              ZZ= -8.0589E+00
--


      Mulliken spin population analysis for root number:  4
      ---------------------------------------------------


++    Molecular charges:
      ------------------

      Mulliken spin population per centre and basis function type
      ---------------------------------------------------

                N1      C2      C3      N4      C5      C6      H7      H8      H9      H10   
      1s       0.0000  0.0000  0.0000  0.0000  0.0000  0.0000 -0.0001 -0.0001 -0.0001 -0.0001
      2s       0.0007 -0.0001 -0.0001  0.0007 -0.0001 -0.0001  0.0000  0.0000  0.0000  0.0000
      2px      0.0001 -0.0001 -0.0001  0.0001 -0.0001 -0.0001  0.0000  0.0000  0.0000  0.0000
      2pz      0.4444  0.0283  0.0283  0.4444  0.0283  0.0283  0.0000  0.0000  0.0000  0.0000
      2py      0.0050 -0.0000 -0.0000  0.0050 -0.0000 -0.0000  0.0000  0.0000  0.0000  0.0000
      *s      -0.0005  0.0000  0.0000 -0.0005  0.0000  0.0000 -0.0000 -0.0000 -0.0000 -0.0000
      *px     -0.0000 -0.0000 -0.0000 -0.0000 -0.0000 -0.0000  0.0000  0.0000  0.0000  0.0000
      *pz     -0.0077 -0.0045 -0.0045 -0.0077 -0.0045 -0.0045  0.0002  0.0002  0.0002  0.0002
      *py     -0.0029 -0.0002 -0.0002 -0.0029 -0.0002 -0.0002  0.0000  0.0000  0.0000  0.0000
      *d2+     0.0000 -0.0001 -0.0001  0.0000 -0.0001 -0.0001  0.0000  0.0000  0.0000  0.0000
      *d1+     0.0001  0.0042  0.0044  0.0001  0.0042  0.0044  0.0000  0.0000  0.0000  0.0000
      *d0     -0.0000  0.0000  0.0000 -0.0000  0.0000  0.0000  0.0000  0.0000  0.0000  0.0000
      *d1-     0.0008  0.0027  0.0024  0.0008  0.0027  0.0024  0.0000  0.0000  0.0000  0.0000
      *d2-     0.0000 -0.0001 -0.0001  0.0000 -0.0001 -0.0001  0.0000  0.0000  0.0000  0.0000
      Total    0.4400  0.0300  0.0300  0.4400  0.0300  0.0300  0.0001  0.0001  0.0001  0.0001

      Total electronic spin=    1.000000
--


      Von Neumann Entropy (Root   5) =  1.84493


      Mulliken population analysis for root number:  5
      -----------------------------------------------


++    Molecular charges:
      ------------------

      Mulliken charges per centre and basis function type
      ---------------------------------------------------

                N1      C2      C3      N4      C5      C6      H7      H8      H9      H10   
      1s       2.0028  2.0029  2.0029  2.0028  2.0029  2.0029  1.2266  1.2266  1.2266  1.2266
      2s       1.7421  1.4785  1.4785  1.7421  1.4785  1.4785  0.0000  0.0000  0.0000  0.0000
      2px      1.2382  1.1541  1.1471  1.2382  1.1541  1.1471  0.0000  0.0000  0.0000  0.0000
      2pz      0.9624  0.7930  0.7928  0.9624  0.7930  0.7928  0.0000  0.0000  0.0000  0.0000
      2py      1.5263  1.1469  1.1541  1.5263  1.1469  1.1541  0.0000  0.0000  0.0000  0.0000
      *s      -0.1192 -0.3817 -0.3817 -0.1192 -0.3817 -0.3817 -0.4024 -0.4024 -0.4024 -0.4024
      *px     -0.1505 -0.2327 -0.2324 -0.1505 -0.2327 -0.2324  0.0202  0.0194  0.0202  0.0194
      *pz     -0.0222 -0.0381 -0.0380 -0.0222 -0.0381 -0.0380  0.0040  0.0040  0.0040  0.0040
      *py      0.0069 -0.2590 -0.2592  0.0069 -0.2590 -0.2592  0.0090  0.0097  0.0090  0.0097
      *d2+     0.0087  0.0419  0.0409  0.0087  0.0419  0.0409  0.0000  0.0000  0.0000  0.0000
      *d1+     0.0069  0.0104  0.0108  0.0069  0.0104  0.0108  0.0000  0.0000  0.0000  0.0000
      *d0      0.0058  0.0060  0.0060  0.0058  0.0060  0.0060  0.0000  0.0000  0.0000  0.0000
      *d1-     0.0054  0.0132  0.0128  0.0054  0.0132  0.0128  0.0000  0.0000  0.0000  0.0000
      *d2-     0.0200  0.0404  0.0414  0.0200  0.0404  0.0414  0.0000  0.0000  0.0000  0.0000
      Total    7.2336  5.7759  5.7759  7.2336  5.7759  5.7759  0.8573  0.8573  0.8573  0.8573

      N-E     -0.2336  0.2241  0.2241 -0.2336  0.2241  0.2241  0.1427  0.1427  0.1427  0.1427

      Total electronic charge=   41.000000

      Total            charge=    1.000000
--



      Expectation values of various properties for root number:  5
      -----------------------------------------------------------


++    Molecular properties:
      ---------------------

      Charge (e):
                      =    1.0000
      Dipole Moment (debye):
      Origin of the operator (angstrom)=    0.0000    0.0000    0.0000
                   X=  2.5577E-07               Y=  1.5183E-06               Z=  7.5629E-06           Total=  7.7180E-06
      Center of Charge (angstrom)
                     X=    0.00000005               Y=    0.00000032               Z=    0.00000157
      Quadrupole Moment (debye*angstrom):
      Origin of the operator (angstrom)=    0.0000    0.0000    0.0000
                  XX= -1.5943E+01              XY=  3.2510E-01              XZ= -1.8267E-01              YY= -3.3821E+01
                  YZ= -7.0641E-02              ZZ= -3.2050E+01
      In traceless form (debye*angstrom)
                  XX=  1.6993E+01              XY=  4.8765E-01              XZ= -2.7401E-01              YY= -9.8242E+00
                  YZ= -1.0596E-01              ZZ= -7.1686E+00
--


      Mulliken spin population analysis for root number:  5
      ---------------------------------------------------


++    Molecular charges:
      ------------------

      Mulliken spin population per centre and basis function type
      ---------------------------------------------------

                N1      C2      C3      N4      C5      C6      H7      H8      H9      H10   
      1s       0.0000  0.0000  0.0000  0.0000  0.0000  0.0000 -0.0000 -0.0000 -0.0000 -0.0000
      2s       0.0003 -0.0000 -0.0000  0.0003 -0.0000 -0.0000  0.0000  0.0000  0.0000  0.0000
      2px      0.0000 -0.0000 -0.0000  0.0000 -0.0000 -0.0000  0.0000  0.0000  0.0000  0.0000
      2pz      0.2747  0.1238  0.1238  0.2747  0.1238  0.1238  0.0000  0.0000  0.0000  0.0000
      2py      0.0022  0.0001  0.0001  0.0022  0.0001  0.0001  0.0000  0.0000  0.0000  0.0000
      *s      -0.0002  0.0000  0.0000 -0.0002  0.0000  0.0000 -0.0000 -0.0000 -0.0000 -0.0000
      *px     -0.0000 -0.0000 -0.0000 -0.0000 -0.0000 -0.0000  0.0000  0.0000  0.0000  0.0000
      *pz     -0.0117 -0.0122 -0.0122 -0.0117 -0.0122 -0.0122  0.0006  0.0006  0.0006  0.0006
      *py     -0.0012 -0.0001 -0.0001 -0.0012 -0.0001 -0.0001  0.0000  0.0000  0.0000  0.0000
      *d2+     0.0000 -0.0000 -0.0000  0.0000 -0.0000 -0.0000  0.0000  0.0000  0.0000  0.0000
      *d1+     0.0006  0.0027  0.0028  0.0006  0.0027  0.0028  0.0000  0.0000  0.0000  0.0000
      *d0     -0.0000  0.0000  0.0000 -0.0000  0.0000  0.0000  0.0000  0.0000  0.0000  0.0000
      *d1-     0.0010  0.0023  0.0023  0.0010  0.0023  0.0023  0.0000  0.0000  0.0000  0.0000
      *d2-     0.0000 -0.0000 -0.0000  0.0000 -0.0000 -0.0000  0.0000  0.0000  0.0000  0.0000
      Total    0.2658  0.1166  0.1166  0.2658  0.1166  0.1166  0.0005  0.0005  0.0005  0.0005

      Total electronic spin=    1.000000
--


      Von Neumann Entropy (Root   6) =  1.87040


      Mulliken population analysis for root number:  6
      -----------------------------------------------


++    Molecular charges:
      ------------------

      Mulliken charges per centre and basis function type
      ---------------------------------------------------

                N1      C2      C3      N4      C5      C6      H7      H8      H9      H10   
      1s       2.0029  2.0029  2.0029  2.0029  2.0029  2.0029  1.2064  1.2064  1.2064  1.2064
      2s       1.6448  1.4707  1.4707  1.6448  1.4707  1.4707  0.0000  0.0000  0.0000  0.0000
      2px      1.2381  1.1455  1.1376  1.2381  1.1455  1.1376  0.0000  0.0000  0.0000  0.0000
      2pz      1.4855  1.0300  1.0299  1.4855  1.0300  1.0299  0.0000  0.0000  0.0000  0.0000
      2py      0.9973  1.1072  1.1153  0.9973  1.1072  1.1153  0.0000  0.0000  0.0000  0.0000
      *s      -0.1452 -0.3817 -0.3817 -0.1452 -0.3817 -0.3817 -0.4012 -0.4012 -0.4012 -0.4012
      *px     -0.1505 -0.2372 -0.2376 -0.1505 -0.2372 -0.2376  0.0201  0.0193  0.0201  0.0193
      *pz     -0.0443 -0.0537 -0.0537 -0.0443 -0.0537 -0.0537  0.0052  0.0052  0.0052  0.0052
      *py     -0.0812 -0.2737 -0.2733 -0.0812 -0.2737 -0.2733  0.0088  0.0096  0.0088  0.0096
      *d2+     0.0092  0.0271  0.0272  0.0092  0.0271  0.0272  0.0000  0.0000  0.0000  0.0000
      *d1+     0.0082  0.0144  0.0150  0.0082  0.0144  0.0150  0.0000  0.0000  0.0000  0.0000
      *d0      0.0038  0.0059  0.0059  0.0038  0.0059  0.0059  0.0000  0.0000  0.0000  0.0000
      *d1-     0.0062  0.0197  0.0191  0.0062  0.0197  0.0191  0.0000  0.0000  0.0000  0.0000
      *d2-     0.0200  0.0363  0.0361  0.0200  0.0363  0.0361  0.0000  0.0000  0.0000  0.0000
      Total    6.9947  5.9133  5.9133  6.9947  5.9133  5.9133  0.8393  0.8393  0.8393  0.8393

      N-E      0.0053  0.0867  0.0867  0.0053  0.0867  0.0867  0.1607  0.1607  0.1607  0.1607

      Total electronic charge=   41.000000

      Total            charge=    1.000000
--



      Expectation values of various properties for root number:  6
      -----------------------------------------------------------


++    Molecular properties:
      ---------------------

      Charge (e):
                      =    1.0000
      Dipole Moment (debye):
      Origin of the operator (angstrom)=    0.0000    0.0000    0.0000
                   X= -6.4983E-07               Y=  1.9562E-05               Z= -1.4184E-05           Total=  2.4172E-05
      Center of Charge (angstrom)
                     X=   -0.00000014               Y=    0.00000407               Z=   -0.00000295
      Quadrupole Moment (debye*angstrom):
      Origin of the operator (angstrom)=    0.0000    0.0000    0.0000
                  XX= -1.8048E+01              XY=  5.0008E-02              XZ= -2.0475E-01              YY= -2.0443E+01
                  YZ=  5.5191E-01              ZZ= -3.5109E+01
      In traceless form (debye*angstrom)
                  XX=  9.7280E+00              XY=  7.5012E-02              XZ= -3.0712E-01              YY=  6.1351E+00
                  YZ=  8.2787E-01              ZZ= -1.5863E+01
--


      Mulliken spin population analysis for root number:  6
      ---------------------------------------------------


++    Molecular charges:
      ------------------

      Mulliken spin population per centre and basis function type
      ---------------------------------------------------

                N1      C2      C3      N4      C5      C6      H7      H8      H9      H10   
      1s       0.0000  0.0000  0.0000  0.0000  0.0000  0.0000  0.0001  0.0001  0.0001  0.0001
      2s       0.0019 -0.0000 -0.0000  0.0019 -0.0000 -0.0000  0.0000  0.0000  0.0000  0.0000
      2px      0.0000  0.0000  0.0000  0.0000  0.0000  0.0000  0.0000  0.0000  0.0000  0.0000
      2pz      0.2988  0.0803  0.0803  0.2988  0.0803  0.0803  0.0000  0.0000  0.0000  0.0000
      2py      0.0118  0.0004  0.0004  0.0118  0.0004  0.0004  0.0000  0.0000  0.0000  0.0000
      *s      -0.0003  0.0000  0.0000 -0.0003  0.0000  0.0000 -0.0000 -0.0000 -0.0000 -0.0000
      *px     -0.0000 -0.0000 -0.0000 -0.0000 -0.0000 -0.0000  0.0000  0.0000  0.0000  0.0000
      *pz     -0.0005  0.0051  0.0051 -0.0005  0.0051  0.0051  0.0006  0.0006  0.0006  0.0006
      *py     -0.0025 -0.0001 -0.0001 -0.0025 -0.0001 -0.0001  0.0000  0.0000  0.0000  0.0000
      *d2+     0.0000  0.0000  0.0000  0.0000  0.0000  0.0000  0.0000  0.0000  0.0000  0.0000
      *d1+     0.0001  0.0017  0.0020  0.0001  0.0017  0.0020  0.0000  0.0000  0.0000  0.0000
      *d0     -0.0000  0.0000  0.0000 -0.0000  0.0000  0.0000  0.0000  0.0000  0.0000  0.0000
      *d1-     0.0001  0.0071  0.0068  0.0001  0.0071  0.0068  0.0000  0.0000  0.0000  0.0000
      *d2-     0.0000 -0.0000 -0.0000  0.0000 -0.0000 -0.0000  0.0000  0.0000  0.0000  0.0000
      Total    0.3095  0.0946  0.0946  0.3095  0.0946  0.0946  0.0007  0.0007  0.0007  0.0007

      Total electronic spin=    1.000000
--


      Von Neumann Entropy (Root   7) =  2.35627


      Mulliken population analysis for root number:  7
      -----------------------------------------------


++    Molecular charges:
      ------------------

      Mulliken charges per centre and basis function type
      ---------------------------------------------------

                N1      C2      C3      N4      C5      C6      H7      H8      H9      H10   
      1s       2.0029  2.0029  2.0029  2.0029  2.0029  2.0029  1.2130  1.2130  1.2130  1.2130
      2s       1.6975  1.4771  1.4771  1.6975  1.4771  1.4771  0.0000  0.0000  0.0000  0.0000
      2px      1.2381  1.1499  1.1422  1.2381  1.1499  1.1422  0.0000  0.0000  0.0000  0.0000
      2pz      1.1579  0.9384  0.9382  1.1578  0.9384  0.9382  0.0000  0.0000  0.0000  0.0000
      2py      1.2795  1.1209  1.1288  1.2795  1.1209  1.1288  0.0000  0.0000  0.0000  0.0000
      *s      -0.1363 -0.3817 -0.3817 -0.1363 -0.3817 -0.3817 -0.4015 -0.4015 -0.4015 -0.4015
      *px     -0.1505 -0.2342 -0.2342 -0.1505 -0.2342 -0.2342  0.0201  0.0194  0.0201  0.0194
      *pz     -0.0357 -0.0393 -0.0393 -0.0357 -0.0393 -0.0393  0.0049  0.0048  0.0049  0.0048
      *py     -0.0424 -0.2657 -0.2657 -0.0423 -0.2657 -0.2657  0.0088  0.0096  0.0088  0.0096
      *d2+     0.0093  0.0342  0.0339  0.0093  0.0342  0.0339  0.0000  0.0000  0.0000  0.0000
      *d1+     0.0113  0.0124  0.0129  0.0113  0.0124  0.0129  0.0000  0.0000  0.0000  0.0000
      *d0      0.0047  0.0059  0.0059  0.0047  0.0059  0.0059  0.0000  0.0000  0.0000  0.0000
      *d1-     0.0063  0.0147  0.0143  0.0063  0.0147  0.0143  0.0000  0.0000  0.0000  0.0000
      *d2-     0.0200  0.0377  0.0380  0.0200  0.0377  0.0380  0.0000  0.0000  0.0000  0.0000
      Total    7.0625  5.8734  5.8734  7.0625  5.8734  5.8734  0.8453  0.8453  0.8453  0.8453

      N-E     -0.0625  0.1266  0.1266 -0.0625  0.1266  0.1266  0.1547  0.1547  0.1547  0.1547

      Total electronic charge=   41.000000

      Total            charge=    1.000000
--



      Expectation values of various properties for root number:  7
      -----------------------------------------------------------


++    Molecular properties:
      ---------------------

      Charge (e):
                      =    1.0000
      Dipole Moment (debye):
      Origin of the operator (angstrom)=    0.0000    0.0000    0.0000
                   X= -3.2570E-06               Y=  1.8367E-04               Z= -3.1893E-06           Total=  1.8373E-04
      Center of Charge (angstrom)
                     X=   -0.00000068               Y=    0.00003824               Z=   -0.00000066
      Quadrupole Moment (debye*angstrom):
      Origin of the operator (angstrom)=    0.0000    0.0000    0.0000
                  XX= -1.6514E+01              XY=  2.0765E-01              XZ= -1.9751E-01              YY= -2.7771E+01
                  YZ=  2.1265E-01              ZZ= -3.3479E+01
      In traceless form (debye*angstrom)
                  XX=  1.4110E+01              XY=  3.1148E-01              XZ= -2.9627E-01              YY= -2.7740E+00
                  YZ=  3.1897E-01              ZZ= -1.1336E+01
--


      Mulliken spin population analysis for root number:  7
      ---------------------------------------------------


++    Molecular charges:
      ------------------

      Mulliken spin population per centre and basis function type
      ---------------------------------------------------

                N1      C2      C3      N4      C5      C6      H7      H8      H9      H10   
      1s      -0.0000 -0.0000 -0.0000 -0.0000 -0.0000 -0.0000 -0.0037 -0.0037 -0.0037 -0.0037
      2s      -0.0213  0.0006  0.0006 -0.0213  0.0006  0.0006  0.0000  0.0000  0.0000  0.0000
      2px     -0.0000 -0.0005 -0.0007 -0.0000 -0.0005 -0.0007  0.0000  0.0000  0.0000  0.0000
      2pz     -0.0625  0.3420  0.3420 -0.0625  0.3420  0.3420  0.0000  0.0000  0.0000  0.0000
      2py     -0.1252 -0.0077 -0.0074 -0.1252 -0.0077 -0.0074  0.0000  0.0000  0.0000  0.0000
      *s      -0.0007 -0.0000 -0.0000 -0.0007 -0.0000 -0.0000  0.0004  0.0004  0.0004  0.0004
      *px      0.0000 -0.0001 -0.0001  0.0000 -0.0001 -0.0001 -0.0000 -0.0000 -0.0000 -0.0000
      *pz      0.0052  0.0070  0.0070  0.0052  0.0070  0.0070  0.0020  0.0020  0.0020  0.0020
      *py      0.0115 -0.0001 -0.0001  0.0115 -0.0001 -0.0001 -0.0000 -0.0000 -0.0000 -0.0000
      *d2+    -0.0001 -0.0014 -0.0013 -0.0001 -0.0014 -0.0013  0.0000  0.0000  0.0000  0.0000
      *d1+     0.0067 -0.0004 -0.0003  0.0067 -0.0004 -0.0003  0.0000  0.0000  0.0000  0.0000
      *d0     -0.0001  0.0000  0.0000 -0.0001  0.0000  0.0000  0.0000  0.0000  0.0000  0.0000
      *d1-     0.0010  0.0051  0.0051  0.0010  0.0051  0.0051  0.0000  0.0000  0.0000  0.0000
      *d2-     0.0000 -0.0004 -0.0005  0.0000 -0.0004 -0.0005  0.0000  0.0000  0.0000  0.0000
      Total   -0.1855  0.3441  0.3441 -0.1855  0.3441  0.3441 -0.0014 -0.0014 -0.0014 -0.0014

      Total electronic spin=    1.000000
--


      Von Neumann Entropy (Root   8) =  2.29409


      Mulliken population analysis for root number:  8
      -----------------------------------------------


++    Molecular charges:
      ------------------

      Mulliken charges per centre and basis function type
      ---------------------------------------------------

                N1      C2      C3      N4      C5      C6      H7      H8      H9      H10   
      1s       2.0028  2.0029  2.0029  2.0028  2.0029  2.0029  1.2138  1.2138  1.2138  1.2138
      2s       1.6924  1.4779  1.4779  1.6924  1.4779  1.4779  0.0000  0.0000  0.0000  0.0000
      2px      1.2381  1.1506  1.1428  1.2381  1.1506  1.1428  0.0000  0.0000  0.0000  0.0000
      2pz      1.2965  0.8714  0.8712  1.2965  0.8714  0.8712  0.0000  0.0000  0.0000  0.0000
      2py      1.2470  1.1217  1.1296  1.2471  1.1217  1.1296  0.0000  0.0000  0.0000  0.0000
      *s      -0.1326 -0.3818 -0.3818 -0.1326 -0.3818 -0.3818 -0.4015 -0.4015 -0.4015 -0.4015
      *px     -0.1505 -0.2339 -0.2338 -0.1505 -0.2339 -0.2338  0.0201  0.0194  0.0201  0.0194
      *pz     -0.0304 -0.0455 -0.0455 -0.0304 -0.0455 -0.0455  0.0043  0.0043  0.0043  0.0043
      *py     -0.0204 -0.2639 -0.2640 -0.0204 -0.2639 -0.2640  0.0088  0.0096  0.0088  0.0096
      *d2+     0.0092  0.0351  0.0347  0.0092  0.0351  0.0347  0.0000  0.0000  0.0000  0.0000
      *d1+     0.0055  0.0135  0.0141  0.0055  0.0135  0.0141  0.0000  0.0000  0.0000  0.0000
      *d0      0.0049  0.0060  0.0060  0.0049  0.0060  0.0060  0.0000  0.0000  0.0000  0.0000
      *d1-     0.0069  0.0175  0.0169  0.0069  0.0175  0.0169  0.0000  0.0000  0.0000  0.0000
      *d2-     0.0200  0.0381  0.0384  0.0200  0.0381  0.0384  0.0000  0.0000  0.0000  0.0000
      Total    7.1896  5.8096  5.8096  7.1896  5.8096  5.8096  0.8456  0.8456  0.8456  0.8456

      N-E     -0.1896  0.1904  0.1904 -0.1896  0.1904  0.1904  0.1544  0.1544  0.1544  0.1544

      Total electronic charge=   41.000000

      Total            charge=    1.000000
--



      Expectation values of various properties for root number:  8
      -----------------------------------------------------------


++    Molecular properties:
      ---------------------

      Charge (e):
                      =    1.0000
      Dipole Moment (debye):
      Origin of the operator (angstrom)=    0.0000    0.0000    0.0000
                   X= -1.6157E-06               Y=  7.6705E-05               Z= -3.9998E-07           Total=  7.6723E-05
      Center of Charge (angstrom)
                     X=   -0.00000034               Y=    0.00001597               Z=   -0.00000008
      Quadrupole Moment (debye*angstrom):
      Origin of the operator (angstrom)=    0.0000    0.0000    0.0000
                  XX= -1.5260E+01              XY=  2.4934E-01              XZ= -2.1161E-01              YY= -2.8829E+01
                  YZ=  1.7352E-01              ZZ= -3.3515E+01
      In traceless form (debye*angstrom)
                  XX=  1.5912E+01              XY=  3.7401E-01              XZ= -3.1741E-01              YY= -4.4416E+00
                  YZ=  2.6028E-01              ZZ= -1.1470E+01
--


      Mulliken spin population analysis for root number:  8
      ---------------------------------------------------


++    Molecular charges:
      ------------------

      Mulliken spin population per centre and basis function type
      ---------------------------------------------------

                N1      C2      C3      N4      C5      C6      H7      H8      H9      H10   
      1s       0.0000  0.0000  0.0000  0.0000  0.0000  0.0000  0.0006  0.0006  0.0006  0.0006
      2s       0.0050 -0.0003 -0.0003  0.0050 -0.0003 -0.0003  0.0000  0.0000  0.0000  0.0000
      2px      0.0001 -0.0001 -0.0000  0.0001 -0.0001 -0.0000  0.0000  0.0000  0.0000  0.0000
      2pz      0.3803  0.0338  0.0338  0.3803  0.0338  0.0338  0.0000  0.0000  0.0000  0.0000
      2py      0.0306  0.0016  0.0016  0.0306  0.0016  0.0016  0.0000  0.0000  0.0000  0.0000
      *s      -0.0007  0.0000  0.0000 -0.0007  0.0000  0.0000 -0.0001 -0.0001 -0.0001 -0.0001
      *px     -0.0000 -0.0001 -0.0001 -0.0000 -0.0001 -0.0001  0.0000  0.0000  0.0000  0.0000
      *pz     -0.0025  0.0029  0.0029 -0.0025  0.0029  0.0029  0.0003  0.0003  0.0003  0.0003
      *py     -0.0066 -0.0003 -0.0003 -0.0066 -0.0003 -0.0003  0.0000  0.0000  0.0000  0.0000
      *d2+     0.0001  0.0001  0.0001  0.0001  0.0001  0.0001  0.0000  0.0000  0.0000  0.0000
      *d1+    -0.0002  0.0025  0.0027 -0.0002  0.0025  0.0027  0.0000  0.0000  0.0000  0.0000
      *d0     -0.0000  0.0000  0.0000 -0.0000  0.0000  0.0000  0.0000  0.0000  0.0000  0.0000
      *d1-    -0.0001  0.0060  0.0057 -0.0001  0.0060  0.0057  0.0000  0.0000  0.0000  0.0000
      *d2-    -0.0000 -0.0000 -0.0000 -0.0000 -0.0000 -0.0000  0.0000  0.0000  0.0000  0.0000
      Total    0.4059  0.0462  0.0462  0.4059  0.0462  0.0462  0.0008  0.0008  0.0008  0.0008

      Total electronic spin=    1.000000
--



      Input file to MOLDEN was generated!


      Input file to MOLDEN was generated!


      Input file to MOLDEN was generated!


      Input file to MOLDEN was generated!


      Input file to MOLDEN was generated!


      Input file to MOLDEN was generated!


      Input file to MOLDEN was generated!


      Input file to MOLDEN was generated!


      Input file to MOLDEN was generated!

      Average orbitals are written to the RASORB file
      Natural orbitals for root   1 are written to the RASORB.1 file
      Natural orbitals for root   2 are written to the RASORB.2 file
      Natural orbitals for root   3 are written to the RASORB.3 file
      Natural orbitals for root   4 are written to the RASORB.4 file
      Natural orbitals for root   5 are written to the RASORB.5 file
      Natural orbitals for root   6 are written to the RASORB.6 file
      Natural orbitals for root   7 are written to the RASORB.7 file
      Natural orbitals for root   8 are written to the RASORB.8 file
      Spin density orbitals for root   1 are written to the SPDORB.1 file
      Spin density orbitals for root   2 are written to the SPDORB.2 file
      Spin density orbitals for root   3 are written to the SPDORB.3 file
      Spin density orbitals for root   4 are written to the SPDORB.4 file
      Spin density orbitals for root   5 are written to the SPDORB.5 file
      Spin density orbitals for root   6 are written to the SPDORB.6 file
      Spin density orbitals for root   7 are written to the SPDORB.7 file
      Spin density orbitals for root   8 are written to the SPDORB.8 file

 ###############################################################################
 ###############################################################################
 ###                                                                         ###
 ###                                                                         ###
 ###    WARNING: RunFile label BirthCertificate                              ###
 ###    was used       48 times                                              ###
 ###                                                                         ###
 ###                                                                         ###
 ###############################################################################
 ###############################################################################
 ###############################################################################
 ###############################################################################
 ###                                                                         ###
 ###                                                                         ###
 ###    WARNING: RunFile label nBas                                          ###
 ###    was used       47 times                                              ###
 ###                                                                         ###
 ###                                                                         ###
 ###############################################################################
 ###############################################################################
--- Stop Module: rasscf at Wed Sep 23 21:00:28 2026 /rc=_RC_ALL_IS_WELL_ ---
*** files: pyrazine_dyson.rasscf.molden.8 pyrazine_dyson.rasscf.molden.4 pyrazine_dyson.rasscf.molden.7 pyrazine_dyson.rasscf.molden.2 pyrazine_dyson.rasscf.molden.3
           pyrazine_dyson.rasscf.molden.5 pyrazine_dyson.rasscf.molden.6 pyrazine_dyson.rasscf.molden.1 pyrazine_dyson.rasscf.molden pyrazine_dyson.RasOrb.2 pyrazine_dyson.RasOrb.8
           pyrazine_dyson.RasOrb.6 pyrazine_dyson.RasOrb.4 pyrazine_dyson.RasOrb pyrazine_dyson.RasOrb.5 pyrazine_dyson.RasOrb.1 pyrazine_dyson.RasOrb.7 pyrazine_dyson.RasOrb.3
           pyrazine_dyson.rasscf.h5 pyrazine_dyson.SpdOrb.7 pyrazine_dyson.SpdOrb.2 pyrazine_dyson.SpdOrb.4 pyrazine_dyson.SpdOrb.8 pyrazine_dyson.SpdOrb.1 pyrazine_dyson.SpdOrb.3
           pyrazine_dyson.SpdOrb.6 pyrazine_dyson.SpdOrb.5 xmldump
    saved to directory /home/adrian/projects/Kallen/runs/pyrazine
--- Module rasscf spent 1 minute 14 seconds ---

>>> COPY pyrazine_dyson.JobIph JOB002

*** symbolic link created: INPORB -> pyrazine_dyson.RasOrb
--- Start Module: caspt2 at Wed Sep 23 21:00:28 2026 ---

()()()()()()()()()()()()()()()()()()()()()()()()()()()()()()()()()()()()()()()()()()()()()()()()()()

                                              &CASPT2

                                   only a single process is used
                       available to each process: 2.0 GB of memory, 1 thread?
                                            pid: 2771734
()()()()()()()()()()()()()()()()()()()()()()()()()()()()()()()()()()()()()()()()()()()()()()()()()()


++    Wave function specifications:
      -----------------------------

      Number of closed shell electrons          20
      Number of electrons in active shells       9
      Max number of holes in RAS1 space          0
      Max number of electrons in RAS3 space      0
      Number of inactive orbitals               10
      Number of active orbitals                 10
      Number of secondary orbitals              78
      Spin quantum number                      0.5
      State symmetry                             1
      Number of CSFs                         27720
      Number of CASSCF root(s) available         8
      CASPT2 state passed to geometry opt.       8
      A file JOBMIX will be created
      This is a MULTI-STATE CASSCF reference
      Number of CI roots used                    8
      These are:                                 1   2   3   4   5   6   7   8
      Off-diagonal elements of Heff are computed
--

++    Orbital specifications:
      -----------------------

      Symmetry species                           1
                                                 a
      Frozen orbitals                            6
      Inactive orbitals                         10
      Active orbitals                           10
      Secondary orbitals                        78
      Deleted orbitals                           0
      Number of basis functions                104
--

++    CASPT2 specifications:
      ----------------------

      Type of calculation                        XMS-CASPT2
      Fock operator                              state-average
      IPEA shift                                 0.25
      Real shift                                 0.00
      Imaginary shift                            0.10
      The input orbitals will be transformed to quasi-canonical
      The input states will be rotated to diagonalize the Fock operator
--

--------------------------------------------------------------------------------
 Estimated memory requirements:
  POLY3 :                  4965600
  RHS:                      925708
  SIGMA :                  1482400
  PRPCTL:                        0
 Available workspace:    255907571

++ CASPT2 computation for group   1

********************************************************************************
 Multi-State initialization phase begins for group   1
--------------------------------------------------------------------------------

  H0 in the original model space basis:
                1               2               3               4               5
   1      -27.62405564      0.00005359      0.00000069     -0.00000209     -0.00000001
   2        0.00005359    -27.70721577      0.00000007      0.00000171     -0.00000012
   3        0.00000069      0.00000007    -27.51507153     -0.00000156     -0.00000180
   4       -0.00000209      0.00000171     -0.00000156    -27.58471976      0.00000025
   5       -0.00000001     -0.00000012     -0.00000180      0.00000025    -27.41426055
   6       -0.00000016      0.00000002      0.00000348     -0.00000011      0.01518706
   7       -0.00000071      0.00000026      0.02371468     -0.00000053     -0.00000220
   8       -0.00000010      0.00000001     -0.00000029     -0.00000004     -0.00001400

                6               7               8
   1       -0.00000016     -0.00000071     -0.00000010
   2        0.00000002      0.00000026      0.00000001
   3        0.00000348      0.02371468     -0.00000029
   4       -0.00000011     -0.00000053     -0.00000004
   5        0.01518706     -0.00000220     -0.00001400
   6      -27.23524422      0.00000093     -0.00003116
   7        0.00000093    -27.20960682     -0.00000086
   8       -0.00003116     -0.00000086    -27.27811475

  H0 eigenvectors:
                1               2               3               4               5
   1        0.99999979     -0.00064447      0.00000697     -0.00005301      0.00000003
   2        0.00064447      0.99999979      0.00000028      0.00001390     -0.00000042
   3       -0.00000683     -0.00000032      0.99703545      0.00002236     -0.00001780
   4        0.00005300     -0.00001394     -0.00002230      1.00000000      0.00000151
   5        0.00000000      0.00000042      0.00001772     -0.00000149      0.99647106
   6        0.00000040     -0.00000005     -0.00001300      0.00000038     -0.08393696
   7        0.00000211     -0.00000052     -0.07694361     -0.00000001      0.00001307
   8        0.00000029     -0.00000002      0.00000092      0.00000012      0.00008245

                6               7               8
   1       -0.00000040     -0.00000158     -0.00000029
   2        0.00000002      0.00000054      0.00000002
   3        0.00000851      0.07694361      0.00000005
   4       -0.00000026     -0.00000171     -0.00000012
   5        0.08393699     -0.00000843     -0.00002090
   6        0.99647080      0.00003887      0.00073418
   7       -0.00003881      0.99703544      0.00001248
   8       -0.00072983     -0.00001248      0.99999973

********************************************************************************
 Compute H0 matrices for state    1
--------------------------------------------------------------------------------
--------------------------------------------------------------------------------
 H0 matrices have been computed.

********************************************************************************
  CASPT2 EQUATION SOLUTION
--------------------------------------------------------------------------------

  Total nr of CASPT2 parameters:
   Before reduction:     1544630
   After  reduction:     1544630

 Variance of |WF0>:       2.4046596876

 The contributions to the second order correlation energy in atomic units.
-----------------------------------------------------------------------------------------------------------------------------
  IT.      VJTU        VJTI        ATVX        AIVX        VJAI        BVAT        BJAT        BJAI        TOTAL       RNORM  
-----------------------------------------------------------------------------------------------------------------------------
   1    -0.015677   -0.005610   -0.030771   -0.152562   -0.049907   -0.046137   -0.153193   -0.255523   -0.709378    0.013044
   2    -0.016029   -0.005710   -0.030986   -0.153582   -0.050257   -0.046185   -0.153355   -0.255818   -0.711923    0.001680
   3    -0.016033   -0.005713   -0.030995   -0.153626   -0.050262   -0.046191   -0.153379   -0.255814   -0.712013    0.000286
   4    -0.016034   -0.005713   -0.030990   -0.153608   -0.050256   -0.046190   -0.153376   -0.255809   -0.711976    0.000037
   5    -0.016034   -0.005713   -0.030990   -0.153607   -0.050256   -0.046190   -0.153375   -0.255809   -0.711974    0.000005
-----------------------------------------------------------------------------------------------------------------------------

  FINAL CASPT2 RESULT:

      Reference energy:        -262.4826377251
      E2 (Non-variational):      -0.7119745383
      Shift correction:          -0.0012079517
      E2 (Variational):          -0.7131824900
      Total energy:            -263.1958202151
      Residual norm:              0.0000007892
      Reference weight:           0.79910

      Contributions to the CASPT2 correlation energy
      Active & Virtual Only:         -0.0771802512
      One Inactive Excited:          -0.3230166572
      Two Inactive Excited:          -0.3117776298


++ Denominators, etc.
--------------------------------------------------------------------------------------------------------------
 Report on small energy denominators, large coefficients, and large energy contributions.
CASE  SYMM ACTIVE-MIX  NON-ACTIVE INDICES          DENOMINATOR     RHS VALUE       COEFFICIENT     CONTRIBUTION
VJTU     1  Mu1.0001  In1.010                       0.43191757      0.01196939     -0.02517390     -0.00030132
VJTU     1  Mu1.0001  In1.012                       0.24422011     -0.00000001      0.00000003     -0.00000000
VJTU     1  Mu1.0003  In1.012                       0.66965611     -0.02661129      0.03896401     -0.00103688
VJTU     1  Mu1.0001  In1.013                       0.23805164     -0.01700122      0.06175960     -0.00104999
VJTU     1  Mu1.0001  In1.014                       0.19067609      0.00000005     -0.00000021     -0.00000000
VJTU     1  Mu1.0001  In1.015                       0.13140832      0.00000000     -0.00000001     -0.00000000
VJTU     1  Mu1.0003  In1.015                       0.55684432      0.01913986     -0.03397356     -0.00065025
VJTU     1  Mu1.0001  In1.016                       0.07474659      0.00000003     -0.00000016     -0.00000000
AIVX     1  Mu1.0004  In1.016 Se1.032               1.08628301      0.04106073     -0.03755635     -0.00154209
AIVX     1  Mu1.0004  In1.012 Se1.033               1.28288610     -0.03586387      0.02784835     -0.00099875
AIVX     1  Mu1.0004  In1.015 Se1.033               1.17007431      0.03098100     -0.02641940     -0.00081850
AIVX     1  Mu1.0004  In1.012 Se1.035               1.42199386     -0.04311539      0.03023050     -0.00130340
AIVX     1  Mu1.0032  In1.012 Se1.039               2.05013952     -0.05030416      0.02541293     -0.00127838
--

   (Skipping property calculation,
    use PROP keyword to activate)
********************************************************************************
 Compute H0 matrices for state    2
--------------------------------------------------------------------------------
--------------------------------------------------------------------------------
 H0 matrices have been computed.

********************************************************************************
  CASPT2 EQUATION SOLUTION
--------------------------------------------------------------------------------

  Total nr of CASPT2 parameters:
   Before reduction:     1544630
   After  reduction:     1544630

 Variance of |WF0>:       2.3869206253

 The contributions to the second order correlation energy in atomic units.
-----------------------------------------------------------------------------------------------------------------------------
  IT.      VJTU        VJTI        ATVX        AIVX        VJAI        BVAT        BJAT        BJAI        TOTAL       RNORM  
-----------------------------------------------------------------------------------------------------------------------------
   1    -0.005592   -0.007063   -0.031599   -0.149127   -0.039477   -0.049335   -0.150299   -0.255710   -0.688202    0.013688
   2    -0.005762   -0.007152   -0.031813   -0.150302   -0.039808   -0.049405   -0.150487   -0.256028   -0.690758    0.001810
   3    -0.005762   -0.007155   -0.031819   -0.150356   -0.039811   -0.049410   -0.150512   -0.256022   -0.690849    0.000322
   4    -0.005763   -0.007155   -0.031815   -0.150338   -0.039805   -0.049410   -0.150508   -0.256016   -0.690810    0.000047
   5    -0.005763   -0.007155   -0.031815   -0.150337   -0.039805   -0.049409   -0.150508   -0.256016   -0.690808    0.000008
   6    -0.005763   -0.007155   -0.031815   -0.150337   -0.039805   -0.049409   -0.150508   -0.256016   -0.690809    0.000001
-----------------------------------------------------------------------------------------------------------------------------

  FINAL CASPT2 RESULT:

      Reference energy:        -262.4775579561
      E2 (Non-variational):      -0.6908091415
      Shift correction:          -0.0008941776
      E2 (Variational):          -0.6917033191
      Total energy:            -263.1692612753
      Residual norm:              0.0000002012
      Reference weight:           0.81220

      Contributions to the CASPT2 correlation energy
      Active & Virtual Only:         -0.0812246371
      One Inactive Excited:          -0.3066082330
      Two Inactive Excited:          -0.3029762713


++ Denominators, etc.
--------------------------------------------------------------------------------------------------------------
 Report on small energy denominators, large coefficients, and large energy contributions.
CASE  SYMM ACTIVE-MIX  NON-ACTIVE INDICES          DENOMINATOR     RHS VALUE       COEFFICIENT     CONTRIBUTION
VJTU     1  Mu1.0001  In1.014                       0.27456213     -0.00000021      0.00000070     -0.00000000
VJTU     1  Mu1.0001  In1.015                       0.21529437      0.00000007     -0.00000026     -0.00000000
VJTU     1  Mu1.0001  In1.016                       0.15863264      0.00000076     -0.00000349     -0.00000000
ATVX     1  Mu1.0012  Se1.038                       1.22601231      0.03151821     -0.02538631     -0.00080013
AIVX     1  Mu1.0001  In1.012 Se1.032               1.06468693      0.03168190     -0.02910139     -0.00092199
AIVX     1  Mu1.0013  In1.016 Se1.032               1.39470049     -0.03832340      0.02703073     -0.00103591
AIVX     1  Mu1.0001  In1.012 Se1.036               1.26650887     -0.03437726      0.02747939     -0.00094467
--

   (Skipping property calculation,
    use PROP keyword to activate)
********************************************************************************
 Compute H0 matrices for state    3
--------------------------------------------------------------------------------
--------------------------------------------------------------------------------
 H0 matrices have been computed.

********************************************************************************
  CASPT2 EQUATION SOLUTION
--------------------------------------------------------------------------------

  Total nr of CASPT2 parameters:
   Before reduction:     1544630
   After  reduction:     1544630

 Variance of |WF0>:       2.4013143518

 The contributions to the second order correlation energy in atomic units.
-----------------------------------------------------------------------------------------------------------------------------
  IT.      VJTU        VJTI        ATVX        AIVX        VJAI        BVAT        BJAT        BJAI        TOTAL       RNORM  
-----------------------------------------------------------------------------------------------------------------------------
   1    -0.013480   -0.005473   -0.032021   -0.149240   -0.046665   -0.046212   -0.157197   -0.255643   -0.705930    0.013653
   2    -0.013853   -0.005568   -0.032246   -0.150286   -0.047014   -0.046270   -0.157391   -0.255959   -0.708586    0.001877
   3    -0.013859   -0.005571   -0.032258   -0.150343   -0.047022   -0.046277   -0.157417   -0.255952   -0.708700    0.000331
   4    -0.013861   -0.005571   -0.032252   -0.150323   -0.047015   -0.046276   -0.157412   -0.255946   -0.708657    0.000048
   5    -0.013861   -0.005571   -0.032252   -0.150322   -0.047014   -0.046276   -0.157412   -0.255946   -0.708654    0.000008
   6    -0.013861   -0.005571   -0.032252   -0.150322   -0.047015   -0.046276   -0.157412   -0.255946   -0.708655    0.000001
-----------------------------------------------------------------------------------------------------------------------------

  FINAL CASPT2 RESULT:

      Reference energy:        -262.4278241721
      E2 (Non-variational):      -0.7086546280
      Shift correction:          -0.0010717743
      E2 (Variational):          -0.7097264023
      Total energy:            -263.1375505744
      Residual norm:              0.0000001936
      Reference weight:           0.80196

      Contributions to the CASPT2 correlation energy
      Active & Virtual Only:         -0.0785283531
      One Inactive Excited:          -0.3215951011
      Two Inactive Excited:          -0.3085311738


++ Denominators, etc.
--------------------------------------------------------------------------------------------------------------
 Report on small energy denominators, large coefficients, and large energy contributions.
CASE  SYMM ACTIVE-MIX  NON-ACTIVE INDICES          DENOMINATOR     RHS VALUE       COEFFICIENT     CONTRIBUTION
VJTU     1  Mu1.0006  In1.010                       0.82657863     -0.02832394      0.03337497     -0.00094531
VJTU     1  Mu1.0001  In1.012                       0.13648929      0.00000008     -0.00000037     -0.00000000
VJTU     1  Mu1.0001  In1.013                       0.13032081      0.00000027     -0.00000137     -0.00000000
VJTU     1  Mu1.0006  In1.013                       0.63271269      0.03745205     -0.05653082     -0.00211720
VJTU     1  Mu1.0001  In1.014                       0.08294526      0.00273854     -0.01232820     -0.00003376
VJTU     1  Mu1.0001  In1.015                       0.02367750      0.00000001     -0.00000003     -0.00000000
VJTU     1  Mu1.0001  In1.016                      -0.03298423     -0.00000001     -0.00000003      0.00000000
AIVX     1  Mu1.0001  In1.016 Se1.032               0.85694763     -0.03490131      0.03913138     -0.00136574
AIVX     1  Mu1.0001  In1.012 Se1.035               1.19265847      0.03322828     -0.02709150     -0.00090020
AIVX     1  Mu1.0033  In1.012 Se1.039               2.04240037     -0.04960730      0.02528736     -0.00125444
--

   (Skipping property calculation,
    use PROP keyword to activate)
********************************************************************************
 Compute H0 matrices for state    4
--------------------------------------------------------------------------------
--------------------------------------------------------------------------------
 H0 matrices have been computed.

********************************************************************************
  CASPT2 EQUATION SOLUTION
--------------------------------------------------------------------------------

  Total nr of CASPT2 parameters:
   Before reduction:     1544630
   After  reduction:     1544630

 Variance of |WF0>:       2.3786884092

 The contributions to the second order correlation energy in atomic units.
-----------------------------------------------------------------------------------------------------------------------------
  IT.      VJTU        VJTI        ATVX        AIVX        VJAI        BVAT        BJAT        BJAI        TOTAL       RNORM  
-----------------------------------------------------------------------------------------------------------------------------
   1    -0.006312   -0.006742   -0.032349   -0.147707   -0.039530   -0.046932   -0.154358   -0.255709   -0.689639    0.013850
   2    -0.006513   -0.006829   -0.032590   -0.148872   -0.039866   -0.046997   -0.154559   -0.256024   -0.692250    0.001825
   3    -0.006516   -0.006832   -0.032596   -0.148923   -0.039869   -0.047002   -0.154581   -0.256017   -0.692336    0.000326
   4    -0.006517   -0.006832   -0.032592   -0.148905   -0.039863   -0.047001   -0.154577   -0.256011   -0.692298    0.000047
   5    -0.006517   -0.006832   -0.032592   -0.148904   -0.039863   -0.047001   -0.154577   -0.256011   -0.692295    0.000007
   6    -0.006517   -0.006832   -0.032592   -0.148904   -0.039863   -0.047001   -0.154577   -0.256011   -0.692296    0.000001
-----------------------------------------------------------------------------------------------------------------------------

  FINAL CASPT2 RESULT:

      Reference energy:        -262.4207441973
      E2 (Non-variational):      -0.6922962779
      Shift correction:          -0.0009011215
      E2 (Variational):          -0.6931973993
      Total energy:            -263.1139415966
      Residual norm:              0.0000002041
      Reference weight:           0.81118

      Contributions to the CASPT2 correlation energy
      Active & Virtual Only:         -0.0795924954
      One Inactive Excited:          -0.3099979204
      Two Inactive Excited:          -0.3027058621


++ Denominators, etc.
--------------------------------------------------------------------------------------------------------------
 Report on small energy denominators, large coefficients, and large energy contributions.
CASE  SYMM ACTIVE-MIX  NON-ACTIVE INDICES          DENOMINATOR     RHS VALUE       COEFFICIENT     CONTRIBUTION
VJTU     1  Mu1.0001  In1.012                       0.19780143      0.00000032     -0.00000133     -0.00000000
VJTU     1  Mu1.0001  In1.013                       0.19163295     -0.00000126      0.00000530     -0.00000000
VJTU     1  Mu1.0001  In1.014                       0.14425740     -0.00000001      0.00000007     -0.00000000
VJTU     1  Mu1.0001  In1.015                       0.08498964      0.00000010     -0.00000047     -0.00000000
VJTU     1  Mu1.0001  In1.016                       0.02832791     -0.00000117      0.00000310     -0.00000000
ATVX     1  Mu1.0025  Se1.036                       1.26510245      0.03359045     -0.02681414     -0.00090070
AIVX     1  Mu1.0007  In1.016 Se1.032               1.14129699      0.03032180     -0.02632908     -0.00079835
AIVX     1  Mu1.0030  In1.012 Se1.039               2.04185153     -0.05100125      0.02591677     -0.00132179
--

   (Skipping property calculation,
    use PROP keyword to activate)
********************************************************************************
 Compute H0 matrices for state    5
--------------------------------------------------------------------------------
--------------------------------------------------------------------------------
 H0 matrices have been computed.

********************************************************************************
  CASPT2 EQUATION SOLUTION
--------------------------------------------------------------------------------

  Total nr of CASPT2 parameters:
   Before reduction:     1544630
   After  reduction:     1544630

 Variance of |WF0>:       2.3723134284

 The contributions to the second order correlation energy in atomic units.
-----------------------------------------------------------------------------------------------------------------------------
  IT.      VJTU        VJTI        ATVX        AIVX        VJAI        BVAT        BJAT        BJAI        TOTAL       RNORM  
-----------------------------------------------------------------------------------------------------------------------------
   1    -0.005204   -0.006256   -0.032844   -0.141754   -0.039869   -0.047198   -0.154848   -0.255705   -0.683678    0.013744
   2    -0.005366   -0.006339   -0.033084   -0.142926   -0.040198   -0.047269   -0.155050   -0.256023   -0.686256    0.001822
   3    -0.005366   -0.006341   -0.033091   -0.142979   -0.040201   -0.047273   -0.155073   -0.256017   -0.686341    0.000335
   4    -0.005367   -0.006341   -0.033086   -0.142960   -0.040195   -0.047272   -0.155069   -0.256011   -0.686301    0.000049
   5    -0.005367   -0.006341   -0.033086   -0.142959   -0.040195   -0.047272   -0.155068   -0.256011   -0.686299    0.000008
   6    -0.005367   -0.006341   -0.033086   -0.142959   -0.040195   -0.047272   -0.155068   -0.256011   -0.686300    0.000001
-----------------------------------------------------------------------------------------------------------------------------

  FINAL CASPT2 RESULT:

      Reference energy:        -262.3424062178
      E2 (Non-variational):      -0.6862999721
      Shift correction:          -0.0009388598
      E2 (Variational):          -0.6872388319
      Total energy:            -263.0296450497
      Residual norm:              0.0000002576
      Reference weight:           0.81178

      Contributions to the CASPT2 correlation energy
      Active & Virtual Only:         -0.0803583165
      One Inactive Excited:          -0.3033946073
      Two Inactive Excited:          -0.3025470484


++ Denominators, etc.
--------------------------------------------------------------------------------------------------------------
 Report on small energy denominators, large coefficients, and large energy contributions.
CASE  SYMM ACTIVE-MIX  NON-ACTIVE INDICES          DENOMINATOR     RHS VALUE       COEFFICIENT     CONTRIBUTION
VJTU     1  Mu1.0001  In1.010                       0.22102624      0.00000011     -0.00000040     -0.00000000
VJTU     1  Mu1.0001  In1.011                       0.21537021      0.00000057     -0.00000221     -0.00000000
VJTU     1  Mu1.0001  In1.012                       0.03332878     -0.00000014      0.00000041     -0.00000000
VJTU     1  Mu1.0001  In1.013                       0.02716030     -0.00000004      0.00000009     -0.00000000
VJTU     1  Mu1.0001  In1.014                      -0.02021525     -0.00000081     -0.00000155      0.00000000
VJTU     1  Mu1.0001  In1.015                      -0.07948301      0.00000177      0.00000856      0.00000000
VJTU     1  Mu1.0002  In1.015                       0.28015222      0.00000005     -0.00000015     -0.00000000
VJTU     1  Mu1.0001  In1.016                      -0.13614475     -0.00000044     -0.00000209      0.00000000
VJTU     1  Mu1.0002  In1.016                       0.22349048      0.00000027     -0.00000098     -0.00000000
VJTU     1  Mu1.0003  In1.016                       0.29593068      0.00000001     -0.00000007     -0.00000000
ATVX     1  Mu1.0001  Se1.027                       0.20575512     -0.00000028      0.00000117     -0.00000000
ATVX     1  Mu1.0001  Se1.028                       0.21962165      0.00000000     -0.00000001     -0.00000000
ATVX     1  Mu1.0001  Se1.029                       0.24449979      0.00000024     -0.00000080     -0.00000000
ATVX     1  Mu1.0001  Se1.030                       0.24804075      0.00000003     -0.00000013     -0.00000000
ATVX     1  Mu1.0001  Se1.031                       0.28895644     -0.00000000     -0.00000001      0.00000000
ATVX     1  Mu1.0001  Se1.038                       0.60194034      0.01835300     -0.02965595     -0.00054428
ATVX     1  Mu1.0001  Se1.052                       1.00042350      0.03319890     -0.03273140     -0.00108665
AIVX     1  Mu1.0004  In1.016 Se1.032               0.85589951      0.02236537     -0.02573691     -0.00057562
--

   (Skipping property calculation,
    use PROP keyword to activate)
********************************************************************************
 Compute H0 matrices for state    6
--------------------------------------------------------------------------------
--------------------------------------------------------------------------------
 H0 matrices have been computed.

********************************************************************************
  CASPT2 EQUATION SOLUTION
--------------------------------------------------------------------------------

  Total nr of CASPT2 parameters:
   Before reduction:     1544630
   After  reduction:     1544630

 Variance of |WF0>:       2.4389281088

 The contributions to the second order correlation energy in atomic units.
-----------------------------------------------------------------------------------------------------------------------------
  IT.      VJTU        VJTI        ATVX        AIVX        VJAI        BVAT        BJAT        BJAI        TOTAL       RNORM  
-----------------------------------------------------------------------------------------------------------------------------
   1    -0.021972   -0.006199   -0.037808   -0.145395   -0.060210   -0.046995   -0.160078   -0.255385   -0.734041    0.013360
   2    -0.022559   -0.006308   -0.038108   -0.146322   -0.060584   -0.047041   -0.160239   -0.255678   -0.736839    0.001819
   3    -0.022567   -0.006311   -0.038124   -0.146365   -0.060587   -0.047052   -0.160264   -0.255673   -0.736944    0.000309
   4    -0.022569   -0.006311   -0.038117   -0.146344   -0.060580   -0.047051   -0.160260   -0.255668   -0.736899    0.000040
   5    -0.022569   -0.006311   -0.038117   -0.146343   -0.060580   -0.047050   -0.160260   -0.255667   -0.736897    0.000006
-----------------------------------------------------------------------------------------------------------------------------

  FINAL CASPT2 RESULT:

      Reference energy:        -262.3239138781
      E2 (Non-variational):      -0.7368979395
      Shift correction:          -0.0012710537
      E2 (Variational):          -0.7381689932
      Total energy:            -263.0620828713
      Residual norm:              0.0000009492
      Reference weight:           0.78880

      Contributions to the CASPT2 correlation energy
      Active & Virtual Only:         -0.0851677622
      One Inactive Excited:          -0.3291718023
      Two Inactive Excited:          -0.3225583750


++ Denominators, etc.
--------------------------------------------------------------------------------------------------------------
 Report on small energy denominators, large coefficients, and large energy contributions.
CASE  SYMM ACTIVE-MIX  NON-ACTIVE INDICES          DENOMINATOR     RHS VALUE       COEFFICIENT     CONTRIBUTION
VJTU     1  Mu1.0001  In1.010                       0.20285994     -0.00000002      0.00000009     -0.00000000
VJTU     1  Mu1.0002  In1.010                       0.42383566      0.01308357     -0.02855783     -0.00037364
VJTU     1  Mu1.0159  In1.010                       1.94780764     -0.05209292      0.02665358     -0.00138846
VJTU     1  Mu1.0001  In1.011                       0.19720391     -0.00000002      0.00000007     -0.00000000
VJTU     1  Mu1.0001  In1.012                       0.01516248     -0.00000408      0.00000601     -0.00000000
VJTU     1  Mu1.0002  In1.012                       0.23613820     -0.00000001      0.00000004     -0.00000000
VJTU     1  Mu1.0003  In1.012                       0.29547378     -0.00000000      0.00000002     -0.00000000
VJTU     1  Mu1.0013  In1.012                       0.70789905     -0.02533548      0.03497644     -0.00088615
VJTU     1  Mu1.0021  In1.012                       0.85078057      0.02342921     -0.02670761     -0.00062574
VJTU     1  Mu1.0001  In1.013                       0.00899400      0.00000003     -0.00000003     -0.00000000
VJTU     1  Mu1.0002  In1.013                       0.22996973     -0.00718273      0.03351705     -0.00024074
VJTU     1  Mu1.0003  In1.013                       0.28930531      0.00000118     -0.00000361     -0.00000000
VJTU     1  Mu1.0023  In1.013                       0.85851638      0.03241748     -0.03755717     -0.00121751
VJTU     1  Mu1.0047  In1.013                       1.10303573      0.03388713     -0.02981794     -0.00101044
VJTU     1  Mu1.0159  In1.013                       1.75394170      0.05702128     -0.03273231     -0.00186644
VJTU     1  Mu1.0001  In1.014                      -0.03838155     -0.00000001     -0.00000000      0.00000000
VJTU     1  Mu1.0002  In1.014                       0.18259418     -0.00000003      0.00000012     -0.00000000
VJTU     1  Mu1.0003  In1.014                       0.24192976      0.00000002     -0.00000004     -0.00000000
VJTU     1  Mu1.0001  In1.015                      -0.09764931      0.00000257      0.00001291      0.00000000
VJTU     1  Mu1.0002  In1.015                       0.12332641      0.00000000      0.00000000      0.00000000
VJTU     1  Mu1.0003  In1.015                       0.18266199      0.00000001     -0.00000005     -0.00000000
VJTU     1  Mu1.0004  In1.015                       0.25122474      0.00000001     -0.00000005     -0.00000000
VJTU     1  Mu1.0013  In1.015                       0.59508727      0.01848460     -0.03058195     -0.00056530
VJTU     1  Mu1.0001  In1.016                      -0.15431104      0.00000000      0.00000000      0.00000000
VJTU     1  Mu1.0002  In1.016                       0.06666468      0.00000004     -0.00000021     -0.00000000
VJTU     1  Mu1.0003  In1.016                       0.12600026      0.00000000     -0.00000008     -0.00000000
VJTU     1  Mu1.0004  In1.016                       0.19456300     -0.00000001      0.00000006     -0.00000000
VJTU     1  Mu1.0005  In1.016                       0.25401722     -0.00000024      0.00000082     -0.00000000
ATVX     1  Mu1.0001  Se1.027                       0.11648627      0.00000017     -0.00000051     -0.00000000
ATVX     1  Mu1.0002  Se1.027                       0.20234120      0.00003302     -0.00014687     -0.00000000
ATVX     1  Mu1.0001  Se1.028                       0.13035280     -0.00000000      0.00000001     -0.00000000
ATVX     1  Mu1.0002  Se1.028                       0.21620774     -0.00000000      0.00000000     -0.00000000
ATVX     1  Mu1.0001  Se1.029                       0.15523094      0.00000010     -0.00000055     -0.00000000
ATVX     1  Mu1.0002  Se1.029                       0.24108588     -0.00000000      0.00000001     -0.00000000
ATVX     1  Mu1.0001  Se1.030                       0.15877190      0.00000014     -0.00000073     -0.00000000
ATVX     1  Mu1.0002  Se1.030                       0.24462684     -0.00000000      0.00000000     -0.00000000
ATVX     1  Mu1.0001  Se1.031                       0.19968759     -0.00000004      0.00000018     -0.00000000
ATVX     1  Mu1.0002  Se1.031                       0.28554253      0.00000000     -0.00000000     -0.00000000
ATVX     1  Mu1.0001  Se1.032                       0.29800214      0.00000068     -0.00000205     -0.00000000
ATVX     1  Mu1.0001  Se1.038                       0.51267149     -0.01449626      0.02548816     -0.00036948
ATVX     1  Mu1.0001  Se1.052                       0.91115465      0.02299168     -0.02598786     -0.00059750
AIVX     1  Mu1.0038  In1.012 Se1.039               2.04312427     -0.05044669      0.02540363     -0.00128153
--

   (Skipping property calculation,
    use PROP keyword to activate)
********************************************************************************
 Compute H0 matrices for state    7
--------------------------------------------------------------------------------
--------------------------------------------------------------------------------
 H0 matrices have been computed.

********************************************************************************
  CASPT2 EQUATION SOLUTION
--------------------------------------------------------------------------------

  Total nr of CASPT2 parameters:
   Before reduction:     1544630
   After  reduction:     1544630

 Variance of |WF0>:       2.3786483501

 The contributions to the second order correlation energy in atomic units.
-----------------------------------------------------------------------------------------------------------------------------
  IT.      VJTU        VJTI        ATVX        AIVX        VJAI        BVAT        BJAT        BJAI        TOTAL       RNORM  
-----------------------------------------------------------------------------------------------------------------------------
   1    -0.013594   -0.005123   -0.032932   -0.141983   -0.051049   -0.042248   -0.160424   -0.255516   -0.702869    0.013301
   2    -0.014008   -0.005218   -0.033197   -0.143007   -0.051397   -0.042305   -0.160625   -0.255808   -0.705565    0.001795
   3    -0.014012   -0.005221   -0.033204   -0.143044   -0.051396   -0.042310   -0.160645   -0.255801   -0.705633    0.000325
   4    -0.014014   -0.005221   -0.033198   -0.143023   -0.051389   -0.042308   -0.160640   -0.255795   -0.705589    0.000044
   5    -0.014014   -0.005221   -0.033198   -0.143022   -0.051389   -0.042308   -0.160640   -0.255795   -0.705588    0.000007
   6    -0.014014   -0.005221   -0.033198   -0.143023   -0.051389   -0.042308   -0.160640   -0.255795   -0.705588    0.000001
-----------------------------------------------------------------------------------------------------------------------------

  FINAL CASPT2 RESULT:

      Reference energy:        -262.3184891661
      E2 (Non-variational):      -0.7055885084
      Shift correction:          -0.0012636964
      E2 (Variational):          -0.7068522048
      Total energy:            -263.0253413709
      Residual norm:              0.0000002172
      Reference weight:           0.79744

      Contributions to the CASPT2 correlation energy
      Active & Virtual Only:         -0.0755066957
      One Inactive Excited:          -0.3176770014
      Two Inactive Excited:          -0.3124048112


++ Denominators, etc.
--------------------------------------------------------------------------------------------------------------
 Report on small energy denominators, large coefficients, and large energy contributions.
CASE  SYMM ACTIVE-MIX  NON-ACTIVE INDICES          DENOMINATOR     RHS VALUE       COEFFICIENT     CONTRIBUTION
VJTU     1  Mu1.0001  In1.010                       0.21082891     -0.00000010      0.00000036     -0.00000000
VJTU     1  Mu1.0001  In1.011                       0.20517289     -0.00000000      0.00000000     -0.00000000
VJTU     1  Mu1.0001  In1.012                       0.02313145      0.00000002     -0.00000005     -0.00000000
VJTU     1  Mu1.0002  In1.012                       0.25974743      0.00000000     -0.00000001     -0.00000000
VJTU     1  Mu1.0003  In1.012                       0.27527076      0.00000015     -0.00000052     -0.00000000
VJTU     1  Mu1.0004  In1.012                       0.29725630     -0.00000015      0.00000050     -0.00000000
VJTU     1  Mu1.0012  In1.012                       0.65122176      0.02505642     -0.03839567     -0.00096206
VJTU     1  Mu1.0001  In1.013                       0.01696298     -0.00000005      0.00000009     -0.00000000
VJTU     1  Mu1.0002  In1.013                       0.25357896      0.01564805     -0.05595663     -0.00087561
VJTU     1  Mu1.0003  In1.013                       0.26910228      0.00000008     -0.00000025     -0.00000000
VJTU     1  Mu1.0004  In1.013                       0.29108782     -0.00000136      0.00000415     -0.00000000
VJTU     1  Mu1.0001  In1.014                      -0.03041257     -0.00078780     -0.00236268      0.00000186
VJTU     1  Mu1.0002  In1.014                       0.20620341     -0.00000019      0.00000073     -0.00000000
VJTU     1  Mu1.0003  In1.014                       0.22172673      0.00000000     -0.00000000     -0.00000000
VJTU     1  Mu1.0004  In1.014                       0.24371227     -0.00000005      0.00000020     -0.00000000
VJTU     1  Mu1.0005  In1.014                       0.25836636      0.00000002     -0.00000010     -0.00000000
VJTU     1  Mu1.0001  In1.015                      -0.08968033     -0.00000002     -0.00000009      0.00000000
VJTU     1  Mu1.0002  In1.015                       0.14693565      0.00000000     -0.00000001     -0.00000000
VJTU     1  Mu1.0003  In1.015                       0.16245897     -0.00000008      0.00000039     -0.00000000
VJTU     1  Mu1.0004  In1.015                       0.18444451      0.00000001     -0.00000002     -0.00000000
VJTU     1  Mu1.0005  In1.015                       0.19909860     -0.00000004      0.00000016     -0.00000000
VJTU     1  Mu1.0012  In1.015                       0.53840997     -0.01807191      0.03382546     -0.00061129
VJTU     1  Mu1.0001  In1.016                      -0.14634207      0.00000000      0.00000000      0.00000000
VJTU     1  Mu1.0002  In1.016                       0.09027391     -0.00000003      0.00000018     -0.00000000
VJTU     1  Mu1.0003  In1.016                       0.10579724     -0.00016525      0.00072174     -0.00000012
VJTU     1  Mu1.0004  In1.016                       0.12778277      0.00000035     -0.00000206     -0.00000000
VJTU     1  Mu1.0005  In1.016                       0.14243686     -0.00000026      0.00000145     -0.00000000
ATVX     1  Mu1.0001  Se1.027                       0.02824946     -0.00000012      0.00000029     -0.00000000
ATVX     1  Mu1.0002  Se1.027                       0.19289766      0.00000000     -0.00000000     -0.00000000
ATVX     1  Mu1.0003  Se1.027                       0.23504594      0.00018165     -0.00064971     -0.00000012
ATVX     1  Mu1.0004  Se1.027                       0.23776329      0.00000030     -0.00000107     -0.00000000
ATVX     1  Mu1.0005  Se1.027                       0.26179357     -0.00000001      0.00000003     -0.00000000
ATVX     1  Mu1.0006  Se1.027                       0.29975285      0.00000000     -0.00000001     -0.00000000
ATVX     1  Mu1.0001  Se1.028                       0.04211599     -0.00000005      0.00000017     -0.00000000
ATVX     1  Mu1.0002  Se1.028                       0.20676419      0.00000001     -0.00000002     -0.00000000
ATVX     1  Mu1.0003  Se1.028                       0.24891247      0.00000000     -0.00000000     -0.00000000
ATVX     1  Mu1.0004  Se1.028                       0.25162982     -0.00000002      0.00000006     -0.00000000
ATVX     1  Mu1.0005  Se1.028                       0.27566011      0.00000012     -0.00000036     -0.00000000
ATVX     1  Mu1.0001  Se1.029                       0.06699413     -0.00000009      0.00000042     -0.00000000
ATVX     1  Mu1.0002  Se1.029                       0.23164233     -0.00000000      0.00000000     -0.00000000
ATVX     1  Mu1.0003  Se1.029                       0.27379061     -0.00000000      0.00000001     -0.00000000
ATVX     1  Mu1.0004  Se1.029                       0.27650796     -0.00000008      0.00000026     -0.00000000
ATVX     1  Mu1.0001  Se1.030                       0.07053509      0.00000045     -0.00000199     -0.00000000
ATVX     1  Mu1.0002  Se1.030                       0.23518329      0.00065645     -0.00236741     -0.00000155
ATVX     1  Mu1.0003  Se1.030                       0.27733157     -0.00000000      0.00000000     -0.00000000
ATVX     1  Mu1.0004  Se1.030                       0.28004893     -0.00000001     -0.00000004      0.00000000
ATVX     1  Mu1.0001  Se1.031                       0.11145078      0.00000015     -0.00000074     -0.00000000
ATVX     1  Mu1.0002  Se1.031                       0.27609898     -0.00000002      0.00000005     -0.00000000
ATVX     1  Mu1.0001  Se1.032                       0.20976533     -0.00000072      0.00000285     -0.00000000
ATVX     1  Mu1.0001  Se1.033                       0.23689489     -0.00000001      0.00000002     -0.00000000
ATVX     1  Mu1.0001  Se1.034                       0.28861266      0.00000009     -0.00000033     -0.00000000
ATVX     1  Mu1.0041  Se1.038                       1.21280100     -0.03822446      0.03112088     -0.00118958
ATVX     1  Mu1.0001  Se1.044                       0.55962045     -0.03736944      0.06409451     -0.00239518
ATVX     1  Mu1.0008  Se1.054                       1.22856571      0.03278706     -0.02669411     -0.00087522
ATVX     1  Mu1.0005  Se1.057                       1.17623369      0.03506834     -0.02965372     -0.00103991
AIVX     1  Mu1.0010  In1.014 Se1.031               1.13022387      0.02969257     -0.02661138     -0.00079016
AIVX     1  Mu1.0010  In1.016 Se1.032               1.11260892      0.04488541     -0.04006728     -0.00179844
AIVX     1  Mu1.0010  In1.012 Se1.033               1.30921200     -0.03977483      0.03025832     -0.00120352
AIVX     1  Mu1.0010  In1.015 Se1.033               1.19640022      0.03713239     -0.03092254     -0.00114823
AIVX     1  Mu1.0010  In1.012 Se1.035               1.44831976     -0.04658239      0.03204303     -0.00149264
--

   (Skipping property calculation,
    use PROP keyword to activate)
********************************************************************************
 Compute H0 matrices for state    8
--------------------------------------------------------------------------------
--------------------------------------------------------------------------------
 H0 matrices have been computed.

********************************************************************************
  CASPT2 EQUATION SOLUTION
--------------------------------------------------------------------------------

  Total nr of CASPT2 parameters:
   Before reduction:     1544630
   After  reduction:     1544630

 Variance of |WF0>:       2.4115212999

 The contributions to the second order correlation energy in atomic units.
-----------------------------------------------------------------------------------------------------------------------------
  IT.      VJTU        VJTI        ATVX        AIVX        VJAI        BVAT        BJAT        BJAI        TOTAL       RNORM  
-----------------------------------------------------------------------------------------------------------------------------
   1    -0.012289   -0.005566   -0.038176   -0.146212   -0.050888   -0.046705   -0.155723   -0.255513   -0.711072    0.013317
   2    -0.012623   -0.005660   -0.038441   -0.147258   -0.051231   -0.046763   -0.155898   -0.255811   -0.713686    0.001743
   3    -0.012626   -0.005663   -0.038452   -0.147296   -0.051231   -0.046771   -0.155921   -0.255805   -0.713766    0.000320
   4    -0.012628   -0.005663   -0.038446   -0.147276   -0.051224   -0.046770   -0.155917   -0.255800   -0.713724    0.000046
   5    -0.012628   -0.005663   -0.038446   -0.147276   -0.051224   -0.046769   -0.155916   -0.255800   -0.713722    0.000009
   6    -0.012628   -0.005663   -0.038446   -0.147276   -0.051224   -0.046769   -0.155917   -0.255800   -0.713723    0.000002
-----------------------------------------------------------------------------------------------------------------------------

  FINAL CASPT2 RESULT:

      Reference energy:        -262.3175834948
      E2 (Non-variational):      -0.7137230602
      Shift correction:          -0.0010346977
      E2 (Variational):          -0.7147577579
      Total energy:            -263.0323412527
      Residual norm:              0.0000003096
      Reference weight:           0.79625

      Contributions to the CASPT2 correlation energy
      Active & Virtual Only:         -0.0852155638
      One Inactive Excited:          -0.3158202202
      Two Inactive Excited:          -0.3126872762


++ Denominators, etc.
--------------------------------------------------------------------------------------------------------------
 Report on small energy denominators, large coefficients, and large energy contributions.
CASE  SYMM ACTIVE-MIX  NON-ACTIVE INDICES          DENOMINATOR     RHS VALUE       COEFFICIENT     CONTRIBUTION
VJTU     1  Mu1.0001  In1.010                       0.19211861      0.00000001     -0.00000002     -0.00000000
VJTU     1  Mu1.0001  In1.011                       0.18646258     -0.00000014      0.00000059     -0.00000000
VJTU     1  Mu1.0001  In1.012                       0.00442115      0.01679005     -0.00735329     -0.00012346
VJTU     1  Mu1.0002  In1.012                       0.24589910      0.00000001     -0.00000004     -0.00000000
VJTU     1  Mu1.0012  In1.012                       0.62286141      0.02442143     -0.03803212     -0.00092880
VJTU     1  Mu1.0001  In1.013                      -0.00174733      0.00000001      0.00000000      0.00000000
VJTU     1  Mu1.0002  In1.013                       0.23973062     -0.00456132      0.01024401     -0.00004673
VJTU     1  Mu1.0001  In1.014                      -0.04912288     -0.00000001     -0.00000003      0.00000000
VJTU     1  Mu1.0002  In1.014                       0.19235507     -0.00000001      0.00000005     -0.00000000
VJTU     1  Mu1.0003  In1.014                       0.25827091     -0.00000017      0.00000062     -0.00000000
VJTU     1  Mu1.0001  In1.015                      -0.10839064     -0.01006235     -0.04984744      0.00050158
VJTU     1  Mu1.0002  In1.015                       0.13308731      0.00000001     -0.00000003     -0.00000000
VJTU     1  Mu1.0003  In1.015                       0.19900315      0.00000005     -0.00000022     -0.00000000
VJTU     1  Mu1.0012  In1.015                       0.51004962     -0.01724757      0.03253158     -0.00056109
VJTU     1  Mu1.0001  In1.016                      -0.16505238      0.00000003      0.00000014      0.00000000
VJTU     1  Mu1.0002  In1.016                       0.07642558     -0.00000004      0.00000018     -0.00000000
VJTU     1  Mu1.0003  In1.016                       0.14234142      0.00000061     -0.00000316     -0.00000000
VJTU     1  Mu1.0004  In1.016                       0.27212846      0.00000001     -0.00000004     -0.00000000
VJTU     1  Mu1.0005  In1.016                       0.28970874      0.00080507     -0.00271170     -0.00000218
VJTU     1  Mu1.0006  In1.016                       0.29620393     -0.00227801      0.00720010     -0.00001640
VJTU     1  Mu1.0007  In1.016                       0.29930333      0.00001419     -0.00004477     -0.00000000
ATVX     1  Mu1.0001  Se1.027                       0.11090561     -0.00000076      0.00000358     -0.00000000
ATVX     1  Mu1.0002  Se1.027                       0.15201286     -0.00012693      0.00058191     -0.00000007
ATVX     1  Mu1.0003  Se1.027                       0.21385148      0.00000063     -0.00000208     -0.00000000
ATVX     1  Mu1.0004  Se1.027                       0.28550578      0.00000000     -0.00000001     -0.00000000
ATVX     1  Mu1.0001  Se1.028                       0.12477214      0.00000000     -0.00000000     -0.00000000
ATVX     1  Mu1.0002  Se1.028                       0.16587939      0.00000000     -0.00000000     -0.00000000
ATVX     1  Mu1.0003  Se1.028                       0.22771801     -0.00000000      0.00000000     -0.00000000
ATVX     1  Mu1.0004  Se1.028                       0.29937231     -0.00000009      0.00000028     -0.00000000
ATVX     1  Mu1.0001  Se1.029                       0.14965028      0.00000024     -0.00000117     -0.00000000
ATVX     1  Mu1.0002  Se1.029                       0.19075753      0.00000001     -0.00000003     -0.00000000
ATVX     1  Mu1.0003  Se1.029                       0.25259615     -0.00000016      0.00000053     -0.00000000
ATVX     1  Mu1.0001  Se1.030                       0.15319124      0.00000016     -0.00000074     -0.00000000
ATVX     1  Mu1.0002  Se1.030                       0.19429849      0.00000000     -0.00000001     -0.00000000
ATVX     1  Mu1.0003  Se1.030                       0.25613711      0.00000000     -0.00000001     -0.00000000
ATVX     1  Mu1.0001  Se1.031                       0.19410693     -0.00000006      0.00000024     -0.00000000
ATVX     1  Mu1.0002  Se1.031                       0.23521418     -0.00000000      0.00000000     -0.00000000
ATVX     1  Mu1.0003  Se1.031                       0.29705280     -0.00000004      0.00000013     -0.00000000
ATVX     1  Mu1.0001  Se1.032                       0.29242148     -0.00000072      0.00000228     -0.00000000
ATVX     1  Mu1.0003  Se1.038                       0.61003670     -0.01768023      0.02812746     -0.00049730
ATVX     1  Mu1.0001  Se1.052                       0.90557399      0.04176268     -0.04592520     -0.00191796
ATVX     1  Mu1.0001  Se1.053                       0.92828310     -0.02887561      0.03082460     -0.00089008
AIVX     1  Mu1.0011  In1.014 Se1.031               1.12262526     -0.02755770      0.02500208     -0.00068900
AIVX     1  Mu1.0011  In1.016 Se1.032               1.10501030     -0.04084981      0.03693503     -0.00150879
AIVX     1  Mu1.0011  In1.012 Se1.033               1.30161339      0.03623502     -0.02783721     -0.00100868
AIVX     1  Mu1.0011  In1.015 Se1.033               1.18880160     -0.03118497      0.02628643     -0.00081974
AIVX     1  Mu1.0011  In1.012 Se1.035               1.44072115      0.04341370     -0.03018177     -0.00131030
--

   (Skipping property calculation,
    use PROP keyword to activate)
--

  Total CASPT2 energies:

  State-specific CASPT2 energies obtained using
  rotated states do not have a well-defined physical
  meaning, however they can be extracted from the
  diagonal of the effective Hamiltonian.

++ Multi-State CASPT2 section:
********************************************************************************
  MULTI-STATE CASPT2 SECTION
--------------------------------------------------------------------------------

  Output diagonal energies have been shifted. Add   -263.00000000000000     

  Effective Hamiltonian matrix (Symmetric):

                1               2               3               4               5
   1        -0.19582021
   2         0.00000439     -0.16926128
   3        -0.00000065      0.00000002     -0.13690328
   4         0.00000506     -0.00000092     -0.00000017     -0.11394160
   5        -0.00000000      0.00000007      0.00000227     -0.00000022     -0.02951476
   6         0.00000008     -0.00000000     -0.00000081      0.00000003     -0.00260517
   7         0.00000032     -0.00000008     -0.00762598     -0.00000002      0.00000027
   8         0.00000005     -0.00000003     -0.00000001     -0.00000002      0.00000200

                6               7               8
   6        -0.06221315
   7         0.00000079     -0.02598867
   8        -0.00000749      0.00000001     -0.03234126

       Total XMS-CASPT2 energies:
::    XMS-CASPT2 Root  1     Total energy:   -263.19582021
::    XMS-CASPT2 Root  2     Total energy:   -263.16926128
::    XMS-CASPT2 Root  3     Total energy:   -263.13742515
::    XMS-CASPT2 Root  4     Total energy:   -263.11394160
::    XMS-CASPT2 Root  5     Total energy:   -263.06241942
::    XMS-CASPT2 Root  6     Total energy:   -263.03234126
::    XMS-CASPT2 Root  7     Total energy:   -263.02930850
::    XMS-CASPT2 Root  8     Total energy:   -263.02546680

       Eigenvectors:
            0.99999998      0.00016537     -0.00001069      0.00006185      0.00000057
           -0.00016537      0.99999999      0.00000031     -0.00001670      0.00000001
            0.00001081     -0.00000034      0.99766663     -0.00000721     -0.00000607
           -0.00006186      0.00001669      0.00000723      1.00000000      0.00000017
           -0.00000001     -0.00000051     -0.00002091      0.00000265      0.07892629
           -0.00000057      0.00000003      0.00000933     -0.00000038      0.99688042
           -0.00000137      0.00000053      0.06827372     -0.00000042     -0.00002335
           -0.00000033      0.00000021      0.00000009      0.00000029      0.00024290

            0.00000033     -0.00000004      0.00000210
           -0.00000021      0.00000051     -0.00000055
           -0.00000001      0.00002236     -0.06827372
           -0.00000029     -0.00000267     -0.00000007
           -0.00087007      0.99688007      0.00001399
           -0.00017477     -0.07892647      0.00002185
           -0.00000152     -0.00001072      0.99766663
            0.99999961      0.00085356      0.00000153

       In terms of the input states:
            0.99999989     -0.00047910     -0.00000384      0.00000886      0.00000017
            0.00047910      0.99999989      0.00000062     -0.00000275     -0.00000000
            0.00000384     -0.00000062      0.99996222      0.00001514     -0.00000077
           -0.00000886      0.00000276     -0.00001513      1.00000000      0.00000003
           -0.00000005     -0.00000009     -0.00000295      0.00000112      0.16232290
           -0.00000016      0.00000002      0.00000074     -0.00000022      0.98673758
           -0.00000009      0.00000003     -0.00869275      0.00000013     -0.00006047
           -0.00000004      0.00000019      0.00000016      0.00000041     -0.00047815

            0.00000004      0.00000003      0.00000005
           -0.00000019      0.00000009     -0.00000003
           -0.00000006      0.00000306      0.00869275
           -0.00000041     -0.00000114     -0.00000026
           -0.00090257      0.98673728      0.00000615
            0.00063305     -0.16232237      0.00006027
            0.00001096      0.00000369      0.99996222
            0.99999939      0.00099336     -0.00001100

--

  THE ORIGINAL CI ARRAYS ARE NOW MIXED AS LINEAR
  COMBINATIONS, GIVEN BY THE EIGENVECTORS.
  A NEW JOBIPH FILE NAMED 'JOBMIX' IS PREPARED.
********************************************************************************

++ Mixed CI coefficients:
  The CI coefficients for the MIXED state nr.   1
--------------------------------------------------------------------------------
 CI COEFFICIENTS LARGER THAN  5.00E-02
  Occupation of active orbitals, and spin coupling
  of open shells. (u,d: Spin up or down).
  SGUGA info is (Midvert:IsyUp:UpperWalk/LowerWalk)
        Conf  SGUGA info        Occupation     Coefficient         Weight
           2  ( 1:1:   1/   2)   222u200000       0.905530       0.819985
          45  ( 2:1:   5/   8)   2u2d20000u      -0.063016       0.003971
          56  ( 2:1:   1/  11)   2ud22u0000      -0.157680       0.024863
          68  ( 2:1:   3/  13)   2022200u00       0.056209       0.003159
          92  ( 3:1:   2/   3)   2u22u0d000      -0.095884       0.009194
         116  ( 3:1:   1/   8)   2uu22d0000      -0.149118       0.022236
         131  ( 4:1:   1/   1)   222u020000      -0.069920       0.004889
         134  ( 4:1:   4/   1)   222u002000      -0.134686       0.018140
         257  ( 4:1:   2/   6)   22ududu000       0.059450       0.003534
         483  ( 4:1:   3/  15)   22uudud000      -0.101054       0.010212
         541  ( 4:1:  11/  17)   u22ud0d0u0      -0.051953       0.002699
         544  ( 4:1:  14/  17)   u22ud0u0d0      -0.069338       0.004808
         706  ( 4:1:   1/  24)   220u220000       0.105160       0.011059
         768  ( 4:1:  13/  26)   u2du2u00d0       0.085679       0.007341
         831  ( 4:1:   1/  29)   022u220000       0.050909       0.002592
        3131  ( 6:1:   1/   1)   22uuudd000      -0.084801       0.007191

  The CI coefficients for the MIXED state nr.   2
--------------------------------------------------------------------------------
 CI COEFFICIENTS LARGER THAN  5.00E-02
  Occupation of active orbitals, and spin coupling
  of open shells. (u,d: Spin up or down).
  SGUGA info is (Midvert:IsyUp:UpperWalk/LowerWalk)
        Conf  SGUGA info        Occupation     Coefficient         Weight
           1  ( 1:1:   1/   1)   2222u00000      -0.932681       0.869893
          19  ( 2:1:   4/   3)   22u2d000u0       0.122018       0.014888
          26  ( 2:1:   1/   5)   u222du0000       0.155588       0.024208
          62  ( 2:1:   2/  12)   u2d220u000      -0.088324       0.007801
         158  ( 4:1:   3/   2)   22u20ud000       0.078915       0.006228
         331  ( 4:1:   1/   9)   2202u20000      -0.126778       0.016073
         390  ( 4:1:  10/  11)   u2d2ud00u0      -0.051570       0.002659
         393  ( 4:1:  13/  11)   u2d2uu00d0      -0.090257       0.008146
         456  ( 4:1:   1/  14)   0222u20000      -0.058949       0.003475

  The CI coefficients for the MIXED state nr.   3
--------------------------------------------------------------------------------
 CI COEFFICIENTS LARGER THAN  5.00E-02
  Occupation of active orbitals, and spin coupling
  of open shells. (u,d: Spin up or down).
  SGUGA info is (Midvert:IsyUp:UpperWalk/LowerWalk)
        Conf  SGUGA info        Occupation     Coefficient         Weight
           4  ( 1:1:   1/   4)   2u22200000       0.878674       0.772069
          35  ( 2:1:   5/   6)   222020000u      -0.058752       0.003452
          36  ( 2:1:   1/   7)   22ud2u0000      -0.232417       0.054018
          43  ( 2:1:   3/   8)   2u2d200u00       0.060706       0.003685
          59  ( 2:1:   4/  11)   2ud22000u0       0.062020       0.003846
          82  ( 3:1:   2/   1)   222uu0d000      -0.127408       0.016233
         101  ( 3:1:   1/   5)   22uu2d0000       0.185015       0.034231
         181  ( 4:1:   1/   3)   2u22020000      -0.077059       0.005938
         184  ( 4:1:   4/   3)   2u22002000      -0.125686       0.015797
         357  ( 4:1:   2/  10)   2ud2udu000       0.050870       0.002588
         558  ( 4:1:   3/  18)   2uu2dud000       0.093928       0.008822
         616  ( 4:1:  11/  20)   uu22d0d0u0      -0.050077       0.002508
         619  ( 4:1:  14/  20)   uu22d0u0d0      -0.067116       0.004505
         931  ( 4:1:   1/  33)   2u02220000      -0.087663       0.007685
        1068  ( 4:1:  13/  38)   uud22u00d0       0.060851       0.003703
        3161  ( 6:1:   1/   4)   2uu2udd000       0.073883       0.005459

  The CI coefficients for the MIXED state nr.   4
--------------------------------------------------------------------------------
 CI COEFFICIENTS LARGER THAN  5.00E-02
  Occupation of active orbitals, and spin coupling
  of open shells. (u,d: Spin up or down).
  SGUGA info is (Midvert:IsyUp:UpperWalk/LowerWalk)
        Conf  SGUGA info        Occupation     Coefficient         Weight
           3  ( 1:1:   1/   3)   22u2200000       0.927099       0.859512
           9  ( 2:1:   4/   1)   22220000u0      -0.088486       0.007830
          27  ( 2:1:   2/   5)   u222d0u000       0.125101       0.015650
          41  ( 2:1:   1/   8)   2u2d2u0000      -0.061776       0.003816
          61  ( 2:1:   1/  12)   u2d22u0000       0.123803       0.015327
          97  ( 3:1:   2/   4)   u222u0d000       0.069877       0.004883
         121  ( 3:1:   1/   9)   u2u22d0000       0.100631       0.010127
         156  ( 4:1:   1/   2)   22u2020000      -0.083592       0.006988
         159  ( 4:1:   4/   2)   22u2002000      -0.123340       0.015213
         332  ( 4:1:   2/   9)   2202udu000       0.076929       0.005918
         594  ( 4:1:  14/  19)   u2u2d0u0d0      -0.076360       0.005831
        1031  ( 4:1:   1/  37)   02u2220000       0.068586       0.004704

  The CI coefficients for the MIXED state nr.   5
--------------------------------------------------------------------------------
 CI COEFFICIENTS LARGER THAN  5.00E-02
  Occupation of active orbitals, and spin coupling
  of open shells. (u,d: Spin up or down).
  SGUGA info is (Midvert:IsyUp:UpperWalk/LowerWalk)
        Conf  SGUGA info        Occupation     Coefficient         Weight
           5  ( 1:1:   1/   5)   u222200000      -0.053776       0.002892
          31  ( 2:1:   1/   6)   22202u0000      -0.799647       0.639436
          44  ( 2:1:   4/   8)   2u2d2000u0       0.056104       0.003148
          66  ( 2:1:   1/  13)   20222u0000       0.480557       0.230935
         109  ( 3:1:   4/   6)   2u2u2000d0       0.074625       0.005569
         241  ( 4:1:  11/   5)   2220u0d0u0       0.065613       0.004305
         244  ( 4:1:  14/   5)   2220u0u0d0       0.055603       0.003092
         416  ( 4:1:  11/  12)   2022u0d0u0      -0.051638       0.002666
         640  ( 4:1:  10/  21)   22u02d00u0      -0.097574       0.009521
         731  ( 4:1:   1/  25)   2udu220000      -0.114649       0.013144
         787  ( 4:1:   7/  27)   202u2u0d00       0.062706       0.003932
         990  ( 4:1:  10/  35)   20u22d00u0      -0.082985       0.006887
        1132  ( 5:1:   2/   1)   22200u2000      -0.112852       0.012736
        1412  ( 5:1:   2/   8)   20220u2000       0.071213       0.005071
        1625  ( 5:1:  15/  13)   u220duu0d0      -0.070037       0.004905
        3531  ( 7:1:   1/   7)   22u0u2d000       0.069852       0.004879

  The CI coefficients for the MIXED state nr.   6
--------------------------------------------------------------------------------
 CI COEFFICIENTS LARGER THAN  5.00E-02
  Occupation of active orbitals, and spin coupling
  of open shells. (u,d: Spin up or down).
  SGUGA info is (Midvert:IsyUp:UpperWalk/LowerWalk)
        Conf  SGUGA info        Occupation     Coefficient         Weight
          11  ( 2:1:   1/   2)   222udu0000      -0.862952       0.744686
          24  ( 2:1:   4/   4)   2u22d000u0       0.148176       0.021956
          37  ( 2:1:   2/   7)   22ud20u000       0.051642       0.002667
         102  ( 3:1:   2/   5)   22uu20d000       0.257841       0.066482
         141  ( 4:1:  11/   1)   222u00d0u0       0.078825       0.006213
         182  ( 4:1:   2/   3)   2u220du000      -0.071325       0.005087
         183  ( 4:1:   3/   3)   2u220ud000       0.055132       0.003040
         265  ( 4:1:  10/   6)   22udud00u0      -0.071961       0.005178
         356  ( 4:1:   1/  10)   2ud2u20000      -0.093925       0.008822
         493  ( 4:1:  13/  15)   22uudu00d0      -0.126397       0.015976
         526  ( 4:1:  21/  16)   2u2udu000d       0.057222       0.003274
         531  ( 4:1:   1/  17)   u22ud20000      -0.112501       0.012656
         534  ( 4:1:   4/  17)   u22ud02000       0.084441       0.007130
         556  ( 4:1:   1/  18)   2uu2d20000       0.120035       0.014408
         758  ( 4:1:   3/  26)   u2du2ud000       0.123999       0.015376
         883  ( 4:1:   3/  31)   u2ud2ud000      -0.071124       0.005059
        1668  ( 5:1:  18/  14)   220udu0020      -0.050629       0.002563
        1739  ( 5:1:   9/  16)   u2dud200u0      -0.055257       0.003053
        1852  ( 5:1:   2/  19)   022udu2000      -0.055825       0.003116

  The CI coefficients for the MIXED state nr.   7
--------------------------------------------------------------------------------
 CI COEFFICIENTS LARGER THAN  5.00E-02
  Occupation of active orbitals, and spin coupling
  of open shells. (u,d: Spin up or down).
  SGUGA info is (Midvert:IsyUp:UpperWalk/LowerWalk)
        Conf  SGUGA info        Occupation     Coefficient         Weight
           5  ( 1:1:   1/   5)   u222200000      -0.762413       0.581273
           6  ( 2:1:   1/   1)   22220u0000       0.410467       0.168483
          17  ( 2:1:   2/   3)   22u2d0u000      -0.287036       0.082390
          51  ( 2:1:   1/  10)   22022u0000      -0.229352       0.052602
          66  ( 2:1:   1/  13)   20222u0000      -0.051734       0.002676
          87  ( 3:1:   2/   2)   22u2u0d000      -0.080319       0.006451
         168  ( 4:1:  13/   2)   22u20u00d0       0.115509       0.013342
         206  ( 4:1:   1/   4)   u222020000       0.111324       0.012393
         209  ( 4:1:   4/   4)   u222002000       0.070818       0.005015
         383  ( 4:1:   3/  11)   u2d2uud000      -0.071318       0.005086
         469  ( 4:1:  14/  14)   0222u0u0d0      -0.051813       0.002685
         582  ( 4:1:   2/  19)   u2u2ddu000      -0.052464       0.002752
         956  ( 4:1:   1/  34)   u202220000       0.084363       0.007117
         959  ( 4:1:   4/  34)   u202202000       0.051829       0.002686
        1043  ( 4:1:  13/  37)   02u22u00d0       0.069304       0.004803
        3171  ( 6:1:   1/   5)   u2u2udd000      -0.083129       0.006910

  The CI coefficients for the MIXED state nr.   8
--------------------------------------------------------------------------------
 CI COEFFICIENTS LARGER THAN  5.00E-02
  Occupation of active orbitals, and spin coupling
  of open shells. (u,d: Spin up or down).
  SGUGA info is (Midvert:IsyUp:UpperWalk/LowerWalk)
        Conf  SGUGA info        Occupation     Coefficient         Weight
           4  ( 1:1:   1/   4)   2u22200000      -0.051527       0.002655
          12  ( 2:1:   2/   2)   222ud0u000       0.750250       0.562874
          36  ( 2:1:   1/   7)   22ud2u0000      -0.213771       0.045698
          49  ( 2:1:   4/   9)   u22d2000u0      -0.119496       0.014279
          71  ( 2:1:   1/  14)   ud222u0000      -0.062025       0.003847
          82  ( 3:1:   2/   1)   222uu0d000      -0.424570       0.180260
         101  ( 3:1:   1/   5)   22uu2d0000      -0.151726       0.023021
         114  ( 3:1:   4/   7)   u22u2000d0      -0.073838       0.005452
         269  ( 4:1:  14/   6)   22udu0u0d0      -0.091878       0.008442
         302  ( 4:1:  22/   7)   2u2du0u00d       0.065125       0.004241
         307  ( 4:1:   2/   8)   u22dudu000      -0.127659       0.016297
         308  ( 4:1:   3/   8)   u22duud000      -0.061076       0.003730
         357  ( 4:1:   2/  10)   2ud2udu000       0.084454       0.007133
         358  ( 4:1:   3/  10)   2ud2uud000       0.079296       0.006288
         413  ( 4:1:   8/  12)   2022u0ud00      -0.055809       0.003115
         491  ( 4:1:  11/  15)   22uud0d0u0      -0.095047       0.009034
         533  ( 4:1:   3/  17)   u22udud000      -0.092277       0.008515
         557  ( 4:1:   2/  18)   2uu2ddu000      -0.129327       0.016725
        1172  ( 5:1:   2/   2)   22ud0u2000      -0.059977       0.003597
        1651  ( 5:1:   1/  14)   220ud2u000      -0.087988       0.007742
        1745  ( 5:1:  15/  16)   u2duduu0d0      -0.083891       0.007038
        1851  ( 5:1:   1/  19)   022ud2u000      -0.062598       0.003919
        3161  ( 6:1:   1/   4)   2uu2udd000      -0.057937       0.003357

--

--- Stop Module: caspt2 at Wed Sep 23 21:05:14 2026 /rc=_RC_ALL_IS_WELL_ ---
*** files: xmldump
    saved to directory /home/adrian/projects/Kallen/runs/pyrazine
--- Module caspt2 spent 4 minutes 46 seconds ---

*** symbolic link created: INPORB -> pyrazine_dyson.RasOrb
--- Start Module: rassi at Wed Sep 23 21:05:14 2026 ---

()()()()()()()()()()()()()()()()()()()()()()()()()()()()()()()()()()()()()()()()()()()()()()()()()()

                                               &RASSI

                                   only a single process is used
                       available to each process: 2.0 GB of memory, 1 thread?
                                            pid: 2774012
()()()()()()()()()()()()()()()()()()()()()()()()()()()()()()()()()()()()()()()()()()()()()()()()()()


      ********************************************************************************
      *                                                                              *
      *                             General data section                             *
      *                                                                              *
      ********************************************************************************

   Specific data for JOBIPH file JOB001
   -------------------------------------

   Header from SEWARD:
                                                                               
        Integrals generated by Gateway/Seward, Wed Sep 23 20:58:10 2026        

   CASSCF title (first line only):
       pyrazine neutral CAS(10,10)                                             

  STATE IRREP:                1
  SPIN MULTIPLICITY:          1
  ACTIVE ELECTRONS:          10
  MAX RAS1 HOLES:             0
  MAX RAS3 ELECTRONS:         0
  NR OF CONFIG:           19404

   Specific data for JOBIPH file JOB002
   -------------------------------------

   Header from SEWARD:
                                                                               
        Integrals generated by Gateway/Seward, Wed Sep 23 20:58:10 2026        

   CASSCF title (first line only):
       pyrazine cation CAS(9,10), 8 roots                                      

  STATE IRREP:                1
  SPIN MULTIPLICITY:          2
  ACTIVE ELECTRONS:           9
  MAX RAS1 HOLES:             0
  MAX RAS3 ELECTRONS:         0
  NR OF CONFIG:           27720

   The following data are common to all the states:
   ------------------------------------------------
   (note: frozen counts as inactive, deleted as secondary)

      Nr of irreps: 1

                 Total     No./Irrep 
      Irrep                  1
                             a

      INACTIVE      16      16
      ACTIVE        10      10
      SECONDARY     78      78
      BASIS        104     104

      RAS1           0       0
      RAS2          10      10
      RAS3           0       0

        MATRIX ELEMENTS WILL BE COMPUTED FOR THE FOLLOWING ONE-ELECTRON OPERATORS, UNLESS ZERO BY SYMMETRY.
   (Herm=Hermitian, Anti=Antihermitian, Sing=Singlet operator, Trip=Triplet operator)
     MLTPL  0   1 (HERMSING)     MLTPL  1   1 (HERMSING)     MLTPL  1   2 (HERMSING)
     MLTPL  1   3 (HERMSING)     MLTPL  2   1 (HERMSING)     MLTPL  2   2 (HERMSING)
     MLTPL  2   3 (HERMSING)     MLTPL  2   4 (HERMSING)     MLTPL  2   5 (HERMSING)
     MLTPL  2   6 (HERMSING)     VELOCITY   1 (ANTISING)     VELOCITY   2 (ANTISING)
     VELOCITY   3 (ANTISING)     ANGMOM     1 (ANTISING)     ANGMOM     2 (ANTISING)
     ANGMOM     3 (ANTISING)     MLTPV  2   1 (ANTISING)     MLTPV  2   2 (ANTISING)
     MLTPV  2   3 (ANTISING)     MLTPV  2   4 (ANTISING)     MLTPV  2   5 (ANTISING)
     MLTPV  2   6 (ANTISING)

       EIGENSTATES OF A SPIN-FREE HAMILTONIAN WILL BE COMPUTED BASED ON:

  A Hamiltonian matrix computed by RASSI.

  Nr of states:                    9

   State:        1   2   3   4   5   6   7   8   9
  JobIph:        1   2   2   2   2   2   2   2   2
 Root nr:        1   1   2   3   4   5   6   7   8

  HAMILTONIAN MATRIX FOR THE ORIGINAL STATES:

  Diagonal, with energies
   -262.82545762   -262.48263773   -262.47755796   -262.42782417   -262.42074420
   -262.34240622   -262.32391388   -262.31848917   -262.31758349

      OVERLAP MATRIX FOR THE ORIGINAL STATES:

  Diagonal, with elements
      1.00000000      1.00000000      1.00000000      1.00000000      1.00000000
      1.00000000      1.00000000      1.00000000      1.00000000

::    RASSI State    1     Total energy:    -262.82545761529309
::    RASSI State    2     Total energy:    -262.48263772514724
::    RASSI State    3     Total energy:    -262.47755795613199
::    RASSI State    4     Total energy:    -262.42782417208542
::    RASSI State    5     Total energy:    -262.42074419728345
::    RASSI State    6     Total energy:    -262.34240621780179
::    RASSI State    7     Total energy:    -262.32391387813419
::    RASSI State    8     Total energy:    -262.31848916616309
::    RASSI State    9     Total energy:    -262.31758349478940



      ****************************************************************************************************
      *                                                                                                  *
      *                                         Spin-free section                                        *
      *                                                                                                  *
      *                 Note: index according to input order, order according to energy.                 *
      *                                                                                                  *
      ****************************************************************************************************



  SPIN-FREE ENERGIES:
  (Shifted by EMIN (a.u.) =       -262.8254576153)

 SF State       Relative EMIN(au)   Rel lowest level(eV)    D:o, cm**(-1)

     1             0.0000000000        0.0000000000              0.0000
     2             0.3428198901        9.3286044436          75240.2690
     3             0.3478996592        9.4668320003          76355.1494
     4             0.3976334432       10.8201572074          87270.4534
     5             0.4047134180       11.0128131364          88824.3282
     6             0.4830513975       13.1444981538         106017.5274
     7             0.5015437372       13.6477003511         110076.1268
     8             0.5069684491       13.7953142838         111266.7135
     9             0.5078741205       13.8199588574         111465.4854

++ Dipole transition strengths (spin-free states):
   -----------------------------------------------
     for osc. strength at least  1.00000000E-05

      From   To        Osc. strength     Einstein coefficients Ax, Ay, Az (sec-1)    Total A (sec-1)
     -----------------------------------------------------------------------------------------------
         2    4       8.17630443E-02  2.49333680E+03  7.87925646E+06  1.12818702E+04  7.89303167E+06
         2    6       8.14791778E-04  1.17320739E+02  7.26639608E+02  5.13968116E+05  5.14812076E+05
         2    7       3.55254646E-03  3.30721867E+02  4.08703543E+03  2.87122552E+06  2.87564328E+06
         2    9       2.94393737E-02  2.57567963E+07  8.55207611E+03  3.36706317E+03  2.57687154E+07
         3    6       2.55603701E-02  1.49940676E+07  4.98057560E+03  1.98921197E+03  1.50010374E+07
         3    7       2.01607421E-04  1.52843669E+05  5.07696154E+01  2.01946111E+01  1.52914634E+05
         3    9       3.58109931E-03  5.22521391E+02  4.15466651E+03  2.93993809E+06  2.94461528E+06
         4    5       1.12439122E-04  2.66343504E-02  2.52479412E-01  1.80809754E+02  1.81088868E+02
         5    6       1.89506240E-02  1.18045189E+03  3.73009702E+06  5.34420520E+03  3.73662167E+06
         5    7       4.50417808E-05  4.28533785E+00  1.35451044E+04  1.96515185E+01  1.35690412E+04
         5    8       3.82873199E-04  1.75733557E+01  1.83062688E+02  1.28427276E+05  1.28627912E+05
     -----------------------------------------------------------------------------------------------
--

++ Velocity transition strengths (spin-free states):
   -------------------------------------------------
     for osc. strength at least  1.00000000E-05

      From   To        Osc. strength     Einstein coefficients Ax, Ay, Az (sec-1)    Total A (sec-1)
     -----------------------------------------------------------------------------------------------
         2    4       1.51237302E-02  4.61200051E+02  1.45742944E+06  2.08535080E+03  1.45997599E+06
         2    6       2.79507381E-05  7.66107912E-04  2.53330147E+01  1.76348561E+04  1.76601899E+04
         2    7       7.03340846E-03  7.36269411E+02  8.07646977E+03  5.68444814E+06  5.69326087E+06
         2    9       1.83600086E-02  1.60633540E+07  5.33335164E+03  2.09741450E+03  1.60707847E+07
         3    6       1.47816327E-02  8.67114162E+06  2.87862452E+03  1.12113903E+03  8.67514139E+06
         3    7       3.21794528E-04  2.43959147E+05  8.11327569E+01  3.35347327E+01  2.44073815E+05
         3    9       5.86216331E-03  7.91853229E+02  6.81221815E+03  4.81265198E+06  4.82025605E+06
         4    5       3.10252433E-02  7.33992342E+00  7.08577405E+01  4.98895189E+04  4.99677165E+04
         5    6       1.08410225E-02  6.75184079E+02  2.13386536E+06  3.05660489E+03  2.13759715E+06
         5    7       7.19506342E-05  6.84226073E+00  2.16364497E+04  3.21637327E+01  2.16754557E+04
         5    8       2.96348031E-03  1.43151301E+02  1.41226451E+03  9.94038651E+05  9.95594067E+05
     -----------------------------------------------------------------------------------------------
--

++ Length and velocity gauge comparison (spin-free states):
   --------------------------------------------------------

 --------------------------------------------------
 A comparison between the dipole oscillator strengths in 
 length and velocity gauge will be performed

     All dipole oscillator differences above the tolerance of   1.00000000E-01  will be printed 

 Due to basis set deficiency these oscillator may be problematic 

 The tolerance is defined as ABS(1-O_l/O_v) 
 O_l : dipole oscillator strength in length gauge
 O_p : dipole oscillator strength in velocity gauge
 --------------------------------------------------

  Problematic transitions have been found

      From   To       Difference (%) Osc. st. (len.) Osc. st. (vel.)
     ---------------------------------------------------------------
         2    4           440.627498  8.17630443E-02  1.51237302E-02
         2    6          2815.099324  8.14791778E-04  2.79507381E-05
         2    7            49.490400  3.55254646E-03  7.03340846E-03
         2    9            60.345097  2.94393737E-02  1.83600086E-02
         3    6            72.919803  2.55603701E-02  1.47816327E-02
         3    7            37.349021  2.01607421E-04  3.21794528E-04
         3    9            38.911642  3.58109931E-03  5.86216331E-03
         4    5            99.637588  1.12439122E-04  3.10252433E-02
         5    6            74.804765  1.89506240E-02  1.08410225E-02
         5    7            37.399050  4.50417808E-05  7.19506342E-05
         5    8            87.080285  3.82873199E-04  2.96348031E-03
     ---------------------------------------------------------------

 Number of problematic transitions =                    11

--

 Electric-dipole - electric-octupole not included
 Electric-dipole - magnetic-quadrupole not included

++ Dyson amplitudes Biorth. corrected(spin-free states):
   -----------------------------------------------
     for Dyson intensities at least  1.00000000E-05

        From      To        BE (eV)           Dyson intensity    
     -----------------------------------------------------------------------------------------------
           1       2          9.329           8.73187E-01
           1       3          9.467           8.88006E-01
           1       4         10.820           8.06536E-01
           1       5         11.013           8.49361E-01
           1       6         13.144           5.87288E-01
           1       7         13.648           4.80054E-03
           1       8         13.795           2.87031E-03
--



      ****************************************************************************************************
      *                                                                                                  *
      *                                    Special properties section                                    *
      *                                                                                                  *
      ****************************************************************************************************


++ I/O STATISTICS
 
  I. General I/O information
  - - - - - - - - - - - - - - - - - - - - - - - - - - - - - - - - - - - - - - - - - - -
  Unit  Name          Flsize      Write/Read            MBytes           Write/Read
                      (MBytes)       Calls              In/Out           Time, sec.
  - - - - - - - - - - - - - - - - - - - - - - - - - - - - - - - - - - - - - - - - - - -
   1  RUNFILE           0.69 .     266/    4482 .      1.9/     32.4 .       0/       0
   2  ANNI              0.00 .       0/       0 .      0.0/      0.0 .       0/       0
   3  ONEINT            2.61 .       0/    6691 .      0.0/   2306.8 .       0/       0
   4  JOB001            1.68 .       0/      39 .      0.0/      1.8 .       0/       0
   5  JOB002            4.57 .       0/      81 .      0.0/      6.4 .       0/       0
   6  ORDINT          240.03 .       2/    2658 .      0.1/    664.1 .       0/       0
  - - - - - - - - - - - - - - - - - - - - - - - - - - - - - - - - - - - - - - - - - - -
   *  TOTAL           249.59 .     268/   13951 .      1.9/   3011.4 .       0/       0
  - - - - - - - - - - - - - - - - - - - - - - - - - - - - - - - - - - - - - - - - - - -
 
  II. I/O Access Patterns
  - - - - - - - - - - - - - - - - - - - -
  Unit  Name               % of random
                         Write/Read calls
  - - - - - - - - - - - - - - - - - - - -
   1  RUNFILE             28.6/  11.3
   2  ANNI                 0.0/   0.0
   3  ONEINT               0.0/  36.9
   4  JOB001               0.0/  82.1
   5  JOB002               0.0/  65.4
   6  ORDINT             100.0/   0.2
  - - - - - - - - - - - - - - - - - - - -
--
--- Stop Module: rassi at Wed Sep 23 21:05:33 2026 /rc=_RC_ALL_IS_WELL_ ---
*** files: pyrazine_dyson.DysOrb.SF.1 pyrazine_dyson.dys.molden.SF.1 pyrazine_dyson.rassi.h5 xmldump
    saved to directory /home/adrian/projects/Kallen/runs/pyrazine
--- Module rassi spent 18 seconds ---

.##################.
.# Happy landing! #.
.##################.

    Timing: Wall=442.84 User=428.79 System=13.66
